id,deal_id,rep_id,type,outcome,notes,activity_date
082bf4c9-d6c5-44a2-9afc-dfb36c7ebb53,fd4cc325-63b1-4ab0-b41e-643a5eb9b8b2,2504e3b3-25e8-4345-bf72-c6a2d0e388f1,demo,neutral,Red different movie dog grow no three unit.,2026-05-31T16:24:13.062080
23e98331-da11-4e4f-9a83-611e4ab2c22f,fd4cc325-63b1-4ab0-b41e-643a5eb9b8b2,2504e3b3-25e8-4345-bf72-c6a2d0e388f1,email,neutral,View travel western street coach anyone citizen west real team.,2026-05-24T13:39:52.804800
aabab77e-6d34-4f30-b712-5ba58fdfa888,fd4cc325-63b1-4ab0-b41e-643a5eb9b8b2,2504e3b3-25e8-4345-bf72-c6a2d0e388f1,meeting,neutral,Six scientist after current blue couple those bring mind sit education large long degree home.,2026-06-05T07:01:50.168669
c2f2b868-ebc3-4541-9e10-f953f25cd21c,bd838865-8581-497f-8e42-89c0f66dd1b7,926747b3-0605-45e2-b8d0-fcc92bbf0bed,demo,neutral,Often as instead economic adult star phone speech significant federal radio company somebody.,2026-05-31T03:03:28.175703
804dc0d9-e748-448c-8ac7-3ab2770910a9,bd838865-8581-497f-8e42-89c0f66dd1b7,926747b3-0605-45e2-b8d0-fcc92bbf0bed,meeting,positive,Generation shake clear class state interest song too admit into western.,2026-06-25T21:57:03.568824
b1d0edf9-ee54-49e1-8699-6e266d4281c8,bd838865-8581-497f-8e42-89c0f66dd1b7,926747b3-0605-45e2-b8d0-fcc92bbf0bed,follow_up,neutral,Hotel southern lawyer financial have leg within another girl magazine administration cold leave bring deep during.,2026-05-07T22:25:13.247583
93ce7d98-ca2c-43cf-8be1-3097759d1f03,bd838865-8581-497f-8e42-89c0f66dd1b7,926747b3-0605-45e2-b8d0-fcc92bbf0bed,follow_up,no_response,City minute meeting son off trouble traditional structure this find half station rock.,2026-06-22T18:33:45.788098
0492ebee-fb7f-4b60-9cec-6126868ac700,bd838865-8581-497f-8e42-89c0f66dd1b7,926747b3-0605-45e2-b8d0-fcc92bbf0bed,call,neutral,Respond American knowledge seek fall push floor onto decide both yet save boy maintain.,2026-06-30T16:27:38.562342
22cd0f59-d351-478a-b77f-c023f8d25de1,22a76b44-4b96-499d-9a79-3e8b399c82b5,cd236f80-c9cc-43ed-96ad-09d2afa212d4,call,negative,Become thought face order talk media fire live country social.,2026-05-26T11:14:29.752667
3444e5ab-0976-4486-9c37-ed2dec3bb812,22a76b44-4b96-499d-9a79-3e8b399c82b5,cd236f80-c9cc-43ed-96ad-09d2afa212d4,call,neutral,Six statement age put their everybody mind bar several stop.,2026-04-16T20:22:58.570256
225c710c-d43c-4a9a-8c44-81f987fbbd7e,22a76b44-4b96-499d-9a79-3e8b399c82b5,cd236f80-c9cc-43ed-96ad-09d2afa212d4,demo,positive,Six book physical expect into policy factor will fire site participant operation.,2026-06-20T10:30:29.073818
514c6b09-7fc1-4bdc-845b-926c95e55a5a,22a76b44-4b96-499d-9a79-3e8b399c82b5,cd236f80-c9cc-43ed-96ad-09d2afa212d4,email,positive,Instead nearly create gun society store drive beat.,2026-06-06T11:53:29.869145
37368a5f-825c-415c-8b65-da1959239058,22a76b44-4b96-499d-9a79-3e8b399c82b5,cd236f80-c9cc-43ed-96ad-09d2afa212d4,email,positive,Control character head require current nor word local upon early agreement often mean seem necessary.,2026-05-17T02:52:13.465941
ae552716-4b86-4548-979e-a05e9a6e2cbf,22a76b44-4b96-499d-9a79-3e8b399c82b5,cd236f80-c9cc-43ed-96ad-09d2afa212d4,follow_up,positive,Finish story be friend can page really me nor.,2026-06-18T23:35:12.000288
6ec96ff2-5439-4979-947b-bc33eb65019c,22a76b44-4b96-499d-9a79-3e8b399c82b5,cd236f80-c9cc-43ed-96ad-09d2afa212d4,call,neutral,You plan have this member truth necessary.,2026-05-18T13:48:13.180774
b5ab2d0c-8526-40c6-83de-5cb6863867cf,22a76b44-4b96-499d-9a79-3e8b399c82b5,cd236f80-c9cc-43ed-96ad-09d2afa212d4,follow_up,negative,Cultural wear meeting watch determine fast camera about no including blood theory letter need quite.,2026-06-28T13:58:15.701725
df30cf6c-bc93-448d-80b0-b1f83adbfd4e,22a76b44-4b96-499d-9a79-3e8b399c82b5,cd236f80-c9cc-43ed-96ad-09d2afa212d4,demo,positive,Else staff throughout guy cup among big everyone cold box try matter hear beyond bank.,2026-05-15T15:52:19.914750
569ee6b5-b007-4902-9b36-63aba63652b3,22a76b44-4b96-499d-9a79-3e8b399c82b5,cd236f80-c9cc-43ed-96ad-09d2afa212d4,follow_up,neutral,Debate court particular decision rock car for onto above particularly cell show these away.,2026-04-16T08:27:28.810917
5166a0c6-4e54-4e9f-8854-7eb48f92462e,f099561d-7094-4c1d-b21f-6633a01b7194,28615fdd-f208-43f5-9830-15dfe9f1e754,call,neutral,Southern interesting population fill body hundred physical travel resource.,2026-06-13T04:30:57.570298
0e620ef1-7061-4660-909b-147c6544d48a,f099561d-7094-4c1d-b21f-6633a01b7194,28615fdd-f208-43f5-9830-15dfe9f1e754,meeting,neutral,Performance police agency feel itself wonder through despite.,2026-06-30T07:05:11.493423
f2b05cb3-e7b3-4e2f-a5f5-6d41ac242978,7aed05f7-d5e7-4da9-9d78-46f68a56180b,8fbc7b28-5a14-4a2b-84cd-726d9d74feba,call,neutral,Example scene can discover employee time continue fish reveal image film sign something.,2025-08-30T02:07:53.188129
03e6fba5-43bd-4d53-9135-2386f642bd63,7aed05f7-d5e7-4da9-9d78-46f68a56180b,8fbc7b28-5a14-4a2b-84cd-726d9d74feba,demo,negative,Security lose nation could enough camera area magazine ten one live leader give arrive represent.,2026-05-12T15:50:50.340914
d9517e75-b227-4717-b404-5e7be329aac7,7aed05f7-d5e7-4da9-9d78-46f68a56180b,8fbc7b28-5a14-4a2b-84cd-726d9d74feba,email,positive,Out common relate difficult lot final back themselves type new about.,2026-02-25T01:02:16.073350
48cfa709-5b52-44ae-a213-075799644b77,7aed05f7-d5e7-4da9-9d78-46f68a56180b,8fbc7b28-5a14-4a2b-84cd-726d9d74feba,call,neutral,Break factor middle last story poor who interview.,2026-06-25T13:25:44.357035
2993c3b5-1db1-453a-9aa2-8cd96b811ac7,fa02c019-815a-4b91-b646-ae0cdcb34b24,2504e3b3-25e8-4345-bf72-c6a2d0e388f1,email,negative,Leg likely name eight position buy indicate threat notice rock especially power agreement industry.,2026-01-24T18:58:37.983751
5a860629-3294-43bb-8277-5dcbbaf18cb1,fa02c019-815a-4b91-b646-ae0cdcb34b24,2504e3b3-25e8-4345-bf72-c6a2d0e388f1,meeting,negative,Mr no measure prepare stuff trouble family our fish year system notice.,2026-04-27T13:37:03.250632
30fbc402-164b-405d-85f4-7b02a8de2c01,fa02c019-815a-4b91-b646-ae0cdcb34b24,2504e3b3-25e8-4345-bf72-c6a2d0e388f1,meeting,negative,Economy article along trial two serve gas special finish.,2026-01-30T20:50:30.765137
49c1a9d8-a723-4431-adfe-4edcf8443b8d,e3842b44-b65a-4fe7-aa91-c9f4c7d5ff11,21f6019b-7c7e-480c-8cae-8b04a34eb58d,meeting,no_response,Mr before establish information newspaper lay whatever commercial impact whatever knowledge its.,2025-08-13T12:16:12.456563
46344070-2c37-4232-92cf-66ab5911fbb6,e3842b44-b65a-4fe7-aa91-c9f4c7d5ff11,21f6019b-7c7e-480c-8cae-8b04a34eb58d,demo,neutral,Its natural power reflect natural plant western drop more military add leg.,2025-12-13T18:02:22.002932
50d80fb5-bfb3-460a-b799-472d8f60a6f0,c8eb495c-df01-44e4-b704-018d65e84e13,d26cf0a9-2fe7-4c98-bb58-4a257210d63b,email,neutral,Technology present protect dinner country southern simply wife those indicate Republican number consumer military.,2026-03-31T09:47:29.300027
b31f7621-ec98-41a3-9cdb-8dd65d5889e2,c8eb495c-df01-44e4-b704-018d65e84e13,d26cf0a9-2fe7-4c98-bb58-4a257210d63b,call,negative,Necessary stay similar skill book close then when.,2026-06-24T21:51:57.774888
573be0d1-6ad2-4704-918c-393b39190f38,c8eb495c-df01-44e4-b704-018d65e84e13,d26cf0a9-2fe7-4c98-bb58-4a257210d63b,call,positive,Across executive open look service any grow candidate.,2025-12-31T22:07:19.146570
a77a3f7e-7b0c-444c-bc1a-7eb6c8390ae5,c8eb495c-df01-44e4-b704-018d65e84e13,d26cf0a9-2fe7-4c98-bb58-4a257210d63b,demo,neutral,Hand century officer source when source small tax health.,2025-12-11T01:49:09.469669
7ad62524-0a4c-4418-926d-1323237f5f84,c8eb495c-df01-44e4-b704-018d65e84e13,d26cf0a9-2fe7-4c98-bb58-4a257210d63b,demo,positive,Drive remember health social summer nothing audience medical subject program.,2026-01-20T05:13:52.640561
67ac8c25-6717-4b36-af7e-cbbc75619b43,c8eb495c-df01-44e4-b704-018d65e84e13,d26cf0a9-2fe7-4c98-bb58-4a257210d63b,call,negative,Off there hold current realize return black morning shake approach modern laugh among possible establish group.,2025-09-07T02:12:21.826103
51e91117-228b-438d-bde6-33ff037a901f,c8eb495c-df01-44e4-b704-018d65e84e13,d26cf0a9-2fe7-4c98-bb58-4a257210d63b,call,neutral,She movie rather effect stay deal front reduce design director.,2026-06-10T11:51:58.150912
f1619c25-3d05-4950-a950-e9bdf2b43fa6,c15f078d-d82e-4ab9-9b0e-fd4ae5c5df41,21f6019b-7c7e-480c-8cae-8b04a34eb58d,meeting,neutral,They question almost difficult energy late customer method away blue on soldier within heavy.,2026-06-19T09:13:42.424953
0179f958-2084-4315-b8c1-7ba5db1e08f8,c15f078d-d82e-4ab9-9b0e-fd4ae5c5df41,21f6019b-7c7e-480c-8cae-8b04a34eb58d,call,no_response,Special I debate maintain shoulder training sure at happy small model hear recognize sea number seven.,2026-03-24T16:48:17.842791
06e5f4e2-2b96-4490-ab92-ce039b6aef1b,c15f078d-d82e-4ab9-9b0e-fd4ae5c5df41,21f6019b-7c7e-480c-8cae-8b04a34eb58d,call,positive,Activity early tax room walk order also spring.,2026-05-19T22:54:06.261935
d384f146-e348-4888-93cb-d633fa245789,c15f078d-d82e-4ab9-9b0e-fd4ae5c5df41,21f6019b-7c7e-480c-8cae-8b04a34eb58d,follow_up,neutral,Reduce type treatment possible practice article skin plant fire responsibility.,2026-04-20T00:20:51.535529
da1868f1-2a63-48c3-b4e9-65f28bb5d379,c15f078d-d82e-4ab9-9b0e-fd4ae5c5df41,21f6019b-7c7e-480c-8cae-8b04a34eb58d,call,no_response,Article true chair pass energy data walk full occur why firm price whose fact plan writer.,2026-02-19T22:58:16.138640
bd3e7366-b248-4ab0-88e5-2c8c75e97f50,f3471236-59ee-466e-b068-3cfe1b37b8dd,2504e3b3-25e8-4345-bf72-c6a2d0e388f1,meeting,no_response,Artist prove blue look available law face business court card table analysis.,2026-05-12T10:28:23.488783
cbd2c4b1-3a2e-4123-abff-02fceb833a27,f3471236-59ee-466e-b068-3cfe1b37b8dd,2504e3b3-25e8-4345-bf72-c6a2d0e388f1,follow_up,negative,Next admit Congress national quickly same wife computer chair piece city authority name.,2025-10-27T13:54:50.654325
8561ada5-72ef-4541-87fb-c430a6dee832,f3471236-59ee-466e-b068-3cfe1b37b8dd,2504e3b3-25e8-4345-bf72-c6a2d0e388f1,email,no_response,Shake position bill court if rest support race move well debate before sell night study true.,2025-10-02T11:35:57.430979
4473256b-e436-427b-8cff-a29e05005e68,f3471236-59ee-466e-b068-3cfe1b37b8dd,2504e3b3-25e8-4345-bf72-c6a2d0e388f1,meeting,positive,Final spring than daughter bit glass grow itself live view hospital others country work after true.,2026-03-31T05:57:05.886544
647f7c4b-3380-43ac-9491-0333f87c32e3,f3471236-59ee-466e-b068-3cfe1b37b8dd,2504e3b3-25e8-4345-bf72-c6a2d0e388f1,email,neutral,Involve trouble indeed reflect difference rule bank feeling want get treat.,2025-09-23T12:31:26.719040
27da34b0-d505-432b-b0ff-39388b64afa8,f3471236-59ee-466e-b068-3cfe1b37b8dd,2504e3b3-25e8-4345-bf72-c6a2d0e388f1,demo,no_response,Spring perform song time enjoy result still city family society hear instead more particularly during trip.,2025-11-22T15:50:09.303921
e192e5d5-fe57-4904-a4d2-9259a4794def,f3471236-59ee-466e-b068-3cfe1b37b8dd,2504e3b3-25e8-4345-bf72-c6a2d0e388f1,meeting,positive,Stand forget so front kind chance my could prove anyone another.,2025-10-10T16:19:03.764230
5e78bb84-bb8c-42d0-9861-0d425f495473,340b7326-ec69-4e09-be47-601ff1df4e7a,248abef5-bdf3-44b7-ba1c-a83da97bce81,follow_up,no_response,Visit system up agreement pressure artist if happen from loss.,2025-08-09T02:23:48.780556
d7e21089-2f60-41fe-9a8b-f14b653f6203,340b7326-ec69-4e09-be47-601ff1df4e7a,248abef5-bdf3-44b7-ba1c-a83da97bce81,demo,negative,Water world may study catch institution southern blue hard system.,2026-02-19T19:58:05.064855
3e3ab21a-de1d-4911-acab-4c8de601f2e3,83e62c45-3035-4868-9b68-5531bb5bafbb,cd236f80-c9cc-43ed-96ad-09d2afa212d4,meeting,neutral,Yard trial recently statement carry one education water.,2025-12-10T04:48:47.058009
51f3d58d-107b-41fc-bfe0-a8b828f30a30,83e62c45-3035-4868-9b68-5531bb5bafbb,cd236f80-c9cc-43ed-96ad-09d2afa212d4,email,negative,Where prove central situation black behind mention industry budget standard entire.,2026-02-21T14:00:21.103076
3ef12c20-150d-4af5-bd26-ec63d9447968,83e62c45-3035-4868-9b68-5531bb5bafbb,cd236f80-c9cc-43ed-96ad-09d2afa212d4,call,neutral,Federal arrive share heavy senior really hair though each.,2026-02-23T22:49:30.086001
25c90135-8ef3-4b3f-a15b-63c7be44ed47,83e62c45-3035-4868-9b68-5531bb5bafbb,cd236f80-c9cc-43ed-96ad-09d2afa212d4,meeting,positive,Yourself rule hair relate suddenly guess professor animal imagine case discussion as state science work.,2026-04-30T22:12:31.395092
be8542a2-e98e-4d70-b3b6-252ac212e467,83e62c45-3035-4868-9b68-5531bb5bafbb,cd236f80-c9cc-43ed-96ad-09d2afa212d4,demo,positive,Imagine friend factor sea leader space computer alone man my radio study weight.,2026-05-27T14:44:13.476743
b17d103e-5cec-4850-88d8-8cecc35f9220,83e62c45-3035-4868-9b68-5531bb5bafbb,cd236f80-c9cc-43ed-96ad-09d2afa212d4,call,neutral,Message industry at visit Democrat avoid get.,2026-04-30T17:12:30.677974
8265c6c7-6ffe-427a-b885-614c19cc3ad7,bed5e774-224f-4358-a669-761ab74f27bd,21f6019b-7c7e-480c-8cae-8b04a34eb58d,follow_up,no_response,They theory clearly activity list especially positive policy sure.,2025-10-09T22:16:12.887126
40a44e7b-46c9-4f87-86cd-d9fa3f529737,bed5e774-224f-4358-a669-761ab74f27bd,21f6019b-7c7e-480c-8cae-8b04a34eb58d,demo,no_response,Theory particularly best church thank under side tax our area then.,2026-05-29T10:33:00.335310
973e16aa-46a9-477c-bb91-a116ba4a683a,bed5e774-224f-4358-a669-761ab74f27bd,21f6019b-7c7e-480c-8cae-8b04a34eb58d,meeting,positive,Structure short cause consider fund light start today effort forward school under on me clear.,2026-01-29T21:54:34.251211
21a6e8ff-64c1-411a-9f5b-a2dea30af30c,bed5e774-224f-4358-a669-761ab74f27bd,21f6019b-7c7e-480c-8cae-8b04a34eb58d,meeting,neutral,Year economic name outside coach human financial mind be seat.,2026-02-14T03:31:08.422919
a4c87883-84a1-49d5-bf83-196579814611,bed5e774-224f-4358-a669-761ab74f27bd,21f6019b-7c7e-480c-8cae-8b04a34eb58d,demo,positive,Generation and yourself act what pressure employee act.,2025-12-15T13:02:46.350141
3fe74445-52a8-4099-8fec-6f1679c718be,bed5e774-224f-4358-a669-761ab74f27bd,21f6019b-7c7e-480c-8cae-8b04a34eb58d,meeting,neutral,Course Republican expert body I writer fish indeed for ever.,2026-05-22T10:21:06.014755
8dfe43ae-3003-4282-b255-e30bdbcbf07c,bed5e774-224f-4358-a669-761ab74f27bd,21f6019b-7c7e-480c-8cae-8b04a34eb58d,demo,positive,Model score leg father cold month debate minute feeling quickly call.,2026-05-01T19:17:02.463544
0a6b379c-c395-4cab-b794-b7649714d85a,bed5e774-224f-4358-a669-761ab74f27bd,21f6019b-7c7e-480c-8cae-8b04a34eb58d,follow_up,neutral,Until stay table push true whatever store machine soldier.,2026-06-29T20:38:38.916770
9f579d93-356d-454e-b4ae-f3b3d68b9e74,bed5e774-224f-4358-a669-761ab74f27bd,21f6019b-7c7e-480c-8cae-8b04a34eb58d,call,neutral,Decade everything service close everybody here remember not carry change shoulder world resource.,2025-10-06T19:03:46.599560
20864862-8f57-4493-8b75-0c6d8d4bce33,bed5e774-224f-4358-a669-761ab74f27bd,21f6019b-7c7e-480c-8cae-8b04a34eb58d,meeting,neutral,His short money whether like year job hand part blue choose race exist never better where.,2026-01-25T07:19:29.279184
93fd1ece-e85d-4aef-ae08-3d94e675711d,c00c0694-e69e-4c76-8dae-02a6de433c5d,248abef5-bdf3-44b7-ba1c-a83da97bce81,call,positive,Wrong leg east maybe understand interest computer consumer.,2026-02-01T15:13:01.385168
9ccdc5fa-6de0-4ff1-a7ef-da9ef43749b4,c00c0694-e69e-4c76-8dae-02a6de433c5d,248abef5-bdf3-44b7-ba1c-a83da97bce81,email,neutral,Congress talk social improve international reduce smile many try ground board evening sport dark.,2026-02-14T05:53:17.011680
d0493632-1f59-416e-a14d-376a84e71431,c00c0694-e69e-4c76-8dae-02a6de433c5d,248abef5-bdf3-44b7-ba1c-a83da97bce81,email,negative,Up accept together of week interest most budget activity force carry agent exist guy manage well.,2026-04-20T09:26:12.040716
0474d2ca-ed8c-4ec0-b32d-4292ea92a2d3,c00c0694-e69e-4c76-8dae-02a6de433c5d,248abef5-bdf3-44b7-ba1c-a83da97bce81,meeting,neutral,Great fill avoid would available step break.,2025-11-26T01:54:03.752328
db868c5d-3d96-4320-82cc-f23204b98f4c,c00c0694-e69e-4c76-8dae-02a6de433c5d,248abef5-bdf3-44b7-ba1c-a83da97bce81,call,positive,Look seek research white some against cultural.,2026-02-19T13:02:24.663387
ff3d1f83-90df-4c4e-a2c7-ba9f365a48e4,c00c0694-e69e-4c76-8dae-02a6de433c5d,248abef5-bdf3-44b7-ba1c-a83da97bce81,meeting,neutral,Top win throughout sport friend series very cell fire worker check food activity goal.,2026-03-27T18:57:13.537102
dfae700f-1782-4dee-a030-844072bb693b,c00c0694-e69e-4c76-8dae-02a6de433c5d,248abef5-bdf3-44b7-ba1c-a83da97bce81,meeting,positive,Foot poor stand forget somebody security whom two figure among arm take top.,2026-01-02T11:41:48.703032
f410a08f-7172-4cd3-8500-738790afa8d1,99cb7fca-e675-4ab3-91b2-925b2326cbf1,cd236f80-c9cc-43ed-96ad-09d2afa212d4,email,neutral,Light ready book certain then recent life.,2026-05-30T20:07:12.994021
67b85015-cbf5-44cd-88e1-e169f3ed6708,99cb7fca-e675-4ab3-91b2-925b2326cbf1,cd236f80-c9cc-43ed-96ad-09d2afa212d4,follow_up,neutral,Heart move political meet best develop ground music yourself only subject where against learn spend.,2026-06-18T20:35:49.020787
f5416387-52ed-4d17-84c4-ea1acbf752d2,88ccefef-40b8-4e98-8077-a241bbdd619b,21f6019b-7c7e-480c-8cae-8b04a34eb58d,call,positive,Less those approach institution up real industry begin mind.,2026-06-20T21:22:10.426176
8f271c5e-8f1a-40c6-bb77-fb9b2827658e,88ccefef-40b8-4e98-8077-a241bbdd619b,21f6019b-7c7e-480c-8cae-8b04a34eb58d,meeting,neutral,Bag fight wide sport season method and dinner despite meeting pass likely oil.,2026-07-01T02:34:09.406370
7fd60013-e0ad-4e80-9aad-bc34d32bdd7f,88ccefef-40b8-4e98-8077-a241bbdd619b,21f6019b-7c7e-480c-8cae-8b04a34eb58d,follow_up,neutral,Try go everybody return writer another down issue model.,2026-04-23T10:39:14.692716
51781a08-4588-48cf-9a66-1cdaf471e053,88ccefef-40b8-4e98-8077-a241bbdd619b,21f6019b-7c7e-480c-8cae-8b04a34eb58d,meeting,no_response,Son blue option why race who fire marriage serve then rise him season force cold.,2025-11-15T02:44:46.032208
cebd37e5-687a-4288-8d24-876e0a1271f7,88ccefef-40b8-4e98-8077-a241bbdd619b,21f6019b-7c7e-480c-8cae-8b04a34eb58d,call,neutral,Whatever economy role ground relate capital direction stay speak.,2025-10-07T13:32:57.463353
af5c95e5-8a19-4ae0-a1b5-0499cfcd8337,d9fcf192-03e6-48ee-86b3-481e84af8c2c,248abef5-bdf3-44b7-ba1c-a83da97bce81,call,negative,Notice key send charge stock practice catch guess environmental really season opportunity.,2026-04-17T21:28:48.785982
8ec38287-7e43-45a1-b5ef-4173a9f34167,d9fcf192-03e6-48ee-86b3-481e84af8c2c,248abef5-bdf3-44b7-ba1c-a83da97bce81,follow_up,no_response,Drug Mrs former pick wife near more manager.,2026-02-25T09:39:41.779882
91f866ad-08e8-44f6-a006-da40f92658a8,d9fcf192-03e6-48ee-86b3-481e84af8c2c,248abef5-bdf3-44b7-ba1c-a83da97bce81,email,neutral,Tax list at opportunity sing sell western memory culture perhaps but they.,2026-02-21T16:13:04.320162
3f293d9e-0691-44c4-a57b-c0a35870a6f5,d9fcf192-03e6-48ee-86b3-481e84af8c2c,248abef5-bdf3-44b7-ba1c-a83da97bce81,email,negative,International up far here trade want upon strategy.,2026-03-09T12:16:53.113358
b9fde4c8-df4c-4e1c-b51d-7761b8a99bcb,d9fcf192-03e6-48ee-86b3-481e84af8c2c,248abef5-bdf3-44b7-ba1c-a83da97bce81,email,positive,Car mission hard model participant different citizen experience line summer hundred.,2026-04-27T22:24:53.747278
51be7d7f-8526-4b26-bf77-1c7f6515c7f8,8934f6f9-fd98-40ae-be1e-6b5ac94eb2cd,c871c852-11fd-4dcb-8e0a-305264beb2b2,meeting,neutral,List force ever student such relate record stop police.,2026-04-06T09:47:51.272427
ca589192-cb0d-49b3-8d13-24d1a08ddf98,8934f6f9-fd98-40ae-be1e-6b5ac94eb2cd,c871c852-11fd-4dcb-8e0a-305264beb2b2,call,positive,Do prove good pay last history day station another yet local opportunity.,2026-05-12T03:54:30.723065
0809673d-daaf-4aed-89e2-1e7514a2b10d,8934f6f9-fd98-40ae-be1e-6b5ac94eb2cd,c871c852-11fd-4dcb-8e0a-305264beb2b2,meeting,neutral,Study town student indeed size yet visit activity.,2026-01-27T23:20:43.924247
26de8d38-98bf-4f2b-a2f8-0e3bcfb30aa0,8934f6f9-fd98-40ae-be1e-6b5ac94eb2cd,c871c852-11fd-4dcb-8e0a-305264beb2b2,demo,negative,Meeting ok many special three after middle lead person become road.,2026-03-10T22:08:50.679983
f9e78762-30e1-4690-91ab-c111bc94be06,5ec6d261-fae6-4868-9a86-baf03e5fe721,21f6019b-7c7e-480c-8cae-8b04a34eb58d,meeting,negative,Every manage hair either focus tough right administration avoid player story hold by cold.,2026-03-05T18:01:00.775597
ea277511-ef1b-443b-9d93-baf69282885f,5ec6d261-fae6-4868-9a86-baf03e5fe721,21f6019b-7c7e-480c-8cae-8b04a34eb58d,demo,neutral,It see forward sometimes hold push police able.,2025-11-15T11:07:00.259310
bd02d7de-9f5a-469d-8a98-3ae697afe468,5ec6d261-fae6-4868-9a86-baf03e5fe721,21f6019b-7c7e-480c-8cae-8b04a34eb58d,email,positive,So dark receive old today environmental fear nothing must.,2026-06-07T11:06:45.316137
cc6468ab-5ae3-424e-9570-d4f676be08f4,5ec6d261-fae6-4868-9a86-baf03e5fe721,21f6019b-7c7e-480c-8cae-8b04a34eb58d,email,positive,Car threat time individual left laugh set.,2026-06-30T16:54:25.149838
ce962df8-f68b-46ca-8710-945006f4a795,5ec6d261-fae6-4868-9a86-baf03e5fe721,21f6019b-7c7e-480c-8cae-8b04a34eb58d,demo,positive,Its street put hope college the either trouble investment final wrong war according focus.,2026-02-15T03:12:22.032607
2b7857ed-8da3-461d-8f25-814c742ed9ea,5ec6d261-fae6-4868-9a86-baf03e5fe721,21f6019b-7c7e-480c-8cae-8b04a34eb58d,follow_up,positive,Environment act bad set eat provide hope remember.,2026-06-05T06:42:12.146718
8994353f-52bc-4859-b87a-a4844f6bf5f8,93d3f5d0-c2e7-4e78-aab9-56c9bcb412f3,926747b3-0605-45e2-b8d0-fcc92bbf0bed,demo,neutral,Open board defense because parent fire politics.,2026-05-06T08:29:17.660289
3fbef147-c981-4bad-8c53-464401f070d2,93d3f5d0-c2e7-4e78-aab9-56c9bcb412f3,926747b3-0605-45e2-b8d0-fcc92bbf0bed,follow_up,positive,Expect total leg exist keep politics those for professor fill.,2026-02-04T04:39:25.992753
b88729b2-0850-427d-9d70-d81dd51fd842,93d3f5d0-c2e7-4e78-aab9-56c9bcb412f3,926747b3-0605-45e2-b8d0-fcc92bbf0bed,meeting,negative,Adult today bag purpose push that citizen including federal however under short hot whose recognize until.,2026-04-14T16:56:40.463651
6fe538e5-d39f-401e-b5ba-ea3dd4e770d3,93d3f5d0-c2e7-4e78-aab9-56c9bcb412f3,926747b3-0605-45e2-b8d0-fcc92bbf0bed,email,neutral,Until indeed so think human oil condition learn body you ago magazine reach.,2026-05-27T23:19:07.714203
5bbd2e77-95c9-4f7d-a233-441e46e191dd,e8871d04-999c-45c6-a07d-832b1719fedd,8fbc7b28-5a14-4a2b-84cd-726d9d74feba,demo,no_response,Thought number which president weight television show pressure room.,2026-03-26T04:10:34.175267
76e00c5b-827f-4659-b5ff-b8aaad129644,e8871d04-999c-45c6-a07d-832b1719fedd,8fbc7b28-5a14-4a2b-84cd-726d9d74feba,meeting,negative,Serious buy single word certain news local see film talk simply speak national them beat.,2026-05-28T22:10:24.508107
a9e69d83-0314-4343-9573-e5ae06eeba87,e8871d04-999c-45c6-a07d-832b1719fedd,8fbc7b28-5a14-4a2b-84cd-726d9d74feba,demo,no_response,Father meeting perform attention policy increase service cost where manager ever listen cell.,2026-01-29T03:25:06.682876
3fa1a5da-97d8-4352-aa0f-0e1ebc61c8f7,0b2bc59e-53e8-4c6b-a4c2-2c9742890312,c871c852-11fd-4dcb-8e0a-305264beb2b2,meeting,neutral,West moment report join for brother strategy once home mother left can score probably movie detail.,2026-05-16T01:35:24.865733
253aef52-da5d-478a-b554-f44e6a418537,0b2bc59e-53e8-4c6b-a4c2-2c9742890312,c871c852-11fd-4dcb-8e0a-305264beb2b2,demo,neutral,Pressure analysis learn born partner short skin late return require find represent attack prevent necessary level.,2025-10-31T05:18:20.708570
c91f1dd1-08a1-4b75-a277-91534c4faca2,0b2bc59e-53e8-4c6b-a4c2-2c9742890312,c871c852-11fd-4dcb-8e0a-305264beb2b2,follow_up,positive,Prove allow plant result his you watch represent leg these few dog.,2025-12-17T20:01:11.582666
793295ba-bfc2-4942-90a1-d852ca970107,48cb68a7-3f48-4b5c-bc41-dc155bb2d4ff,03047d55-6b0c-4ed2-ade3-e979453d38ea,follow_up,positive,I choose cold put finally water think wish father any.,2026-02-08T03:03:20.314824
2a5ffb79-3158-4289-a2cd-9af3ad112087,48cb68a7-3f48-4b5c-bc41-dc155bb2d4ff,03047d55-6b0c-4ed2-ade3-e979453d38ea,demo,no_response,A person growth though adult again police though boy.,2026-02-03T22:05:42.406530
7bbc31f6-23c9-4cb9-be4b-ea9f03526bb0,dbb22368-f408-4d1b-a448-940b68857395,28615fdd-f208-43f5-9830-15dfe9f1e754,demo,negative,Past charge sign time pattern prepare law.,2026-06-09T19:19:54.074826
1c7402c7-af70-4cf8-84c8-17da6f8d279d,dbb22368-f408-4d1b-a448-940b68857395,28615fdd-f208-43f5-9830-15dfe9f1e754,call,negative,Small city throw side offer other grow loss treatment none so right any hospital before agreement.,2026-05-14T22:04:50.900276
b558c9c3-0cad-47af-8a8e-0824ba11c23b,dbb22368-f408-4d1b-a448-940b68857395,28615fdd-f208-43f5-9830-15dfe9f1e754,demo,negative,Power age child see go to pick image store.,2026-06-03T06:07:12.492376
76529dd9-3b58-4e66-a596-298b984bda19,5acca3f5-5023-4a33-95f0-05d8b9a0e584,2504e3b3-25e8-4345-bf72-c6a2d0e388f1,meeting,neutral,Under teacher computer only anyone economy civil water skin ok big mouth.,2026-03-10T12:09:11.707217
58b1a8f3-d002-4a21-b291-6c9840f9aa22,5acca3f5-5023-4a33-95f0-05d8b9a0e584,2504e3b3-25e8-4345-bf72-c6a2d0e388f1,email,no_response,Certainly fund already vote them fine require.,2026-06-22T09:11:47.043771
31ad3cc7-92db-4cb3-b3ac-37e6f86a38b8,f0c18ee3-423d-4483-8eb1-9a58fae01f0f,2504e3b3-25e8-4345-bf72-c6a2d0e388f1,call,neutral,Arm state turn treat thousand ever alone green on less.,2026-06-26T13:44:46.023373
65948782-28d7-442a-a8c3-9eb37a877f90,f0c18ee3-423d-4483-8eb1-9a58fae01f0f,2504e3b3-25e8-4345-bf72-c6a2d0e388f1,follow_up,negative,Until city finish information so show put field care sense stay blue leave expect technology teacher.,2026-02-08T03:57:45.424889
9bfd4418-8516-41cd-885f-54786b7f0a8a,f0c18ee3-423d-4483-8eb1-9a58fae01f0f,2504e3b3-25e8-4345-bf72-c6a2d0e388f1,demo,negative,Treat involve cell seem amount fine operation deep chance analysis table table.,2026-04-28T09:12:35.048132
d75d33c4-9974-4450-96b0-80cf4e6776b8,f0c18ee3-423d-4483-8eb1-9a58fae01f0f,2504e3b3-25e8-4345-bf72-c6a2d0e388f1,demo,negative,Environmental off board mean trip same we including traditional ten behavior owner nor.,2026-02-25T19:05:56.093063
ba936308-a471-4df7-af27-0f18e95d8e7e,cc9e7364-da07-41f3-9fe6-658ac081eb0f,21f6019b-7c7e-480c-8cae-8b04a34eb58d,meeting,neutral,Else weight good pattern stuff available score worry hot pass national benefit look best.,2026-03-04T07:56:40.135694
2a17a9e4-c1bc-4a61-b7bc-b930c22e9667,cc9e7364-da07-41f3-9fe6-658ac081eb0f,21f6019b-7c7e-480c-8cae-8b04a34eb58d,follow_up,neutral,Leave simply to loss truth under room near strong life model improve win offer election.,2026-02-08T20:33:46.618699
bd99c6ff-b11f-4912-8aea-cc8057cf8e13,cc9e7364-da07-41f3-9fe6-658ac081eb0f,21f6019b-7c7e-480c-8cae-8b04a34eb58d,call,positive,Role analysis time down PM reduce lawyer catch thought fight result local child accept understand defense.,2025-09-17T16:18:47.650488
f2d64eeb-23e3-4951-80bf-06964d097763,cc9e7364-da07-41f3-9fe6-658ac081eb0f,21f6019b-7c7e-480c-8cae-8b04a34eb58d,email,neutral,During respond among health better outside then party least hair common yourself few.,2026-05-19T15:00:44.438909
f37de3a4-d8b1-4c1e-9d25-b75dfa43c9af,cc9e7364-da07-41f3-9fe6-658ac081eb0f,21f6019b-7c7e-480c-8cae-8b04a34eb58d,meeting,positive,Tough become article operation before author remain almost of money hair drop moment effort personal owner.,2026-03-26T18:45:28.665384
f46bb543-2f0d-4e3e-a783-0208cad725ac,cc9e7364-da07-41f3-9fe6-658ac081eb0f,21f6019b-7c7e-480c-8cae-8b04a34eb58d,follow_up,positive,Debate increase child thing reason rise step five finally hear behavior try industry.,2026-02-21T11:14:04.846373
b97dfca4-b979-4929-a475-a9ee90655dd5,cc9e7364-da07-41f3-9fe6-658ac081eb0f,21f6019b-7c7e-480c-8cae-8b04a34eb58d,demo,no_response,Perform thing charge top lose mission budget ask again thank top nor effect science moment.,2026-04-01T13:13:47.808301
970ed7b4-0fe4-428a-924f-823fcc95f451,cc9e7364-da07-41f3-9fe6-658ac081eb0f,21f6019b-7c7e-480c-8cae-8b04a34eb58d,meeting,no_response,Newspaper tend stop month result Democrat crime certain mother kind some such hope north available them.,2025-11-17T07:01:08.576138
48198108-fe17-488f-93e9-cd10d2f404eb,cc9e7364-da07-41f3-9fe6-658ac081eb0f,21f6019b-7c7e-480c-8cae-8b04a34eb58d,demo,positive,Age would something off look red foot.,2025-05-07T01:34:25.622012
aff01521-1d77-40f1-a003-6815b890cdc0,cc9e7364-da07-41f3-9fe6-658ac081eb0f,21f6019b-7c7e-480c-8cae-8b04a34eb58d,call,positive,Pick guess same particularly law moment current become most Mrs research or check.,2026-03-24T21:08:29.780157
138fa0a4-c83a-4f3c-bbcd-5076389551dd,7f86b784-1227-46aa-bcd7-19f114457e73,03047d55-6b0c-4ed2-ade3-e979453d38ea,follow_up,neutral,Trip later tonight land sport year another evidence sort moment sing sure speech.,2026-04-25T01:14:25.642190
537860de-950a-4147-8620-4848b6445f87,7f86b784-1227-46aa-bcd7-19f114457e73,03047d55-6b0c-4ed2-ade3-e979453d38ea,follow_up,positive,Foot consider open our play decade difference person get glass give bag management.,2026-06-14T01:09:59.803938
b7c0fb69-2a7d-46b7-90c8-0573af120d0e,7f86b784-1227-46aa-bcd7-19f114457e73,03047d55-6b0c-4ed2-ade3-e979453d38ea,meeting,neutral,Behavior yeah unit ok ago professional language whose perhaps sure despite really board can computer.,2026-05-10T05:23:07.794153
d858f3c8-ec3d-418c-b3a7-a2928d423de7,7f86b784-1227-46aa-bcd7-19f114457e73,03047d55-6b0c-4ed2-ade3-e979453d38ea,follow_up,negative,Window success rest resource care toward physical toward soon organization throughout enter shake.,2026-05-21T05:53:53.940117
12a97f27-b60e-4d33-823d-2c4e89ff2fe4,7f86b784-1227-46aa-bcd7-19f114457e73,03047d55-6b0c-4ed2-ade3-e979453d38ea,email,neutral,Home discussion compare describe watch floor law rather four order should despite office garden.,2026-05-12T00:25:53.336997
fdd7010f-8b73-4ff7-9b40-655be10805ad,7f86b784-1227-46aa-bcd7-19f114457e73,03047d55-6b0c-4ed2-ade3-e979453d38ea,call,neutral,Say support every officer marriage fund require wife vote.,2026-04-05T21:41:20.041275
a6bcad27-4510-444b-85c2-9c96e8959607,6dbaa5d2-66e8-4a07-9c45-d0c7fc8065e1,248abef5-bdf3-44b7-ba1c-a83da97bce81,demo,no_response,Cold where fire exist town cup recognize full room billion offer.,2026-06-30T09:11:03.793041
30be7286-9012-4859-8286-91410e040727,6dbaa5d2-66e8-4a07-9c45-d0c7fc8065e1,248abef5-bdf3-44b7-ba1c-a83da97bce81,call,positive,History term record let morning top approach should artist collection option little top sea write.,2026-03-03T08:19:43.146108
2b0d5dec-5ab9-472a-ba0a-5fa78484906b,6dbaa5d2-66e8-4a07-9c45-d0c7fc8065e1,248abef5-bdf3-44b7-ba1c-a83da97bce81,email,neutral,Plant heart suffer talk war future have enough evidence.,2026-01-15T17:00:41.133247
27dd26a6-1330-441d-821f-40cacaa3c384,6dbaa5d2-66e8-4a07-9c45-d0c7fc8065e1,248abef5-bdf3-44b7-ba1c-a83da97bce81,meeting,neutral,Close image see interview us deep foreign something cut deep.,2025-12-26T22:39:04.714796
875f2575-17d6-4d23-85ad-b93ef2ac92a9,5be8bd06-b745-405d-8a5a-2453ac75f2ea,97b42328-e8b1-47d8-b18a-fd9db794cf35,follow_up,neutral,Push natural value lead option risk before short author.,2026-06-09T12:46:47.820955
a88b1ed6-05e8-4c19-9070-61587554ab4d,5be8bd06-b745-405d-8a5a-2453ac75f2ea,97b42328-e8b1-47d8-b18a-fd9db794cf35,demo,positive,Head include task food reach response agreement.,2025-11-07T01:16:37.991218
e958ec7a-9f0d-49c6-a51d-7a374b8167db,5be8bd06-b745-405d-8a5a-2453ac75f2ea,97b42328-e8b1-47d8-b18a-fd9db794cf35,demo,neutral,Smile artist present view drive bed base professional theory paper likely positive different news per night.,2026-01-17T04:52:12.333145
7251a648-6e14-42e3-b8cd-a5b6f69de2fd,593e7035-ca7a-4cb1-a89d-4c5d22a266ee,5f3f33ca-d46b-41bb-b3d6-b88dfbb7137e,call,negative,Mention north reality size decision today open measure Congress deal short.,2025-07-31T21:05:21.302022
b465b65b-e84a-4e6a-b9b8-7177cafee56c,593e7035-ca7a-4cb1-a89d-4c5d22a266ee,5f3f33ca-d46b-41bb-b3d6-b88dfbb7137e,call,positive,Area trade seat include federal heart more modern.,2026-03-17T20:10:27.112007
76a1456e-06df-4038-b4a2-7cd1322c43e3,593e7035-ca7a-4cb1-a89d-4c5d22a266ee,5f3f33ca-d46b-41bb-b3d6-b88dfbb7137e,meeting,neutral,Ball itself lawyer us air party thought everything particular gun natural through fact.,2025-09-18T12:17:25.343502
b3c5516c-e6c8-44f6-9f26-d5a8ab707057,593e7035-ca7a-4cb1-a89d-4c5d22a266ee,5f3f33ca-d46b-41bb-b3d6-b88dfbb7137e,email,negative,Charge remain hit who fall expect market teacher miss thought plan.,2026-03-01T01:01:16.146677
6a21de28-be48-4fa9-954b-9395e589e7c2,593e7035-ca7a-4cb1-a89d-4c5d22a266ee,5f3f33ca-d46b-41bb-b3d6-b88dfbb7137e,email,neutral,Not she body take eye on security back political wide find woman.,2025-11-16T01:32:42.568034
0f70638b-2177-42c4-b17b-578d885c1540,593e7035-ca7a-4cb1-a89d-4c5d22a266ee,5f3f33ca-d46b-41bb-b3d6-b88dfbb7137e,follow_up,positive,Fund continue century country beyond piece lot what manager wish president himself prevent single whole.,2026-04-28T06:09:33.954613
28df9641-ed7a-4e9a-814a-66be491f0244,a102ca3f-341e-4829-9a6d-28aa2dc4f308,28615fdd-f208-43f5-9830-15dfe9f1e754,demo,neutral,East party toward note our man practice try range network particular.,2026-03-14T02:45:52.796780
fa041a27-c1f8-47fa-a372-df8a4ccd36ec,a102ca3f-341e-4829-9a6d-28aa2dc4f308,28615fdd-f208-43f5-9830-15dfe9f1e754,demo,negative,Report method west color region learn understand Mr memory difficult she later sing police Republican professional.,2026-04-30T16:03:07.868342
f0c486b5-7a40-4e77-a1ed-491d4088b4a9,a102ca3f-341e-4829-9a6d-28aa2dc4f308,28615fdd-f208-43f5-9830-15dfe9f1e754,email,negative,Ten me crime maybe sport thought interesting stuff response organization PM structure discuss particularly sound guy.,2026-06-30T11:26:03.724120
88b47709-b35b-4754-b59a-76c43a213a67,a102ca3f-341e-4829-9a6d-28aa2dc4f308,28615fdd-f208-43f5-9830-15dfe9f1e754,demo,neutral,Check measure guess lay final a condition two mean should billion.,2026-04-25T04:29:26.820427
05c7146c-5da8-4de4-8e28-482383839202,e5210fcd-2a9f-40ac-aeb7-2518253d0254,cd236f80-c9cc-43ed-96ad-09d2afa212d4,follow_up,no_response,Event choose receive note best carry between piece truth student around within.,2026-06-28T05:23:21.378208
836e610c-7d57-4623-8e09-079cd2ea47f7,e5210fcd-2a9f-40ac-aeb7-2518253d0254,cd236f80-c9cc-43ed-96ad-09d2afa212d4,demo,neutral,Role speak record chair produce give charge.,2026-06-03T00:15:49.068308
1d4ad759-88a2-4f2f-9b97-568720c7f8eb,e5210fcd-2a9f-40ac-aeb7-2518253d0254,cd236f80-c9cc-43ed-96ad-09d2afa212d4,demo,positive,Suddenly story itself material result focus lawyer.,2026-03-14T13:04:15.440321
65ad2a05-8ff5-411f-98b2-a7e52c64b442,e5210fcd-2a9f-40ac-aeb7-2518253d0254,cd236f80-c9cc-43ed-96ad-09d2afa212d4,email,positive,Film finally American occur series might we those believe avoid blood wrong week.,2026-03-21T05:08:13.225926
835cfe16-ea40-4169-b7c7-2f6416c9f159,e5210fcd-2a9f-40ac-aeb7-2518253d0254,cd236f80-c9cc-43ed-96ad-09d2afa212d4,call,neutral,Chance affect star smile example more then newspaper up theory size name Congress.,2026-05-13T10:19:37.593187
3315a5da-367e-4827-9ab8-227a6c9c0ae9,e5210fcd-2a9f-40ac-aeb7-2518253d0254,cd236f80-c9cc-43ed-96ad-09d2afa212d4,follow_up,positive,Inside read event race computer shoulder conference.,2026-06-26T05:23:54.314236
f0765f08-b1fc-46b8-876b-c13812f17fea,e5210fcd-2a9f-40ac-aeb7-2518253d0254,cd236f80-c9cc-43ed-96ad-09d2afa212d4,meeting,positive,Investment keep surface its itself travel rise think quickly food instead reality voice media thank.,2026-03-26T10:27:13.972416
7f46c403-2c73-4891-b6d7-78b88ce87d15,c14bf0ee-e0a5-4501-80c0-73df5fc1a4cd,8fbc7b28-5a14-4a2b-84cd-726d9d74feba,meeting,negative,Live them behavior threat state three near way close suddenly wrong.,2026-03-23T07:29:53.791440
5275dc90-e430-4840-81a8-207d7b987045,c14bf0ee-e0a5-4501-80c0-73df5fc1a4cd,8fbc7b28-5a14-4a2b-84cd-726d9d74feba,demo,neutral,Will old expert age few network movement individual painting dream.,2025-12-13T07:09:52.956397
6648800e-9587-437e-8de2-6faa2cdcc4cb,f2094880-8ba0-4297-b55d-6e5e9bc10f46,21f6019b-7c7e-480c-8cae-8b04a34eb58d,follow_up,neutral,Necessary tell at line idea which buy drive chair resource those.,2026-05-26T05:59:38.873671
e50e66d8-e167-42af-a3b6-a4800fa3435d,f2094880-8ba0-4297-b55d-6e5e9bc10f46,21f6019b-7c7e-480c-8cae-8b04a34eb58d,demo,negative,News power free send model newspaper event local particularly do experience current hair born cost.,2026-03-11T21:28:00.473792
993ff450-f4d3-4fc1-b6d5-728995a389e4,f2094880-8ba0-4297-b55d-6e5e9bc10f46,21f6019b-7c7e-480c-8cae-8b04a34eb58d,meeting,neutral,Real soldier arrive goal kid travel off behind need address once.,2026-04-13T15:55:11.466246
15bc7209-7c66-4549-829d-f571412b0087,c729dced-b2cd-4b38-b0b9-baea7359ccdd,97b42328-e8b1-47d8-b18a-fd9db794cf35,follow_up,positive,Itself lead event wind western stay price also.,2026-01-22T10:51:33.142820
e43fae23-9b4e-446e-8124-9613a9f4620f,c729dced-b2cd-4b38-b0b9-baea7359ccdd,97b42328-e8b1-47d8-b18a-fd9db794cf35,meeting,no_response,Able real statement second reach under attention.,2025-09-25T20:20:35.923462
0f6357b7-1d0f-4bd9-8126-371965df0032,c729dced-b2cd-4b38-b0b9-baea7359ccdd,97b42328-e8b1-47d8-b18a-fd9db794cf35,follow_up,positive,Production lay TV plan total main usually style others wind speech always out.,2026-05-24T02:27:12.746370
3dcd6164-f51f-472d-8ee9-7dfca4a137f8,c729dced-b2cd-4b38-b0b9-baea7359ccdd,97b42328-e8b1-47d8-b18a-fd9db794cf35,email,neutral,Fall arrive marriage range after boy development car ask system seek head simply.,2025-11-25T00:31:05.021739
edf500e2-e373-456b-b2d9-beddc1403da9,c729dced-b2cd-4b38-b0b9-baea7359ccdd,97b42328-e8b1-47d8-b18a-fd9db794cf35,email,neutral,Operation physical risk others television however lose popular make claim fall its.,2026-04-15T00:06:32.780608
3c165dfc-02d5-4d5e-bd4b-b5d4615aa50b,007068a6-c5d7-48e9-a8b0-b40bbd6efb0b,8fbc7b28-5a14-4a2b-84cd-726d9d74feba,meeting,negative,Process rather task dream put use tonight reason chance mention result.,2026-05-30T11:42:54.855610
873f3cf2-b704-459a-82c7-d4aae83dc7c9,007068a6-c5d7-48e9-a8b0-b40bbd6efb0b,8fbc7b28-5a14-4a2b-84cd-726d9d74feba,follow_up,neutral,International how writer talk edge son difficult style Democrat specific student general.,2026-05-06T14:52:38.264421
8ddde5d7-71df-48c9-a530-62cf0418f494,007068a6-c5d7-48e9-a8b0-b40bbd6efb0b,8fbc7b28-5a14-4a2b-84cd-726d9d74feba,follow_up,positive,Apply seem actually pattern catch own return people theory can strong.,2026-04-18T01:59:04.277334
e47e4982-6ff7-472d-b16d-598bc9d87e4e,1641ba4f-3bd2-4135-a856-02253efeced6,6f429a5c-b62b-484b-ac7a-28f39d560dbd,demo,positive,Black outside strong relate dinner one somebody now population.,2026-04-29T00:09:04.934802
d90b80d0-450c-45f9-8310-da7c27829746,1641ba4f-3bd2-4135-a856-02253efeced6,6f429a5c-b62b-484b-ac7a-28f39d560dbd,follow_up,negative,Particularly beyond guy begin high throughout main watch month father plant American.,2026-02-24T01:53:59.059750
35cdef2d-b7c0-41f0-b1ca-28afc589ccf4,1641ba4f-3bd2-4135-a856-02253efeced6,6f429a5c-b62b-484b-ac7a-28f39d560dbd,email,neutral,Least power gas prevent represent mission figure statement have arrive lead coach involve color.,2026-03-19T09:20:00.787181
f332040c-2217-46dd-9705-cdd83293eeb0,1641ba4f-3bd2-4135-a856-02253efeced6,6f429a5c-b62b-484b-ac7a-28f39d560dbd,demo,neutral,Though hard million can matter where nation matter provide represent husband job.,2025-11-20T16:06:20.236928
7f03a56a-981f-4afd-bc6d-77a04c5d0b22,1641ba4f-3bd2-4135-a856-02253efeced6,6f429a5c-b62b-484b-ac7a-28f39d560dbd,email,neutral,Truth eight budget senior write kind north brother.,2026-05-08T05:42:37.650373
f257e9ee-1cd7-4d71-a26b-3c63222dcf8a,643a1f31-3dab-4f71-9601-9bbeac8330a4,03047d55-6b0c-4ed2-ade3-e979453d38ea,follow_up,positive,Occur free loss listen event fast beat.,2026-05-11T07:30:26.828995
e3dbe65e-1a42-4baf-a12f-08fd206018b6,643a1f31-3dab-4f71-9601-9bbeac8330a4,03047d55-6b0c-4ed2-ade3-e979453d38ea,meeting,no_response,Position edge necessary job southern subject look particularly evening son prepare treatment.,2026-04-13T09:12:40.387994
eb542b45-5f99-472b-af17-0f82f9e34aec,643a1f31-3dab-4f71-9601-9bbeac8330a4,03047d55-6b0c-4ed2-ade3-e979453d38ea,demo,positive,Mr as step involve then attack building lead make exist movie through bar.,2026-06-01T19:16:22.343399
e6902c55-415a-4a9b-b4f3-b372bde7ba09,643a1f31-3dab-4f71-9601-9bbeac8330a4,03047d55-6b0c-4ed2-ade3-e979453d38ea,demo,no_response,Work middle everybody member wide we experience them among of fear blue despite.,2026-05-24T05:49:29.797904
57aaf2fa-4969-49de-9359-22e3a7407173,643a1f31-3dab-4f71-9601-9bbeac8330a4,03047d55-6b0c-4ed2-ade3-e979453d38ea,follow_up,neutral,Least reflect dark exactly choose class rise strategy main.,2026-05-17T00:41:41.050828
9d55c394-5391-479b-baa9-923efec0eac3,643a1f31-3dab-4f71-9601-9bbeac8330a4,03047d55-6b0c-4ed2-ade3-e979453d38ea,demo,neutral,High trip more strategy edge miss travel forget approach old.,2026-06-27T16:48:13.468776
74623cbe-af4e-4a70-ac37-0abbba39aaa0,643a1f31-3dab-4f71-9601-9bbeac8330a4,03047d55-6b0c-4ed2-ade3-e979453d38ea,demo,neutral,Who wonder political environment kind fill include use story.,2026-05-09T06:39:21.006989
4fc0ed82-9444-48a9-9d21-de6ec0109567,ce1e7aef-50ed-4769-82b7-1240fa8cebfa,2504e3b3-25e8-4345-bf72-c6a2d0e388f1,demo,positive,Serve good situation world visit realize meeting.,2026-02-27T05:33:22.807402
dd1364f1-1c96-42ad-b157-92230e8d8e22,ce1e7aef-50ed-4769-82b7-1240fa8cebfa,2504e3b3-25e8-4345-bf72-c6a2d0e388f1,follow_up,positive,Drop man expert measure senior subject style property energy.,2026-02-19T21:53:41.865954
c8ca39e1-4760-4d55-9b23-4e7288845f21,ce1e7aef-50ed-4769-82b7-1240fa8cebfa,2504e3b3-25e8-4345-bf72-c6a2d0e388f1,email,neutral,Radio body leg walk big break idea sound culture debate power positive hand act apply.,2026-01-10T23:38:37.421059
e93eb6f0-544a-4637-bc88-65573731df50,ce1e7aef-50ed-4769-82b7-1240fa8cebfa,2504e3b3-25e8-4345-bf72-c6a2d0e388f1,meeting,positive,Cup rest condition concern page full nor rule research learn forward might her teacher.,2026-03-28T04:30:39.619264
1f8a5fa5-98a0-4676-8199-019a0d017e74,ce1e7aef-50ed-4769-82b7-1240fa8cebfa,2504e3b3-25e8-4345-bf72-c6a2d0e388f1,meeting,positive,Focus doctor continue eight if out look summer adult mean friend scientist word east night.,2026-02-02T15:59:04.753129
199a8d7d-9d48-4d4b-8afd-382e31e65db6,ca55281f-7023-480f-8cd7-e5197dd32933,2504e3b3-25e8-4345-bf72-c6a2d0e388f1,follow_up,negative,Guess almost represent edge audience must enough choose expect single model protect job national central.,2026-06-16T19:29:58.661076
f3185783-b062-48e5-b63e-78ec42fbe945,ca55281f-7023-480f-8cd7-e5197dd32933,2504e3b3-25e8-4345-bf72-c6a2d0e388f1,demo,neutral,Note meet relationship there pull item ready them.,2026-06-15T21:17:46.425956
c5502780-be60-4928-8292-a07eddbe9d84,ca55281f-7023-480f-8cd7-e5197dd32933,2504e3b3-25e8-4345-bf72-c6a2d0e388f1,call,neutral,Black despite husband though door truth process picture short knowledge information health leader billion ahead in.,2026-06-28T09:59:53.921504
b01ebe9b-e3c6-4dc5-9b86-8ff448abf727,ca55281f-7023-480f-8cd7-e5197dd32933,2504e3b3-25e8-4345-bf72-c6a2d0e388f1,meeting,negative,Here beat ok new law medical ok least thank information year position resource character north process.,2026-06-28T19:38:46.909000
201c4858-e6d6-40a8-b450-398723247e37,ca55281f-7023-480f-8cd7-e5197dd32933,2504e3b3-25e8-4345-bf72-c6a2d0e388f1,meeting,neutral,Threat wait research piece tree push light keep.,2026-06-29T04:24:49.628629
78efb533-3d3a-465c-811e-f9837cbe3252,c33ecb8b-dd7f-4e1d-bf46-47d02e3c531a,c871c852-11fd-4dcb-8e0a-305264beb2b2,demo,neutral,End dinner pay give without near memory party information grow affect establish.,2025-10-22T01:44:06.623690
7c288f99-65c7-4360-847c-b0e74cc7cef0,c33ecb8b-dd7f-4e1d-bf46-47d02e3c531a,c871c852-11fd-4dcb-8e0a-305264beb2b2,demo,positive,For image catch least who official poor group candidate similar share specific.,2026-01-14T09:29:08.921403
ddc738d6-0c81-4012-ad38-401c8eb08c98,94b3f8f5-5989-4d1c-94c5-beb727beb6de,cd236f80-c9cc-43ed-96ad-09d2afa212d4,email,neutral,Kitchen TV teach what smile girl media population.,2026-05-17T14:59:26.823627
8c5e127b-defd-4704-8d56-2c190d8a843b,94b3f8f5-5989-4d1c-94c5-beb727beb6de,cd236f80-c9cc-43ed-96ad-09d2afa212d4,call,neutral,Eye standard area oil town whose feeling yourself do consider player energy body whom hit majority.,2025-08-18T16:44:09.982241
a736889b-c3e6-4496-b7a6-1d7de0a3a917,94b3f8f5-5989-4d1c-94c5-beb727beb6de,cd236f80-c9cc-43ed-96ad-09d2afa212d4,meeting,no_response,Painting ability loss computer sometimes name right program almost collection between.,2025-12-28T13:18:09.669838
d643cb1c-ecdc-499f-8769-7c8babae7369,94b3f8f5-5989-4d1c-94c5-beb727beb6de,cd236f80-c9cc-43ed-96ad-09d2afa212d4,call,neutral,Allow window provide allow defense few always kind several give source produce level.,2026-06-24T04:57:07.400587
4daa8ffd-c9af-484a-9b9b-9adf4bd68563,94b3f8f5-5989-4d1c-94c5-beb727beb6de,cd236f80-c9cc-43ed-96ad-09d2afa212d4,call,negative,Plan just indicate player member idea whom himself technology first later level particular mission.,2025-07-29T13:41:34.331442
7cf889af-64f1-46aa-9166-0ef834aa0d82,94b3f8f5-5989-4d1c-94c5-beb727beb6de,cd236f80-c9cc-43ed-96ad-09d2afa212d4,email,positive,However pay spring stop manager impact carry quickly around pretty modern green reach together any.,2025-10-19T09:46:04.430142
9a34e67b-9a3d-4d4f-abc2-43f6ce72bfb3,94b3f8f5-5989-4d1c-94c5-beb727beb6de,cd236f80-c9cc-43ed-96ad-09d2afa212d4,follow_up,negative,Would wear low happy already product safe interest travel cultural plant agree eight program change real.,2025-09-23T09:46:41.099982
44e47fca-cce9-4256-9f84-7cfac7765be0,42c1cefa-4a02-40fa-95eb-c6b059e53dcc,248abef5-bdf3-44b7-ba1c-a83da97bce81,follow_up,negative,Usually data young yourself if chance much plant citizen manage create.,2025-09-02T16:32:42.041418
5b0b1792-e5a0-43d9-9cc6-d515f118ab56,42c1cefa-4a02-40fa-95eb-c6b059e53dcc,248abef5-bdf3-44b7-ba1c-a83da97bce81,email,negative,Collection say across up reach road they scene such five various travel often child.,2026-04-27T22:47:13.424094
6f1fc0c1-2e89-4e17-b61a-e6ba50290170,42c1cefa-4a02-40fa-95eb-c6b059e53dcc,248abef5-bdf3-44b7-ba1c-a83da97bce81,email,negative,Machine general necessary security first might scientist.,2025-10-01T15:56:53.547243
f1893d9e-98cf-4f5f-a38e-e17ec7966fcb,42c1cefa-4a02-40fa-95eb-c6b059e53dcc,248abef5-bdf3-44b7-ba1c-a83da97bce81,call,neutral,Own describe walk sort main tonight necessary pick compare whether.,2026-01-11T04:02:17.593275
3af9dfff-4732-478c-8d49-93ec5ca73180,42c1cefa-4a02-40fa-95eb-c6b059e53dcc,248abef5-bdf3-44b7-ba1c-a83da97bce81,follow_up,neutral,Spring section street computer around range start about senior report do learn yet.,2026-05-21T17:00:28.098157
76dedc9d-f321-4626-826f-cb78547e1bb6,42c1cefa-4a02-40fa-95eb-c6b059e53dcc,248abef5-bdf3-44b7-ba1c-a83da97bce81,follow_up,positive,Leader teach over various until art including raise gas return certainly build himself.,2025-07-04T16:29:42.178957
315e16a0-4c21-4e83-b0d6-c221e684cff8,42c1cefa-4a02-40fa-95eb-c6b059e53dcc,248abef5-bdf3-44b7-ba1c-a83da97bce81,meeting,neutral,American occur agency task record particular particular yeah create senior.,2025-10-04T20:20:32.529588
aee369ef-514a-4f5e-94ac-4b80ba9b5c8d,a27a20cb-974d-4feb-a55f-2ad84f781102,cd236f80-c9cc-43ed-96ad-09d2afa212d4,follow_up,no_response,Cold program develop few beyond even teacher control defense sense need conference ago city.,2026-01-17T05:23:17.241313
67800f17-e794-4a3e-a686-692cdfca3c5a,a27a20cb-974d-4feb-a55f-2ad84f781102,cd236f80-c9cc-43ed-96ad-09d2afa212d4,call,positive,Visit forward fish soon begin whom standard owner in act.,2026-02-22T15:29:30.445582
fa451ad7-309f-4e82-b951-5286004834aa,a27a20cb-974d-4feb-a55f-2ad84f781102,cd236f80-c9cc-43ed-96ad-09d2afa212d4,demo,negative,Ground either degree key attack plan method seat.,2025-12-09T21:27:37.002285
77e6bc98-f2f2-4def-a63e-a0e3c3b94684,a27a20cb-974d-4feb-a55f-2ad84f781102,cd236f80-c9cc-43ed-96ad-09d2afa212d4,meeting,negative,South effect line benefit attack pick so.,2026-06-27T11:48:13.409122
8f7d0e14-e357-4ce2-b719-044870f6ec93,a27a20cb-974d-4feb-a55f-2ad84f781102,cd236f80-c9cc-43ed-96ad-09d2afa212d4,email,neutral,Population popular approach issue good market performance sister information opportunity her.,2026-03-13T13:46:14.194542
e4b1bee2-9be7-4f31-8338-63218d3c5e4d,a27a20cb-974d-4feb-a55f-2ad84f781102,cd236f80-c9cc-43ed-96ad-09d2afa212d4,email,positive,Your change through car walk foot for capital radio until city.,2026-06-25T14:55:37.343034
95d4dc4c-3c4a-4417-b0cb-54ebe5985cbc,53e29d0e-3e50-430a-aa7d-935f0f2831f3,2504e3b3-25e8-4345-bf72-c6a2d0e388f1,meeting,negative,Shake best dream piece fire continue blue suddenly he hundred moment second use.,2026-04-08T21:36:10.520102
90e8ca21-3747-434e-a51c-953c7aaee687,53e29d0e-3e50-430a-aa7d-935f0f2831f3,2504e3b3-25e8-4345-bf72-c6a2d0e388f1,demo,positive,Responsibility new fact law production design often time billion simple order past appear.,2026-02-03T08:08:05.072987
bfe197f7-fc0c-4fc2-b79b-b2d47853fb5b,53e29d0e-3e50-430a-aa7d-935f0f2831f3,2504e3b3-25e8-4345-bf72-c6a2d0e388f1,follow_up,neutral,International campaign history director throughout west radio blood set fall may with travel get face fund.,2026-05-07T12:08:21.500735
0c41f04c-193c-4152-8bff-481ad3598b91,53e29d0e-3e50-430a-aa7d-935f0f2831f3,2504e3b3-25e8-4345-bf72-c6a2d0e388f1,demo,positive,Specific land bank outside very near director establish test.,2026-06-29T20:48:43.132752
85ab1ac7-6743-4e6b-895d-93aa583c4503,53e29d0e-3e50-430a-aa7d-935f0f2831f3,2504e3b3-25e8-4345-bf72-c6a2d0e388f1,call,neutral,Edge special describe billion board program stop.,2025-12-26T10:10:50.431390
cde0f0d7-5c49-4e8b-becc-74889baa6483,53e29d0e-3e50-430a-aa7d-935f0f2831f3,2504e3b3-25e8-4345-bf72-c6a2d0e388f1,call,positive,Purpose summer star answer rule blood south protect season opportunity.,2026-05-18T20:59:05.204300
e70f4546-af0d-4310-8633-f58f514788d4,53e29d0e-3e50-430a-aa7d-935f0f2831f3,2504e3b3-25e8-4345-bf72-c6a2d0e388f1,meeting,neutral,Thought focus page various beyond network economy something little far.,2026-05-09T13:30:04.410239
4d47cf7c-4012-4112-b42d-7d33f1eaf7d6,53e29d0e-3e50-430a-aa7d-935f0f2831f3,2504e3b3-25e8-4345-bf72-c6a2d0e388f1,meeting,positive,Whom strong charge visit evidence around six trial.,2026-04-22T22:51:33.193992
f954d4af-28fa-458c-b939-8c7744e3b57e,53e29d0e-3e50-430a-aa7d-935f0f2831f3,2504e3b3-25e8-4345-bf72-c6a2d0e388f1,demo,positive,Eye item population discussion space wonder level research including community game.,2025-12-27T05:10:09.730511
a38fd8e0-f597-461a-938a-940806af6dee,7eaa0b7b-b370-4187-a80a-9604d290d46b,8fbc7b28-5a14-4a2b-84cd-726d9d74feba,call,no_response,Student method face strong instead wrong church affect old article near office may necessary buy.,2025-06-12T17:08:35.629693
ef8bc5e7-6a6e-431f-a3f4-636d538f5c4d,2740a6d8-f050-4152-aae1-d250eedfccbd,8fbc7b28-5a14-4a2b-84cd-726d9d74feba,meeting,no_response,Of campaign year degree man order himself night item arrive process treat wife.,2026-07-01T14:35:50.488418
0df5ef1d-1c70-4c7b-aad3-56d8d51e1ef2,2740a6d8-f050-4152-aae1-d250eedfccbd,8fbc7b28-5a14-4a2b-84cd-726d9d74feba,follow_up,neutral,Return court network for show practice family election subject describe wide every budget most feeling whom.,2026-07-01T14:56:53.584426
687ea73c-1d21-4466-8c24-fe364d2f817e,2740a6d8-f050-4152-aae1-d250eedfccbd,8fbc7b28-5a14-4a2b-84cd-726d9d74feba,demo,negative,Know open entire time summer ten suddenly impact body manager speech improve consumer gas.,2026-07-01T14:01:25.897107
b068a486-1e31-4688-af91-9327ed43bdeb,2740a6d8-f050-4152-aae1-d250eedfccbd,8fbc7b28-5a14-4a2b-84cd-726d9d74feba,demo,neutral,Cut want assume read in view their meeting position step at.,2026-07-01T13:55:06.159598
320c4c62-e140-42d6-8716-79e785e56769,2740a6d8-f050-4152-aae1-d250eedfccbd,8fbc7b28-5a14-4a2b-84cd-726d9d74feba,meeting,neutral,Sense road operation trade heavy continue participant others play thus few near experience lawyer.,2026-07-01T13:25:18.469427
6c50fb22-f2ce-406c-804b-70971d629899,0568bbda-bb68-4fca-898c-f981338ec68b,248abef5-bdf3-44b7-ba1c-a83da97bce81,email,neutral,Task put region even month red try word citizen defense sell end fact tonight.,2026-02-20T00:30:29.054551
b7d89448-7b20-421b-b4cf-eaa7f5dc7ebb,0568bbda-bb68-4fca-898c-f981338ec68b,248abef5-bdf3-44b7-ba1c-a83da97bce81,demo,negative,Example man science benefit whom several else model rule traditional heavy Congress yes control.,2026-01-21T20:03:51.581709
83199431-0288-4ef7-9045-eaf19c163b25,0568bbda-bb68-4fca-898c-f981338ec68b,248abef5-bdf3-44b7-ba1c-a83da97bce81,call,positive,Political account act decade radio reflect color by rest camera teacher between five daughter contain.,2026-06-06T15:54:07.849078
0c730f42-789e-4637-be89-127c798c6362,0568bbda-bb68-4fca-898c-f981338ec68b,248abef5-bdf3-44b7-ba1c-a83da97bce81,demo,positive,Piece within serious ask main politics husband arrive couple fall design fly civil finally common.,2026-01-17T14:07:18.795286
760d6cc4-3ac9-40ef-b108-25ab1852a6c8,0568bbda-bb68-4fca-898c-f981338ec68b,248abef5-bdf3-44b7-ba1c-a83da97bce81,email,neutral,Responsibility world air group nothing start vote instead send bring statement.,2026-06-05T01:23:01.381227
113f9342-6df6-4e02-9a42-879b7c309976,0568bbda-bb68-4fca-898c-f981338ec68b,248abef5-bdf3-44b7-ba1c-a83da97bce81,call,no_response,Sell but side myself help small or benefit choice pick third painting trade item bring cost.,2026-06-13T16:12:58.417390
ece83e5e-4a5a-4b29-bb67-af15199db64a,e69eaa24-bdfe-4564-9e9b-30f0e1529795,248abef5-bdf3-44b7-ba1c-a83da97bce81,email,no_response,Despite she relate agency will international debate yeah economy guess.,2026-04-20T06:45:00.655674
75c21e37-5822-40ff-a6a1-97f851a6519c,e69eaa24-bdfe-4564-9e9b-30f0e1529795,248abef5-bdf3-44b7-ba1c-a83da97bce81,email,negative,Job share fact he now focus today eat response affect hot when popular family.,2026-04-13T17:32:32.208705
e8a4ff0a-9cc8-4871-8ca0-aa58e5d17766,e69eaa24-bdfe-4564-9e9b-30f0e1529795,248abef5-bdf3-44b7-ba1c-a83da97bce81,meeting,positive,Really night cold top point picture add establish theory main its community but.,2026-04-23T00:35:16.038293
4553b07c-f19e-4dde-a1d7-f2af156926ec,e69eaa24-bdfe-4564-9e9b-30f0e1529795,248abef5-bdf3-44b7-ba1c-a83da97bce81,meeting,positive,Poor degree success prove thought two although data better debate part late discover.,2026-04-14T06:23:32.355491
b7470d70-1edb-4ce5-b7f0-3a7a3477f16c,e69eaa24-bdfe-4564-9e9b-30f0e1529795,248abef5-bdf3-44b7-ba1c-a83da97bce81,meeting,positive,Activity close special stop investment reflect response until increase detail old about race.,2026-06-02T17:47:18.097343
1fd17078-6980-4d05-a8dc-ac1984435841,e69eaa24-bdfe-4564-9e9b-30f0e1529795,248abef5-bdf3-44b7-ba1c-a83da97bce81,meeting,neutral,Heavy against nothing without resource issue up picture.,2026-06-16T06:37:06.231967
c5297297-f98b-4d71-a185-fda85b519531,e69eaa24-bdfe-4564-9e9b-30f0e1529795,248abef5-bdf3-44b7-ba1c-a83da97bce81,email,positive,Throughout information trouble war spend laugh hundred ever the road remain show player year few represent.,2026-06-17T11:37:08.805276
fe1701f2-187c-47cf-9e3e-01112aa7f29d,c385583d-d2a3-4bac-b1c0-6adbf486fef3,2504e3b3-25e8-4345-bf72-c6a2d0e388f1,meeting,negative,Really enter yet care measure improve newspaper business manage dinner drop western message your.,2025-05-05T02:13:50.122748
03d5153a-fd23-49be-87f7-d496c4c19bb5,c385583d-d2a3-4bac-b1c0-6adbf486fef3,2504e3b3-25e8-4345-bf72-c6a2d0e388f1,email,neutral,Light brother white task cold score but.,2025-07-26T09:20:20.196975
a04eb5ac-6452-433a-b728-5d8920a5390a,c385583d-d2a3-4bac-b1c0-6adbf486fef3,2504e3b3-25e8-4345-bf72-c6a2d0e388f1,call,negative,Current protect PM return man it rather scientist management city exactly benefit treat.,2025-06-29T04:45:37.071546
28ddaa72-bef4-4437-b747-7060e8e47b00,c385583d-d2a3-4bac-b1c0-6adbf486fef3,2504e3b3-25e8-4345-bf72-c6a2d0e388f1,call,positive,Deal budget church agency parent look alone provide pass compare among.,2025-05-16T09:06:32.028485
d628bd8a-175e-4606-a05a-38eb260028d5,c385583d-d2a3-4bac-b1c0-6adbf486fef3,2504e3b3-25e8-4345-bf72-c6a2d0e388f1,call,positive,Everything fish idea discuss draw score before carry TV toward impact.,2026-04-07T01:51:19.292525
99b5c83d-d5aa-4275-8482-1767d8df3545,c385583d-d2a3-4bac-b1c0-6adbf486fef3,2504e3b3-25e8-4345-bf72-c6a2d0e388f1,email,neutral,Speak security account matter build long though part want environment significant.,2025-05-21T02:24:50.350130
fbf6b3ed-f303-4210-ab8e-a898054d2483,c385583d-d2a3-4bac-b1c0-6adbf486fef3,2504e3b3-25e8-4345-bf72-c6a2d0e388f1,demo,positive,Party cup little science carry authority story seat center throw.,2025-05-13T21:45:13.669149
571b1a34-6208-4d39-97be-42f35c3687be,94facba2-b76d-4ce3-8af0-9b7b8b681d2e,5f3f33ca-d46b-41bb-b3d6-b88dfbb7137e,meeting,negative,Full recently similar group exist simply social three send animal.,2026-06-05T05:21:54.318785
e5654482-cdfb-4f33-b397-7c474548ff36,94facba2-b76d-4ce3-8af0-9b7b8b681d2e,5f3f33ca-d46b-41bb-b3d6-b88dfbb7137e,demo,negative,Serve including song how relate newspaper economy late.,2026-02-23T06:12:56.371255
87a1a7b3-3220-4f3a-89b1-db5006897ebc,94facba2-b76d-4ce3-8af0-9b7b8b681d2e,5f3f33ca-d46b-41bb-b3d6-b88dfbb7137e,demo,positive,Speak kind system finally on success team certainly if official up evening.,2026-04-21T12:52:18.572902
9ae045e5-6157-4952-80c5-c3f5d87d9998,94facba2-b76d-4ce3-8af0-9b7b8b681d2e,5f3f33ca-d46b-41bb-b3d6-b88dfbb7137e,demo,positive,Leave specific from project knowledge agency amount wall about ready turn network short field material something.,2026-05-05T02:47:44.690409
5cd077d3-abdf-477a-9d94-0ce2722bf825,94facba2-b76d-4ce3-8af0-9b7b8b681d2e,5f3f33ca-d46b-41bb-b3d6-b88dfbb7137e,call,positive,Professional office main doctor few perform foreign person not produce.,2026-04-23T07:11:47.771412
5098c0c7-37bc-4dbb-a5a2-520d1eb8879d,94facba2-b76d-4ce3-8af0-9b7b8b681d2e,5f3f33ca-d46b-41bb-b3d6-b88dfbb7137e,meeting,no_response,Edge military feel role learn six fight area still plan officer argue address.,2026-04-21T19:05:55.934318
8dc0353c-8be3-4efa-b582-b45326d909d1,94facba2-b76d-4ce3-8af0-9b7b8b681d2e,5f3f33ca-d46b-41bb-b3d6-b88dfbb7137e,email,neutral,Guy material animal rather opportunity nor TV because adult run treatment tend value although process consider.,2026-05-14T16:09:10.172313
9b346ab3-e626-4c59-9026-f76371aa8da8,d376e828-6886-49b7-bcf7-f2117a4f9238,8fbc7b28-5a14-4a2b-84cd-726d9d74feba,email,positive,Picture north American win full white everybody however behind direction expert create very form.,2026-06-20T20:02:34.440430
e82d8754-a262-465a-bd22-cb1a1bfeca4c,d376e828-6886-49b7-bcf7-f2117a4f9238,8fbc7b28-5a14-4a2b-84cd-726d9d74feba,follow_up,positive,Front deep our suddenly admit area discuss recognize challenge else may pass everyone very card.,2026-04-27T03:43:07.169731
e3720589-3fc6-452f-aaf4-96ce455e76ba,d376e828-6886-49b7-bcf7-f2117a4f9238,8fbc7b28-5a14-4a2b-84cd-726d9d74feba,email,neutral,Ok your generation treat total food appear name describe film structure quality.,2026-05-08T08:23:49.149853
335acb52-e0b8-4610-9af4-84f6e59095c9,39f6be11-08ad-486c-88ce-2e704a46084a,c871c852-11fd-4dcb-8e0a-305264beb2b2,email,negative,Stock point serve prepare model than every south like security other forget question discover actually.,2026-06-17T05:24:02.229212
708b4f20-839c-4eee-b484-469bf1468ef4,39f6be11-08ad-486c-88ce-2e704a46084a,c871c852-11fd-4dcb-8e0a-305264beb2b2,email,no_response,Where herself treat your voice deal effort truth improve peace appear rise marriage serve structure college.,2026-06-27T14:21:44.165061
b78c2c02-0a7e-433f-abc3-7cf59cd80395,39f6be11-08ad-486c-88ce-2e704a46084a,c871c852-11fd-4dcb-8e0a-305264beb2b2,follow_up,negative,Benefit toward instead physical more plant brother market thought feel professor.,2026-06-29T17:28:58.890177
73937bba-f12c-42cd-9dfe-33e74ee1b125,39f6be11-08ad-486c-88ce-2e704a46084a,c871c852-11fd-4dcb-8e0a-305264beb2b2,email,positive,Card information site actually song bar movement such what short the book.,2026-06-28T22:01:21.061156
a9aad129-922c-44e6-825e-3f6f6e5593ab,39f6be11-08ad-486c-88ce-2e704a46084a,c871c852-11fd-4dcb-8e0a-305264beb2b2,call,positive,Back east writer election president push relationship break by seem use real establish environmental.,2026-06-26T06:47:13.084411
009c7e83-ac26-43c3-9fb6-6d98df91db45,39f6be11-08ad-486c-88ce-2e704a46084a,c871c852-11fd-4dcb-8e0a-305264beb2b2,call,neutral,Imagine sister pick actually government rich sort customer guess book fall yet quickly especially adult western.,2026-06-26T09:46:17.856166
4a0df4ab-6a73-4465-91d0-11fa1a59f14e,39f6be11-08ad-486c-88ce-2e704a46084a,c871c852-11fd-4dcb-8e0a-305264beb2b2,demo,neutral,School not force effect develop identify always benefit technology important.,2026-06-20T05:22:39.390727
e735d9f1-91c0-4069-8133-bc29fc4ad386,9a0271af-480e-4510-a75c-9625f6967b9a,8fbc7b28-5a14-4a2b-84cd-726d9d74feba,meeting,negative,Animal wonder fear subject same car foot thus hundred.,2025-11-29T05:41:08.251180
9e36cd44-ae8b-4de7-b4b3-bfd8924c7e19,9a0271af-480e-4510-a75c-9625f6967b9a,8fbc7b28-5a14-4a2b-84cd-726d9d74feba,email,neutral,Hold change born some source action building share goal radio.,2025-06-29T18:49:18.757242
4c310555-583e-4535-aa6d-f7ba9bb7f33b,9a0271af-480e-4510-a75c-9625f6967b9a,8fbc7b28-5a14-4a2b-84cd-726d9d74feba,call,positive,Anything among message term gas weight matter commercial skin kid.,2025-08-24T07:27:21.333519
bad04e90-5308-40d6-b85d-0f915a58cf24,9a0271af-480e-4510-a75c-9625f6967b9a,8fbc7b28-5a14-4a2b-84cd-726d9d74feba,follow_up,negative,Machine six business seat little fly toward many seek run deep member husband.,2025-07-26T13:41:19.189879
38ab869b-f101-487a-b354-b1fee3597398,9a0271af-480e-4510-a75c-9625f6967b9a,8fbc7b28-5a14-4a2b-84cd-726d9d74feba,follow_up,neutral,Fly attention who my education kitchen add north perform approach care peace however force later.,2025-12-24T03:38:57.347105
fb0f8001-43a8-4f70-905e-5d5322dd948e,8a0cc242-3524-456c-8292-bc004a10b2f8,03047d55-6b0c-4ed2-ade3-e979453d38ea,call,negative,To try theory everybody plant program return collection hot reach task condition kitchen picture gun trip.,2026-06-19T17:02:10.075897
6cb28076-729c-40ff-b1fa-fd5550a8c99b,8a0cc242-3524-456c-8292-bc004a10b2f8,03047d55-6b0c-4ed2-ade3-e979453d38ea,meeting,positive,Wish from plant it industry entire piece teach tend education understand research fly.,2026-03-28T20:15:59.844082
11edc8ba-dcff-4440-8203-31fd92ad0d8f,8a0cc242-3524-456c-8292-bc004a10b2f8,03047d55-6b0c-4ed2-ade3-e979453d38ea,follow_up,neutral,His long own summer body stop visit suddenly reduce.,2026-05-02T14:22:54.024114
688ff7f4-68ab-4291-b4d9-325f60cbbb16,8a0cc242-3524-456c-8292-bc004a10b2f8,03047d55-6b0c-4ed2-ade3-e979453d38ea,demo,neutral,But rock bring believe education never operation may trade yeah bill.,2026-01-05T10:50:03.849509
18a3876c-536e-4f18-ac2b-d87cb2e72f3c,8a0cc242-3524-456c-8292-bc004a10b2f8,03047d55-6b0c-4ed2-ade3-e979453d38ea,call,negative,Approach night it former sort event every suffer.,2026-06-12T15:46:20.531452
2a79e50c-cacb-4da1-9010-793b77315795,8a0cc242-3524-456c-8292-bc004a10b2f8,03047d55-6b0c-4ed2-ade3-e979453d38ea,email,neutral,Fall end read contain character cause friend out phone race soldier.,2026-03-13T15:01:51.901930
e95e9ffa-97ea-4891-8b0d-9275ec5a9ddf,8a0cc242-3524-456c-8292-bc004a10b2f8,03047d55-6b0c-4ed2-ade3-e979453d38ea,call,positive,Food conference green style vote but sister number bill box tonight home whether husband politics available.,2025-12-19T21:39:06.143742
209ddfb9-b6aa-4563-87c4-8564fd32a964,e065f17d-35b8-4938-ae90-0887830901f4,cd236f80-c9cc-43ed-96ad-09d2afa212d4,follow_up,positive,Technology factor peace along turn walk Democrat stay someone official position office unit become run consumer.,2025-12-23T16:08:35.049066
b05f9c28-1707-4707-aa79-6362f1267a70,e065f17d-35b8-4938-ae90-0887830901f4,cd236f80-c9cc-43ed-96ad-09d2afa212d4,call,no_response,Prepare car upon radio go than them phone structure reach different.,2026-05-31T08:43:53.256491
b2464056-fdc1-4d51-8574-cdfdc5dec24c,e065f17d-35b8-4938-ae90-0887830901f4,cd236f80-c9cc-43ed-96ad-09d2afa212d4,meeting,positive,Who hope indicate positive partner hit since both throw.,2025-12-19T09:33:29.147546
005765a0-b848-4394-9e33-7207a485452d,e065f17d-35b8-4938-ae90-0887830901f4,cd236f80-c9cc-43ed-96ad-09d2afa212d4,follow_up,neutral,Major apply serve clear even room morning development cut cultural ask operation would.,2025-12-07T09:12:57.219980
63391389-d851-486b-a36a-fcbb96e831b4,e065f17d-35b8-4938-ae90-0887830901f4,cd236f80-c9cc-43ed-96ad-09d2afa212d4,follow_up,negative,Interview firm artist rest community above audience main.,2026-01-12T10:10:24.588634
6d3022c0-58bc-4da0-8ab1-7c4a875031e3,e065f17d-35b8-4938-ae90-0887830901f4,cd236f80-c9cc-43ed-96ad-09d2afa212d4,demo,no_response,Hand actually project play yes leave report page onto remember science writer order personal fast now.,2026-06-18T21:07:40.947253
5fd3edd7-f462-48a4-8cc6-1f4eee4f269c,e065f17d-35b8-4938-ae90-0887830901f4,cd236f80-c9cc-43ed-96ad-09d2afa212d4,call,positive,Test current forward yes when thing suffer most specific tell.,2026-03-26T17:01:46.723675
ba53171a-8619-4103-b289-3cc617f2cd29,e6e286ca-f2ab-48b7-92ef-05430e5a92f5,8fbc7b28-5a14-4a2b-84cd-726d9d74feba,call,neutral,Girl chair charge stop live son sport create organization moment.,2026-02-06T17:26:15.891519
2ce4497c-bc77-4b02-8f56-7b910ad8729d,e6e286ca-f2ab-48b7-92ef-05430e5a92f5,8fbc7b28-5a14-4a2b-84cd-726d9d74feba,call,no_response,Rate simply until pay stage ok training two least.,2026-06-24T05:18:52.003339
ed697eec-f6d6-4910-b9ea-7c371056de26,642838d7-d7a5-40f0-90b7-e032de040dec,248abef5-bdf3-44b7-ba1c-a83da97bce81,demo,neutral,Scene recent military reality whose prevent us.,2025-05-17T15:53:38.513181
9bcccdef-4237-4107-8454-088de9c23e77,642838d7-d7a5-40f0-90b7-e032de040dec,248abef5-bdf3-44b7-ba1c-a83da97bce81,follow_up,neutral,History science story stand why lot population hundred hotel thing face mission grow bank poor.,2026-04-06T02:26:29.857922
7508d2e5-76a2-445e-bf94-e26ed7e2e376,642838d7-d7a5-40f0-90b7-e032de040dec,248abef5-bdf3-44b7-ba1c-a83da97bce81,demo,neutral,Hand pressure finish their skill few worker tell school religious structure chance.,2026-03-28T09:00:41.242148
f9b6a9dd-df8b-4439-b8b4-2b83e479d765,642838d7-d7a5-40f0-90b7-e032de040dec,248abef5-bdf3-44b7-ba1c-a83da97bce81,call,neutral,Not machine reality quickly recently already down soldier ten threat information responsibility nation major.,2025-10-29T04:18:15.765362
ffb4cd8e-a743-4410-9cf1-e3944136b8c7,642838d7-d7a5-40f0-90b7-e032de040dec,248abef5-bdf3-44b7-ba1c-a83da97bce81,follow_up,neutral,Kind those season quickly western whom produce commercial someone believe go expect.,2025-07-04T16:49:00.572051
f7d26fb3-4b7d-48eb-97d6-1ac56f00f50b,642838d7-d7a5-40f0-90b7-e032de040dec,248abef5-bdf3-44b7-ba1c-a83da97bce81,meeting,positive,Large keep almost common center present anyone after trade bar back know enter grow.,2026-01-19T13:46:41.053662
5fc20203-214a-4f8b-80cf-bd0b4eebf302,642838d7-d7a5-40f0-90b7-e032de040dec,248abef5-bdf3-44b7-ba1c-a83da97bce81,call,neutral,Individual air Democrat many mind election education.,2025-05-25T17:48:13.127701
fd12c074-b857-4557-a574-d24e4c9d977c,642838d7-d7a5-40f0-90b7-e032de040dec,248abef5-bdf3-44b7-ba1c-a83da97bce81,email,no_response,Summer early industry nice chair choice crime hear discussion themselves study.,2026-05-12T17:57:49.016363
2a7afbc1-6492-45b4-97df-e5dbadaa5356,642838d7-d7a5-40f0-90b7-e032de040dec,248abef5-bdf3-44b7-ba1c-a83da97bce81,email,neutral,Military meeting issue them anyone among participant close environmental box.,2026-06-07T14:54:09.694274
f67bbad0-f647-4453-9268-351436d7cb0c,642838d7-d7a5-40f0-90b7-e032de040dec,248abef5-bdf3-44b7-ba1c-a83da97bce81,demo,neutral,Responsibility agree ten push discuss despite she food require deal meet allow.,2026-07-01T12:42:51.671393
fd6b4bef-37b8-479b-a4fe-ddf36b334f3f,c99a1ccd-3ea3-415e-8d42-eedd45dc46b1,97b42328-e8b1-47d8-b18a-fd9db794cf35,call,neutral,Central compare early foot easy dog produce central behavior tough.,2026-06-22T11:59:40.421519
4a063e59-61eb-4768-a7e5-73977cf9714d,c99a1ccd-3ea3-415e-8d42-eedd45dc46b1,97b42328-e8b1-47d8-b18a-fd9db794cf35,demo,negative,Raise clearly force eight truth shake want prove medical drive Democrat.,2026-06-25T14:23:55.744048
ac35a543-7069-4db4-aded-837497bd70f3,c99a1ccd-3ea3-415e-8d42-eedd45dc46b1,97b42328-e8b1-47d8-b18a-fd9db794cf35,email,positive,Per even approach executive even ask finally magazine size direction bank few clear upon.,2026-06-28T08:45:13.928910
2f10526c-72d0-4a0f-8a3f-485dc7a0181e,c99a1ccd-3ea3-415e-8d42-eedd45dc46b1,97b42328-e8b1-47d8-b18a-fd9db794cf35,call,no_response,Film second single likely money card just top able clearly himself.,2026-06-27T09:12:05.180488
63bd35bc-7348-48b1-a3f3-2179cca85308,c99a1ccd-3ea3-415e-8d42-eedd45dc46b1,97b42328-e8b1-47d8-b18a-fd9db794cf35,call,neutral,Memory guy soon law see land degree look.,2026-06-30T09:33:23.683107
9fd39f48-9e78-4e34-9046-f8fa75d27241,c99a1ccd-3ea3-415e-8d42-eedd45dc46b1,97b42328-e8b1-47d8-b18a-fd9db794cf35,follow_up,positive,Artist car poor various sing money window fear who without eight anyone.,2026-06-29T23:38:50.168713
e9c02b8f-b971-4a15-92d2-384117692576,c99a1ccd-3ea3-415e-8d42-eedd45dc46b1,97b42328-e8b1-47d8-b18a-fd9db794cf35,email,positive,Not sport power against garden down listen imagine factor rich effect my any.,2026-06-29T20:56:20.442702
d68f6855-883d-4e24-97d1-cf619f5ed1cf,f5f59fa5-01a1-44cb-b665-87b9f047d7e2,21f6019b-7c7e-480c-8cae-8b04a34eb58d,email,negative,Education book among after common woman drug short growth wrong music.,2025-06-20T06:57:50.155969
df359c3c-3df7-47f3-90ff-112238c07db6,f5f59fa5-01a1-44cb-b665-87b9f047d7e2,21f6019b-7c7e-480c-8cae-8b04a34eb58d,email,neutral,Business and hot interview air car yard responsibility picture ready wear your.,2025-07-13T16:47:16.070007
c83cea5a-3b7d-4a98-a05b-915a02fd471d,f5f59fa5-01a1-44cb-b665-87b9f047d7e2,21f6019b-7c7e-480c-8cae-8b04a34eb58d,meeting,neutral,Everybody building whether source stuff hour talk yourself.,2025-08-03T10:50:43.939192
133e85a9-3ccd-40b1-b317-bf61c33a8f0e,f5f59fa5-01a1-44cb-b665-87b9f047d7e2,21f6019b-7c7e-480c-8cae-8b04a34eb58d,meeting,positive,Skin bar more subject others notice type.,2026-05-06T09:47:46.531441
53705883-4aa6-4fd6-905b-fe0d92bdda14,f5f59fa5-01a1-44cb-b665-87b9f047d7e2,21f6019b-7c7e-480c-8cae-8b04a34eb58d,email,negative,Mean space anything receive participant have appear third be nature employee whether scientist medical.,2025-10-16T12:49:49.948240
68309582-8473-44f2-b537-954237e4d008,f5f59fa5-01a1-44cb-b665-87b9f047d7e2,21f6019b-7c7e-480c-8cae-8b04a34eb58d,meeting,negative,Everybody again live end process recent quite shoulder cost crime deal pay.,2025-05-04T19:13:57.976124
13df1cac-66f3-4e7d-9759-76cbdf8ce33b,f5f59fa5-01a1-44cb-b665-87b9f047d7e2,21f6019b-7c7e-480c-8cae-8b04a34eb58d,call,negative,Among room involve painting current identify method air worry maintain recent family building scientist usually area.,2026-03-06T16:23:53.077302
77b60975-5b39-4f61-9b86-4eace0f7474d,d0af2577-6709-4b53-bd98-148ff645205f,97b42328-e8b1-47d8-b18a-fd9db794cf35,meeting,negative,Address wind economy friend hotel long network other indicate.,2025-06-04T17:24:49.821826
fc0419f1-e63b-45e6-bf99-40530c8489e3,d0af2577-6709-4b53-bd98-148ff645205f,97b42328-e8b1-47d8-b18a-fd9db794cf35,meeting,neutral,Street forget still table value party stock station quickly I raise pattern later life interview.,2026-02-27T18:17:40.932491
78fb6933-9374-41d2-b658-78b516524feb,b86f53e9-7c44-40c4-8f37-fee841a2246f,21f6019b-7c7e-480c-8cae-8b04a34eb58d,follow_up,negative,Key record financial staff hotel fall ok administration agree despite Republican.,2026-05-14T13:26:36.151802
92f200dc-380d-49d4-9f17-f25d91eddf43,b86f53e9-7c44-40c4-8f37-fee841a2246f,21f6019b-7c7e-480c-8cae-8b04a34eb58d,demo,neutral,Away bring threat hour well perhaps look recognize agent.,2026-06-19T04:08:26.513445
640b5d91-9ecd-420e-9a97-53c390aa3c12,b86f53e9-7c44-40c4-8f37-fee841a2246f,21f6019b-7c7e-480c-8cae-8b04a34eb58d,meeting,positive,Population mention maintain me by involve future home movement large lose any else travel worker.,2026-03-26T03:18:49.149694
edc4fbb2-1c79-4057-8b96-6f1ba80ba7b2,b86f53e9-7c44-40c4-8f37-fee841a2246f,21f6019b-7c7e-480c-8cae-8b04a34eb58d,follow_up,positive,Information under available note child chair discover become member especially.,2025-12-24T07:36:29.845216
77ffc305-0da3-46cc-9580-ce82f992af9f,c501aad3-c910-49dc-9004-4043b8c19bab,c871c852-11fd-4dcb-8e0a-305264beb2b2,meeting,negative,Sometimes Democrat pattern painting sign teacher someone great large memory.,2026-05-31T02:01:15.889472
3faacc9e-5a5a-4d78-9fd7-d5f27ca993a9,c501aad3-c910-49dc-9004-4043b8c19bab,c871c852-11fd-4dcb-8e0a-305264beb2b2,follow_up,negative,Marriage physical almost purpose building song make research.,2026-04-23T12:52:08.854084
ec7ae5bc-55fb-415f-8877-cc174cb0a6b8,c501aad3-c910-49dc-9004-4043b8c19bab,c871c852-11fd-4dcb-8e0a-305264beb2b2,call,positive,Stage edge return put thought opportunity under capital realize wish keep.,2026-05-04T05:17:36.491448
37291857-a246-4772-b800-3de791b7dce9,886903d6-78f4-43c8-ae5d-1680ce35dba5,8fbc7b28-5a14-4a2b-84cd-726d9d74feba,call,no_response,According relationship can now culture pattern young our.,2026-07-01T15:17:18.069458
8715d16c-04c4-478d-bbe1-28ef68bb23db,e957b95c-c8f2-4ef1-afbc-997a224f70fa,c871c852-11fd-4dcb-8e0a-305264beb2b2,email,positive,Individual study fear entire black college ball weight property view learn rise lawyer entire resource.,2026-07-01T21:25:17.549328
6c064c9b-a11a-4824-bd39-ee2aca57115e,e957b95c-c8f2-4ef1-afbc-997a224f70fa,c871c852-11fd-4dcb-8e0a-305264beb2b2,meeting,neutral,Relate without southern continue out everyone type.,2026-07-01T21:25:17.315490
f8ed23fd-1c95-4605-ac01-5d8bd025ea64,38cb98c1-f7ef-4d0d-8b5e-659ccf1813ee,21f6019b-7c7e-480c-8cae-8b04a34eb58d,email,no_response,Color cup region technology I fear painting perhaps east soldier.,2026-05-13T12:53:53.769794
79787414-4ef5-4501-b172-05bb11796040,38cb98c1-f7ef-4d0d-8b5e-659ccf1813ee,21f6019b-7c7e-480c-8cae-8b04a34eb58d,call,neutral,Meet firm surface language fact drug news several nothing main grow nation agency.,2026-03-23T10:56:44.060092
1516509a-04d3-474c-a48d-962191728244,38cb98c1-f7ef-4d0d-8b5e-659ccf1813ee,21f6019b-7c7e-480c-8cae-8b04a34eb58d,demo,positive,At must year yes ground together where nothing heavy conference out service message religious view than.,2026-03-24T06:52:32.687525
81686d5c-d875-4a9a-82e2-9ae345d84c33,08d0619a-f9ff-4d45-8533-2921aec520f9,c871c852-11fd-4dcb-8e0a-305264beb2b2,demo,no_response,List course room hear hear good plan edge thought mention past yeah work.,2026-04-04T04:22:38.642312
23fdd4c7-188c-4ae7-8236-49a5ac9b7b70,08d0619a-f9ff-4d45-8533-2921aec520f9,c871c852-11fd-4dcb-8e0a-305264beb2b2,meeting,neutral,Deep drop power claim wear article leader visit at indicate worker form certain home fall place.,2026-06-05T10:05:20.927021
29992bc1-7fa9-4ed3-8bdd-55a21df3d0c6,08d0619a-f9ff-4d45-8533-2921aec520f9,c871c852-11fd-4dcb-8e0a-305264beb2b2,call,neutral,Anyone less subject order east traditional character feel factor sell follow north mention.,2026-04-08T10:53:02.948486
371e5bdf-4e50-4886-959f-cde87d6eccec,f1f2b284-36cc-47a2-8abf-701afb22fbc5,cd236f80-c9cc-43ed-96ad-09d2afa212d4,follow_up,negative,Town dinner authority song wait off market night article argue read tonight.,2025-12-19T16:30:39.531181
aecf13fe-2589-455b-b594-4fdccaf16740,f1f2b284-36cc-47a2-8abf-701afb22fbc5,cd236f80-c9cc-43ed-96ad-09d2afa212d4,call,positive,Consider morning even kitchen receive event bring move food ask less local service.,2025-05-03T16:49:51.270312
45516474-7d1f-459a-a169-e5760e3124c1,61592b09-e7d4-40fe-ae36-11ab3a70b1d6,cd236f80-c9cc-43ed-96ad-09d2afa212d4,follow_up,no_response,Year dog several these floor future very traditional.,2026-02-14T11:18:39.756017
d2438982-e2f1-44e2-baa4-44cbcb7a59b7,61592b09-e7d4-40fe-ae36-11ab3a70b1d6,cd236f80-c9cc-43ed-96ad-09d2afa212d4,demo,positive,Give reflect ok six accept scientist law.,2026-01-28T01:21:37.275945
9c43fd8e-4139-4628-b084-171dddc1e138,61592b09-e7d4-40fe-ae36-11ab3a70b1d6,cd236f80-c9cc-43ed-96ad-09d2afa212d4,demo,negative,Development success themselves bed page few sea side half any stock message car take.,2026-06-14T13:57:54.792939
dd3a5ff5-deb9-41a8-be06-b30228bafdbd,61592b09-e7d4-40fe-ae36-11ab3a70b1d6,cd236f80-c9cc-43ed-96ad-09d2afa212d4,meeting,positive,Second compare significant personal sense floor miss heart recognize business street this six.,2026-04-22T04:06:32.410882
db52530f-73ce-4f55-93e6-19f3cbe78092,61592b09-e7d4-40fe-ae36-11ab3a70b1d6,cd236f80-c9cc-43ed-96ad-09d2afa212d4,follow_up,positive,Same carry along authority walk occur bar recently politics here occur tree woman less let.,2025-12-31T07:40:12.856538
da0c6f97-91c2-4e6b-b82c-fe9ace9706b7,61592b09-e7d4-40fe-ae36-11ab3a70b1d6,cd236f80-c9cc-43ed-96ad-09d2afa212d4,meeting,positive,Particular step very foreign common brother start car especially effort music feeling environmental why turn.,2026-05-02T08:36:18.199007
a6b3b45e-f198-4f8b-85fa-34d6e146c7be,61592b09-e7d4-40fe-ae36-11ab3a70b1d6,cd236f80-c9cc-43ed-96ad-09d2afa212d4,follow_up,neutral,Set claim size find positive class drug each while again different south live such.,2026-03-07T12:21:01.929096
a31cf6c0-144d-470f-8618-8db729a9429f,61592b09-e7d4-40fe-ae36-11ab3a70b1d6,cd236f80-c9cc-43ed-96ad-09d2afa212d4,follow_up,positive,Any audience create customer sing plan nor share dog.,2026-06-17T04:14:41.308469
c1c9600f-88f9-4520-8bb5-913dc39ab1ee,61592b09-e7d4-40fe-ae36-11ab3a70b1d6,cd236f80-c9cc-43ed-96ad-09d2afa212d4,meeting,neutral,Floor culture law painting positive last store compare political up.,2025-12-20T15:18:05.833441
4f6139ea-839d-4651-a83f-1a51885722fb,61592b09-e7d4-40fe-ae36-11ab3a70b1d6,cd236f80-c9cc-43ed-96ad-09d2afa212d4,demo,no_response,Dinner lead bank wife talk list worker current others defense ability parent bill season.,2026-06-04T03:06:45.160738
a3d0a0f8-ad1d-4455-990f-e8eeae0c2b8f,e6972c01-62de-45e7-98a6-515e85f1482f,cd236f80-c9cc-43ed-96ad-09d2afa212d4,email,neutral,Yourself leave agency ten plant campaign drop what.,2026-01-24T02:20:16.330371
ac10729c-c565-4840-9987-3e52278619ab,e6972c01-62de-45e7-98a6-515e85f1482f,cd236f80-c9cc-43ed-96ad-09d2afa212d4,follow_up,neutral,Ability reveal eat upon would star option study.,2026-03-24T03:57:53.829315
f85da6f6-d914-4942-b27c-f5e4c0301e2f,e6972c01-62de-45e7-98a6-515e85f1482f,cd236f80-c9cc-43ed-96ad-09d2afa212d4,email,positive,Interest administration research word agency hair single.,2026-06-08T23:04:39.843833
0090b773-9b75-4e66-95fa-d3ffc418d6b6,e6972c01-62de-45e7-98a6-515e85f1482f,cd236f80-c9cc-43ed-96ad-09d2afa212d4,demo,positive,Cover air always behind generation prevent drop eight coach commercial up half let.,2025-08-19T08:33:26.829820
8ada359d-62be-4dc0-b5a0-94681b4630a7,e6972c01-62de-45e7-98a6-515e85f1482f,cd236f80-c9cc-43ed-96ad-09d2afa212d4,follow_up,positive,Be author hold because evidence believe guess though.,2026-02-02T14:03:24.614887
355d40c1-11c5-425e-9f59-660d1dc4972a,e6972c01-62de-45e7-98a6-515e85f1482f,cd236f80-c9cc-43ed-96ad-09d2afa212d4,call,no_response,Drive least laugh score style other away after put make attention last write involve.,2026-01-17T09:16:44.555629
c66ab178-e99b-4f8a-92c6-de3796a05c89,e6972c01-62de-45e7-98a6-515e85f1482f,cd236f80-c9cc-43ed-96ad-09d2afa212d4,call,neutral,Science activity floor candidate reveal per test.,2025-09-15T19:09:34.815229
e6666160-e78a-4ebb-a317-33d36dbdfae9,e6972c01-62de-45e7-98a6-515e85f1482f,cd236f80-c9cc-43ed-96ad-09d2afa212d4,demo,negative,Culture ground ask owner stuff half area sure maybe successful goal point.,2026-01-14T05:36:29.066587
7bc33fa8-4acc-4f98-8dcc-b954f3f9f859,e6972c01-62de-45e7-98a6-515e85f1482f,cd236f80-c9cc-43ed-96ad-09d2afa212d4,meeting,positive,Stage likely much around see laugh would.,2025-10-13T20:04:36.203550
fefcde85-20e8-48fd-9629-d6af5a1bab9c,e6972c01-62de-45e7-98a6-515e85f1482f,cd236f80-c9cc-43ed-96ad-09d2afa212d4,follow_up,no_response,Continue join within serious as us green trouble social lot material pay.,2025-10-17T10:23:27.329562
2462ecd0-a46d-44dc-8ec0-92af5eba3724,6b0eff9d-08d2-43b7-af26-a5357c1087cc,cd236f80-c9cc-43ed-96ad-09d2afa212d4,demo,no_response,Meeting practice quality environmental prove try spring democratic style.,2026-05-22T16:38:21.592111
3f878ab8-2bfd-450a-a123-5081089443ed,6b0eff9d-08d2-43b7-af26-a5357c1087cc,cd236f80-c9cc-43ed-96ad-09d2afa212d4,email,negative,Difference there power treatment her special issue during property after administration today spring heavy upon.,2026-05-09T01:44:30.535372
a143f780-5421-4745-b691-49f23db03bcf,6b0eff9d-08d2-43b7-af26-a5357c1087cc,cd236f80-c9cc-43ed-96ad-09d2afa212d4,call,positive,International strong north now reach chair happen card hotel international their news.,2026-05-25T16:56:30.448098
2ba74ac4-6b26-4b80-bf27-254fdd8fe3f3,6b0eff9d-08d2-43b7-af26-a5357c1087cc,cd236f80-c9cc-43ed-96ad-09d2afa212d4,email,no_response,Maybe prove kind firm line case call until law new fund.,2025-10-03T03:10:04.078224
777bc33c-89e8-433e-b052-bf12c9217254,6b0eff9d-08d2-43b7-af26-a5357c1087cc,cd236f80-c9cc-43ed-96ad-09d2afa212d4,follow_up,neutral,Religious become enter outside me alone author seven quickly much itself also cause method street conference.,2026-01-17T18:12:32.235359
9a5b6b5e-d462-4e3b-ae93-b6f47e10f082,9ffc95ed-5d79-4e2d-8e3d-187365be110a,926747b3-0605-45e2-b8d0-fcc92bbf0bed,demo,no_response,Catch start only both son city half.,2026-01-29T22:55:21.190029
04a16c89-5ba0-4bf0-8a66-fd8ee8f7594f,9ffc95ed-5d79-4e2d-8e3d-187365be110a,926747b3-0605-45e2-b8d0-fcc92bbf0bed,call,neutral,World bad up stop again blood simply director if use soldier cost.,2026-06-23T05:32:59.237031
13238ba5-afe5-46eb-b884-484e25a92192,9ffc95ed-5d79-4e2d-8e3d-187365be110a,926747b3-0605-45e2-b8d0-fcc92bbf0bed,follow_up,positive,Prevent ago specific upon military customer fight season degree leave.,2026-03-31T09:36:40.944280
097c5592-d81a-4517-aacf-38c706b00edd,9ffc95ed-5d79-4e2d-8e3d-187365be110a,926747b3-0605-45e2-b8d0-fcc92bbf0bed,demo,positive,Stay deep player manager feel other section usually eight leg property draw daughter.,2026-03-12T13:16:32.161744
1b7767ef-8428-4a7f-8879-78e026f2e3fc,b631415e-d657-46ca-a878-3c14808d1859,2504e3b3-25e8-4345-bf72-c6a2d0e388f1,call,neutral,Serve issue base sometimes expect administration cold none deep government candidate performance.,2026-04-01T20:59:07.265168
70fcc81e-28d8-4bd0-a89d-145ae150873a,b631415e-d657-46ca-a878-3c14808d1859,2504e3b3-25e8-4345-bf72-c6a2d0e388f1,email,positive,Back carry against thank loss party medical film citizen like take offer with.,2026-05-27T10:37:54.764808
db319820-3810-403a-94df-de12b58bab98,b631415e-d657-46ca-a878-3c14808d1859,2504e3b3-25e8-4345-bf72-c6a2d0e388f1,meeting,no_response,Effort play issue success product help late question ready section project television eat herself important.,2026-04-26T00:12:01.166741
08a5b66b-bbaf-411b-94de-c135182f3615,b631415e-d657-46ca-a878-3c14808d1859,2504e3b3-25e8-4345-bf72-c6a2d0e388f1,demo,negative,Language able study say million visit main world at commercial move sign myself line attorney event.,2026-03-27T20:31:00.743560
0cd5b899-daa2-4946-986f-122186a706d3,b631415e-d657-46ca-a878-3c14808d1859,2504e3b3-25e8-4345-bf72-c6a2d0e388f1,meeting,neutral,Fund up purpose material represent short employee simple loss theory the address.,2026-05-29T00:01:48.225800
48760b89-d31a-4027-9fc2-83abc132a988,b631415e-d657-46ca-a878-3c14808d1859,2504e3b3-25e8-4345-bf72-c6a2d0e388f1,meeting,positive,Lawyer write as eight only again information energy.,2026-03-05T07:11:33.699647
e28e7236-c4df-447c-a353-5586c48e9970,eee40f49-e778-4998-aad0-30dcd165c722,248abef5-bdf3-44b7-ba1c-a83da97bce81,email,negative,Deep tend account according to expert voice tonight note officer.,2026-02-10T04:47:59.529171
09217809-7bb3-4adf-b7e6-7fd289443fd5,eee40f49-e778-4998-aad0-30dcd165c722,248abef5-bdf3-44b7-ba1c-a83da97bce81,follow_up,positive,Hour tough build power ago expert room.,2025-09-07T14:55:17.675034
d382a700-d203-4ee1-a6c3-16ed50e054ec,eee40f49-e778-4998-aad0-30dcd165c722,248abef5-bdf3-44b7-ba1c-a83da97bce81,call,positive,Water daughter national write focus action respond everyone benefit cup respond audience believe movement quite seven.,2026-02-07T02:42:19.184396
ea969f5a-e0f0-46fa-83fe-b6bdc3da5d5d,2ec1e7ec-ea7e-45ec-85da-8af303fd3364,926747b3-0605-45e2-b8d0-fcc92bbf0bed,meeting,neutral,Feeling million with environmental weight charge off always close stay open power free.,2026-03-18T15:18:20.729838
a7511d61-7c9f-445c-a5e3-42fa6dba471f,2ec1e7ec-ea7e-45ec-85da-8af303fd3364,926747b3-0605-45e2-b8d0-fcc92bbf0bed,follow_up,neutral,Soon he manager seek happen around issue.,2026-03-11T22:25:31.670171
a185de3e-a1bd-4522-8637-8d3332a360b1,2ec1e7ec-ea7e-45ec-85da-8af303fd3364,926747b3-0605-45e2-b8d0-fcc92bbf0bed,email,neutral,Person line blue management together property blue page least wonder.,2026-05-03T19:12:32.534542
cc27a33e-684e-4703-a2c5-196c954d5a35,2ec1e7ec-ea7e-45ec-85da-8af303fd3364,926747b3-0605-45e2-b8d0-fcc92bbf0bed,demo,neutral,Reveal a charge understand large will begin term game defense at technology open.,2026-04-10T00:13:45.267981
284776ad-2706-43d3-acbb-a89b5045255b,2ec1e7ec-ea7e-45ec-85da-8af303fd3364,926747b3-0605-45e2-b8d0-fcc92bbf0bed,call,positive,Almost financial force carry how role PM chair guy fund dark better.,2026-05-03T06:19:32.421894
4f628d57-27ca-4a2c-a223-8204534a27e9,66b5c45e-0d09-42fa-87ec-e45022894eb4,c871c852-11fd-4dcb-8e0a-305264beb2b2,meeting,negative,Kind yourself involve space possible fill might realize shake front mother travel bank remember realize.,2025-12-24T16:24:23.614130
da0f1258-454d-40f3-88a7-3fc45375c54f,66b5c45e-0d09-42fa-87ec-e45022894eb4,c871c852-11fd-4dcb-8e0a-305264beb2b2,follow_up,positive,Whose almost air high wife everyone yourself run interesting international race difference season large street.,2026-05-09T21:29:56.284051
0bd95073-7019-4261-bc8d-7f7e68dccc0a,66b5c45e-0d09-42fa-87ec-e45022894eb4,c871c852-11fd-4dcb-8e0a-305264beb2b2,meeting,positive,Bed skill bad back administration officer unit why television network however tough dinner field.,2025-09-03T06:15:18.705954
589ce0db-1997-48d1-a1bc-cd8b30905aaf,66b5c45e-0d09-42fa-87ec-e45022894eb4,c871c852-11fd-4dcb-8e0a-305264beb2b2,email,no_response,Popular interest but trade toward training show system loss there where drug manager rich where air.,2026-04-07T00:04:50.924043
8a56c60c-4e4b-49b4-835d-ffaad4af27e0,66b5c45e-0d09-42fa-87ec-e45022894eb4,c871c852-11fd-4dcb-8e0a-305264beb2b2,demo,neutral,Let evening dark able amount lead federal ask available follow cut response human sense adult.,2025-09-13T08:29:25.084831
ee40e4f9-75a4-46da-8f95-26f18237d999,66b5c45e-0d09-42fa-87ec-e45022894eb4,c871c852-11fd-4dcb-8e0a-305264beb2b2,meeting,neutral,Wide when floor break ground reveal physical.,2025-11-23T10:02:32.511243
01a7df03-71e9-407b-8669-11dabecdb3da,66b5c45e-0d09-42fa-87ec-e45022894eb4,c871c852-11fd-4dcb-8e0a-305264beb2b2,email,positive,Page toward test create term compare nor national.,2025-11-07T16:01:11.470844
e7cb4bd4-d2bf-480f-8379-ded4c08ff797,5bac310c-d633-4d33-8aa6-8c339486ed3a,248abef5-bdf3-44b7-ba1c-a83da97bce81,demo,neutral,Least better first better message exist recent concern.,2026-03-10T11:13:14.004403
ec91a735-b514-4ab1-93f7-e7ccfa767be5,5bac310c-d633-4d33-8aa6-8c339486ed3a,248abef5-bdf3-44b7-ba1c-a83da97bce81,follow_up,positive,Claim process change toward issue color might difficult seem white.,2026-05-12T09:33:07.025306
0c9532cc-d02e-4311-83a1-943de877317e,5bac310c-d633-4d33-8aa6-8c339486ed3a,248abef5-bdf3-44b7-ba1c-a83da97bce81,demo,positive,Employee position pick myself determine half true director same standard.,2026-04-23T02:54:29.383578
4f2d73a4-c543-449b-ac15-25672f6b0522,5bac310c-d633-4d33-8aa6-8c339486ed3a,248abef5-bdf3-44b7-ba1c-a83da97bce81,email,positive,Hospital reach act deep carry center bed interesting relate fact evidence.,2026-03-03T14:08:06.290095
a1697867-5066-498b-94ed-3e4705e6cef8,5bac310c-d633-4d33-8aa6-8c339486ed3a,248abef5-bdf3-44b7-ba1c-a83da97bce81,call,negative,Administration have hold him wish feel huge region future specific too.,2026-06-04T13:43:47.055960
42f79385-2b09-41b8-bf09-124d37e2c28c,5bac310c-d633-4d33-8aa6-8c339486ed3a,248abef5-bdf3-44b7-ba1c-a83da97bce81,email,positive,Although he low poor large account control.,2026-04-23T14:02:00.200257
0bffad4c-c6b3-41ab-bc65-964f8e1a6996,5bac310c-d633-4d33-8aa6-8c339486ed3a,248abef5-bdf3-44b7-ba1c-a83da97bce81,demo,positive,Trip box natural add physical design camera design news commercial scientist produce my now time.,2026-04-29T16:03:46.197989
acbf690e-5b13-43d3-9aa6-bc77aa9c9da8,ab9b4364-431d-4141-9100-cfdebfd74024,8fbc7b28-5a14-4a2b-84cd-726d9d74feba,call,neutral,We degree game effort staff near letter chance box life measure black American strategy.,2026-04-22T15:32:03.223154
acec89c1-1bb8-4c59-9338-a78bd97bbe43,ab9b4364-431d-4141-9100-cfdebfd74024,8fbc7b28-5a14-4a2b-84cd-726d9d74feba,meeting,negative,Why the pay cell form hour couple daughter serve eat world.,2026-04-30T06:36:04.783431
702871ac-bf6c-4625-a36d-032d7b349f35,ab9b4364-431d-4141-9100-cfdebfd74024,8fbc7b28-5a14-4a2b-84cd-726d9d74feba,call,positive,Live lead likely military approach our radio game almost full two.,2026-04-25T23:28:05.368629
d1ed7ca1-fcb7-4291-af28-45fa53cd54db,ab9b4364-431d-4141-9100-cfdebfd74024,8fbc7b28-5a14-4a2b-84cd-726d9d74feba,call,positive,Chance fight stock agency front radio reality while.,2026-05-30T21:07:41.681499
2f4cdd18-24d9-4ed3-bacd-69bc1e8343b7,ab9b4364-431d-4141-9100-cfdebfd74024,8fbc7b28-5a14-4a2b-84cd-726d9d74feba,demo,negative,So million child else chair alone computer newspaper between fall this idea care audience party three.,2026-05-07T18:41:24.441139
83dd03e4-8abc-46bf-add9-c99fd998c594,ab9b4364-431d-4141-9100-cfdebfd74024,8fbc7b28-5a14-4a2b-84cd-726d9d74feba,call,negative,Final whole poor back weight name voice.,2026-05-20T09:32:19.205204
6f39902f-5406-42be-9184-d3ae49c20ca3,ab9b4364-431d-4141-9100-cfdebfd74024,8fbc7b28-5a14-4a2b-84cd-726d9d74feba,meeting,positive,Letter four play entire say travel trade minute per image rate guess exactly senior.,2026-06-26T02:14:49.066497
953dc011-b3fb-4500-b8cd-85e50388e9c8,ab9b4364-431d-4141-9100-cfdebfd74024,8fbc7b28-5a14-4a2b-84cd-726d9d74feba,demo,positive,Skin two each window stock hour fall account significant.,2026-06-22T00:07:38.056178
6e7218cf-77b1-4e50-962d-82f3d24019ae,ab9b4364-431d-4141-9100-cfdebfd74024,8fbc7b28-5a14-4a2b-84cd-726d9d74feba,follow_up,positive,Writer order hard part fact but public despite.,2026-05-29T01:13:51.563926
e4802f6c-258c-4c71-92f8-0e7b7f3e45fe,cc0fa81c-67dc-4cb8-87eb-de6869c58b01,21f6019b-7c7e-480c-8cae-8b04a34eb58d,demo,positive,Fill seat research event seven sell PM air.,2025-10-11T01:37:00.052126
6b714e52-1688-41e8-92e1-9b2dd8d86b14,cc0fa81c-67dc-4cb8-87eb-de6869c58b01,21f6019b-7c7e-480c-8cae-8b04a34eb58d,demo,neutral,Catch nation tell production coach theory they single include movement government foot.,2026-01-03T23:22:34.605313
ff9e0258-f2cd-45d2-ad38-9ed38a54c4d9,cc0fa81c-67dc-4cb8-87eb-de6869c58b01,21f6019b-7c7e-480c-8cae-8b04a34eb58d,email,positive,Power take police expect south sing in forward employee apply official purpose get she enjoy beautiful.,2025-08-14T23:21:20.535383
42721407-a214-4103-9e3c-5d6d5553c829,cc0fa81c-67dc-4cb8-87eb-de6869c58b01,21f6019b-7c7e-480c-8cae-8b04a34eb58d,email,positive,Billion sing vote window stay push line factor law history.,2025-07-29T19:28:36.463378
ce41532d-2394-4233-b89d-a5f4832c5886,cc0fa81c-67dc-4cb8-87eb-de6869c58b01,21f6019b-7c7e-480c-8cae-8b04a34eb58d,demo,negative,Nature year never remain determine require song boy.,2025-12-22T02:58:22.986802
3195623c-7752-4694-bd35-8433f0ab6ab8,cc0fa81c-67dc-4cb8-87eb-de6869c58b01,21f6019b-7c7e-480c-8cae-8b04a34eb58d,call,neutral,Above will several manage mouth last role reality own.,2026-02-14T01:31:04.326704
fe5f62c8-2d1e-47e4-a3e1-4bd546bcf926,cc0fa81c-67dc-4cb8-87eb-de6869c58b01,21f6019b-7c7e-480c-8cae-8b04a34eb58d,follow_up,positive,Thank others prevent player law simply film country realize defense.,2025-07-30T01:06:44.570791
c2fb1f38-5403-4475-8507-3acdbc9e4a8f,cc0fa81c-67dc-4cb8-87eb-de6869c58b01,21f6019b-7c7e-480c-8cae-8b04a34eb58d,meeting,positive,Give degree reality also baby human occur power laugh understand source blue easy enter yet about.,2026-04-14T20:35:53.451968
b82938cf-b5d8-48cd-83e8-fbb0bb0d620d,cc0fa81c-67dc-4cb8-87eb-de6869c58b01,21f6019b-7c7e-480c-8cae-8b04a34eb58d,follow_up,positive,Key western bring region air resource themselves music but environment build interesting seek will art her.,2026-03-24T00:20:08.252628
c46995e2-4f69-4902-9da7-65fbd616dfb3,6a171930-486c-4fb8-8417-a355f710277c,cd236f80-c9cc-43ed-96ad-09d2afa212d4,meeting,neutral,Method necessary east ten debate kid young.,2026-06-23T02:18:10.837014
f7461f21-a2cc-4c94-a875-7315a66efd3b,6a171930-486c-4fb8-8417-a355f710277c,cd236f80-c9cc-43ed-96ad-09d2afa212d4,demo,positive,Hour bring anyone fight charge enjoy free debate like job fund choose phone health provide evening.,2026-05-08T07:15:42.868232
4717595e-12d1-4d05-8735-471308eaf4d6,f0facfb7-d425-4314-bd43-f0dd8a555b9b,926747b3-0605-45e2-b8d0-fcc92bbf0bed,email,negative,Follow produce them party surface voice spend hair have each cost quality wall of.,2026-01-30T17:20:59.783984
25604fc7-4891-4db9-b79c-a673e462edc1,f0facfb7-d425-4314-bd43-f0dd8a555b9b,926747b3-0605-45e2-b8d0-fcc92bbf0bed,follow_up,negative,Sure tonight help usually sign kid book best herself fine keep movement law between.,2026-03-17T21:38:56.298838
76882723-0c45-41de-99f8-da303fb5ca66,f0facfb7-d425-4314-bd43-f0dd8a555b9b,926747b3-0605-45e2-b8d0-fcc92bbf0bed,demo,negative,Bank board why boy candidate stop seek like prevent hear change.,2026-05-18T03:05:05.267700
08387d82-33e0-4f7f-a0ba-4d399932f1b5,f0facfb7-d425-4314-bd43-f0dd8a555b9b,926747b3-0605-45e2-b8d0-fcc92bbf0bed,meeting,neutral,Far increase door prove like attorney difficult open develop serve break seven forget less.,2025-09-13T11:39:56.515159
1e76e772-2a9e-4378-985b-2dfcdfa7b2ec,f0facfb7-d425-4314-bd43-f0dd8a555b9b,926747b3-0605-45e2-b8d0-fcc92bbf0bed,demo,neutral,Suddenly top store end pattern whole read significant pull onto last compare.,2026-06-07T10:16:31.617497
056cb275-4318-4cfb-aa1e-0944f97b9e85,f0facfb7-d425-4314-bd43-f0dd8a555b9b,926747b3-0605-45e2-b8d0-fcc92bbf0bed,follow_up,neutral,Else suggest think yeah stop gun second music rule.,2026-05-01T23:56:31.256954
d145d94a-9da5-4a10-8bc5-b615017df8bf,3c74979a-d4a2-4601-973c-0d9f27e407e6,2504e3b3-25e8-4345-bf72-c6a2d0e388f1,meeting,positive,Machine financial behavior cultural next true scene public meeting growth.,2026-04-13T01:04:59.258159
7914b46b-5a9c-42b6-983a-8fc7dd38526c,3c74979a-d4a2-4601-973c-0d9f27e407e6,2504e3b3-25e8-4345-bf72-c6a2d0e388f1,meeting,neutral,Own hair beautiful price increase administration oil in candidate society hope.,2026-04-30T01:08:17.180694
611011fd-5485-4328-8381-bd58f6fede87,3c74979a-d4a2-4601-973c-0d9f27e407e6,2504e3b3-25e8-4345-bf72-c6a2d0e388f1,call,negative,Already watch surface stop pattern candidate true similar.,2026-06-23T01:50:00.280335
d1ee6135-ee08-4d1f-9ce9-e0263fafe3cf,3c74979a-d4a2-4601-973c-0d9f27e407e6,2504e3b3-25e8-4345-bf72-c6a2d0e388f1,meeting,positive,In stop expect reality matter boy strategy home international thank like growth.,2026-04-07T22:14:09.429975
3740aa12-5185-4c10-9c0e-df466207d25e,3c74979a-d4a2-4601-973c-0d9f27e407e6,2504e3b3-25e8-4345-bf72-c6a2d0e388f1,demo,neutral,Body song test individual discussion expect million however oil.,2026-01-25T05:48:05.086897
3f423361-1e38-40a6-b842-bacb7e91ac71,3c74979a-d4a2-4601-973c-0d9f27e407e6,2504e3b3-25e8-4345-bf72-c6a2d0e388f1,follow_up,no_response,Would possible total Mr yourself move job not great.,2026-04-19T07:25:11.640227
411d50e3-41a7-42a1-beb4-290159c8c87c,3c74979a-d4a2-4601-973c-0d9f27e407e6,2504e3b3-25e8-4345-bf72-c6a2d0e388f1,email,positive,Respond culture although sport idea anyone main within occur type practice value kid chair.,2026-04-09T22:11:26.911012
0945b36f-4be8-4075-bdb1-779de2a4107f,a9680e49-0852-4a6e-8058-d68067185167,21f6019b-7c7e-480c-8cae-8b04a34eb58d,email,neutral,Nothing its tree night according available science memory size unit six area return often.,2026-02-26T06:54:37.602580
03f0164d-a7d8-4e1b-8501-3ff5229abe59,a9680e49-0852-4a6e-8058-d68067185167,21f6019b-7c7e-480c-8cae-8b04a34eb58d,call,negative,Run road why find southern them goal five left represent join door must defense bar gas.,2025-05-01T01:22:32.760245
c51b5e5f-77d1-4db9-8be1-57e3fd398924,a9680e49-0852-4a6e-8058-d68067185167,21f6019b-7c7e-480c-8cae-8b04a34eb58d,email,neutral,Professional child should there size affect it worry receive.,2025-05-26T09:49:05.470733
745c68be-13b0-479a-8acb-c26735bbed0e,a9680e49-0852-4a6e-8058-d68067185167,21f6019b-7c7e-480c-8cae-8b04a34eb58d,demo,neutral,North strong lay different own own determine happy thus simple significant mention.,2026-03-06T08:34:45.712422
eec01aad-234a-4d4b-acc9-ff291cf065eb,a9680e49-0852-4a6e-8058-d68067185167,21f6019b-7c7e-480c-8cae-8b04a34eb58d,email,positive,Country course guy chance commercial must local factor opportunity third represent.,2025-08-29T14:56:06.885047
d6e24c0d-ab21-4789-bb23-cd1c2da73b53,a9680e49-0852-4a6e-8058-d68067185167,21f6019b-7c7e-480c-8cae-8b04a34eb58d,follow_up,neutral,Off adult crime address fight simple parent black.,2025-03-11T02:30:15.102515
2b580887-6caf-4f86-80f9-bf4d524501fe,a9680e49-0852-4a6e-8058-d68067185167,21f6019b-7c7e-480c-8cae-8b04a34eb58d,meeting,no_response,Coach stand single eat I central situation.,2025-08-16T06:35:47.858321
a5bca519-2d2e-4faa-9a71-4efff4d34b66,1899f443-bb6b-4777-ad3d-69c9720c7813,2504e3b3-25e8-4345-bf72-c6a2d0e388f1,meeting,no_response,Forward think pressure law back doctor through they story likely physical who show he.,2026-07-01T16:38:27.640584
644cccab-6977-46b0-9951-78f0212ec2e8,1899f443-bb6b-4777-ad3d-69c9720c7813,2504e3b3-25e8-4345-bf72-c6a2d0e388f1,follow_up,positive,Run start lose including analysis me long worry just.,2026-07-01T16:38:27.776654
b77a8fbb-ec60-45e6-b5fd-788f7bc6f574,eced9c03-cd2a-41a2-abcb-cf88c9cba132,2504e3b3-25e8-4345-bf72-c6a2d0e388f1,demo,neutral,Development likely cup still stay eye world later inside contain owner way leader whether rather.,2026-05-19T01:04:59.485872
9979d179-8b69-44a8-989c-027e2437781a,eced9c03-cd2a-41a2-abcb-cf88c9cba132,2504e3b3-25e8-4345-bf72-c6a2d0e388f1,email,positive,Paper its star population mean hour off finish point choice single.,2026-07-01T15:17:08.173682
0712268e-91f1-4479-8574-e9e298bbaaf7,eced9c03-cd2a-41a2-abcb-cf88c9cba132,2504e3b3-25e8-4345-bf72-c6a2d0e388f1,call,positive,Long support cost rather find affect detail close magazine environmental treatment safe crime.,2026-05-24T17:03:06.313215
760ed4ef-bcc5-4ddf-b2e8-c8eacf129d06,eced9c03-cd2a-41a2-abcb-cf88c9cba132,2504e3b3-25e8-4345-bf72-c6a2d0e388f1,follow_up,positive,Probably western great officer bag never action build.,2026-05-22T07:01:24.185979
009b26e7-e86e-4f55-bfd9-7d4eef0cb36f,eced9c03-cd2a-41a2-abcb-cf88c9cba132,2504e3b3-25e8-4345-bf72-c6a2d0e388f1,follow_up,positive,Long ever apply such describe market could visit strong little truth.,2026-06-29T20:49:59.468635
111ccb18-0ed1-428b-9777-8b2584e3aa08,76d592ec-fe63-41eb-92ed-8e62f733b334,926747b3-0605-45e2-b8d0-fcc92bbf0bed,follow_up,positive,Seem purpose dream visit dark toward ago money serious.,2026-03-03T03:24:44.744946
b8700572-0760-48b6-b70a-94448c55fe27,76d592ec-fe63-41eb-92ed-8e62f733b334,926747b3-0605-45e2-b8d0-fcc92bbf0bed,email,neutral,Both employee consumer election support he risk one wide attention majority her.,2026-02-23T16:40:22.875827
e175edb5-c53d-4384-a003-18128776e626,76d592ec-fe63-41eb-92ed-8e62f733b334,926747b3-0605-45e2-b8d0-fcc92bbf0bed,email,no_response,Room grow avoid boy body stock me nice computer serve watch develop civil song must official.,2026-03-29T18:10:02.082817
ceb9e20c-0b5a-4e0d-84ce-416e1c602c70,76d592ec-fe63-41eb-92ed-8e62f733b334,926747b3-0605-45e2-b8d0-fcc92bbf0bed,meeting,positive,Along trade chair fly within road authority ball policy.,2026-03-04T13:26:00.060924
fa3a0e78-a0ba-4c9a-aa28-6a143fa5c9c6,b6a2bf29-bd44-4253-be78-68b172d6e2c8,248abef5-bdf3-44b7-ba1c-a83da97bce81,follow_up,negative,Size others war partner check put commercial over station.,2025-08-25T02:23:38.772117
c85c65b6-3b88-4736-8478-e7e1b1ddec1d,b6a2bf29-bd44-4253-be78-68b172d6e2c8,248abef5-bdf3-44b7-ba1c-a83da97bce81,email,negative,Finally job cause garden end let able reality act probably war weight strong.,2025-12-26T00:14:12.025777
3cdf6ac6-2510-4cb1-ab8b-b5896efc40bb,b6a2bf29-bd44-4253-be78-68b172d6e2c8,248abef5-bdf3-44b7-ba1c-a83da97bce81,follow_up,no_response,Else laugh realize head expect final quickly main.,2026-05-29T10:08:13.505218
66e35341-a750-41de-b961-523872883b25,f807599f-2e29-4fd6-8455-fa61177cf198,248abef5-bdf3-44b7-ba1c-a83da97bce81,meeting,negative,Minute support product box later store care father several build.,2026-06-22T19:55:45.322362
413fdf82-5616-4394-8952-03ddc01b9580,f807599f-2e29-4fd6-8455-fa61177cf198,248abef5-bdf3-44b7-ba1c-a83da97bce81,demo,neutral,Truth report true thank somebody term work I election participant look behind politics save stay.,2026-04-09T07:34:25.216567
9e32e9b4-bc37-4ec7-b882-99907f60210b,6f959e2b-9c4b-4ce7-8967-93d1400763ac,03047d55-6b0c-4ed2-ade3-e979453d38ea,meeting,neutral,Natural teach like during simple task accept early former.,2026-06-24T11:52:28.637144
b427490c-7734-4921-8f1f-e045aa9a6362,6f959e2b-9c4b-4ce7-8967-93d1400763ac,03047d55-6b0c-4ed2-ade3-e979453d38ea,email,negative,Population like various since south per cell north never form wish among tree black talk.,2026-06-25T04:23:56.780968
ebc99c98-4518-4493-8eeb-a77a5b7d812a,6f959e2b-9c4b-4ce7-8967-93d1400763ac,03047d55-6b0c-4ed2-ade3-e979453d38ea,demo,negative,I people report next allow well future event minute.,2026-06-14T18:39:56.053221
1232c1a2-1522-4106-b3c1-a574fd031fad,6f959e2b-9c4b-4ce7-8967-93d1400763ac,03047d55-6b0c-4ed2-ade3-e979453d38ea,demo,negative,Reality picture any court parent really clear message morning whether bit try reveal allow friend end.,2026-05-21T01:31:25.258706
c2a2ab12-1d98-4a3f-9d09-3f4ed8951c0c,ca9c3b57-1b9f-4fcf-bbd8-a91052c953a4,cd236f80-c9cc-43ed-96ad-09d2afa212d4,follow_up,neutral,Future hospital enjoy science church program fire.,2026-05-03T01:29:07.054005
5760f9aa-e227-4cbd-92b6-ca42c2b68aaf,ca9c3b57-1b9f-4fcf-bbd8-a91052c953a4,cd236f80-c9cc-43ed-96ad-09d2afa212d4,follow_up,neutral,Writer forget Republican sea among feel north standard what kitchen discussion.,2026-06-01T02:59:11.457294
247fd98e-56cd-486d-8847-b0e1e10db1b6,ca9c3b57-1b9f-4fcf-bbd8-a91052c953a4,cd236f80-c9cc-43ed-96ad-09d2afa212d4,email,neutral,Way leg still research want sea girl child design land quite action.,2026-04-27T13:11:12.340219
5bdf76df-fe37-44c1-896f-50f4f50c001c,ca9c3b57-1b9f-4fcf-bbd8-a91052c953a4,cd236f80-c9cc-43ed-96ad-09d2afa212d4,email,positive,State assume deal field history join matter college start class stay simply possible.,2026-06-16T00:04:01.317616
4fef4aff-e6f7-4cab-a445-6a74209dac73,ca9c3b57-1b9f-4fcf-bbd8-a91052c953a4,cd236f80-c9cc-43ed-96ad-09d2afa212d4,meeting,positive,Line local I find less challenge husband big throw.,2026-05-14T22:13:55.593932
11dfc40b-f1be-4853-9e6a-7bc14ac814cf,7c4dfa09-74d0-4f97-8e8b-cfcbeddff50d,c871c852-11fd-4dcb-8e0a-305264beb2b2,call,negative,Enter event traditional south break spring make.,2026-01-26T11:44:37.087713
fa37de68-3dc2-49c0-88cd-8b37f97675d1,7c4dfa09-74d0-4f97-8e8b-cfcbeddff50d,c871c852-11fd-4dcb-8e0a-305264beb2b2,follow_up,positive,Describe plant anyone system design line citizen decision seek ten our professional open mean.,2025-08-21T21:51:04.047530
f83c2ce8-2726-47f7-9d3b-614e36e0f8ad,7c4dfa09-74d0-4f97-8e8b-cfcbeddff50d,c871c852-11fd-4dcb-8e0a-305264beb2b2,follow_up,positive,Chance level manage recently public want effect provide light spend nor.,2026-03-12T16:39:34.563105
9d6e209b-2691-42a1-81cd-a3bcc3a04f98,7c4dfa09-74d0-4f97-8e8b-cfcbeddff50d,c871c852-11fd-4dcb-8e0a-305264beb2b2,follow_up,positive,Visit next car his across thousand executive.,2025-10-13T18:26:12.165020
e20c62e5-232d-46a1-b83d-23a3cebbb248,7c4dfa09-74d0-4f97-8e8b-cfcbeddff50d,c871c852-11fd-4dcb-8e0a-305264beb2b2,follow_up,positive,Rest know again president democratic treatment understand break right where main site customer threat during party.,2026-02-19T02:33:02.420357
be8d29cb-45ee-4012-bdb9-d7d677b5f8ce,7c4dfa09-74d0-4f97-8e8b-cfcbeddff50d,c871c852-11fd-4dcb-8e0a-305264beb2b2,follow_up,positive,Nation table college federal letter beyond career receive parent positive prepare art story particular exactly send.,2026-02-07T00:26:08.887321
f0b5f033-44e9-4602-b55f-0188fcfe8b43,7c4dfa09-74d0-4f97-8e8b-cfcbeddff50d,c871c852-11fd-4dcb-8e0a-305264beb2b2,demo,positive,Candidate indicate important pattern present court or book interesting effect ago question break part hotel film.,2025-08-30T19:06:28.742110
a9c62e54-c235-493b-ac45-fac9788ad704,7c4dfa09-74d0-4f97-8e8b-cfcbeddff50d,c871c852-11fd-4dcb-8e0a-305264beb2b2,call,positive,Provide fund nature give term pattern vote leg force try Mr one.,2026-05-06T15:07:43.380307
316efbfb-69bc-481e-b61b-f27530d21985,7c4dfa09-74d0-4f97-8e8b-cfcbeddff50d,c871c852-11fd-4dcb-8e0a-305264beb2b2,meeting,positive,Break rule floor record whom control discover different.,2025-12-01T23:15:23.346437
84c1acbf-7971-4062-9610-e18e98a2b9c9,1ddfcef1-d9a0-476d-b130-e017d73ac6cf,21f6019b-7c7e-480c-8cae-8b04a34eb58d,meeting,neutral,Nor form reason skill our clear try none character.,2026-05-27T04:26:14.413683
31f695cb-193c-4d0e-bf79-39a278314320,cef4045d-f7e2-42d6-8e63-95f7371c0b55,97b42328-e8b1-47d8-b18a-fd9db794cf35,email,neutral,Detail thought success model career threat city interest institution issue exactly view tree condition.,2026-05-09T08:36:15.743180
6c33d779-ab4b-4f3d-8801-3d6b1eacb08d,cef4045d-f7e2-42d6-8e63-95f7371c0b55,97b42328-e8b1-47d8-b18a-fd9db794cf35,call,neutral,Reality before debate number west cup town training behind popular bank democratic heavy.,2026-05-20T16:14:33.963791
06cddaad-ba09-4bfb-ac81-21ad3ccfc755,cef4045d-f7e2-42d6-8e63-95f7371c0b55,97b42328-e8b1-47d8-b18a-fd9db794cf35,call,no_response,Financial sister also benefit officer policy add bring represent beat address.,2026-06-07T12:28:50.810117
9e97611c-6e55-4116-a466-7b5cfb18d952,d2e99efa-ef67-49d2-8a51-708361046639,2504e3b3-25e8-4345-bf72-c6a2d0e388f1,demo,neutral,Professor history enter describe center site six board despite.,2025-11-02T18:51:55.006980
fd136ebe-4530-442e-b2cf-c7bf768b15ef,d2e99efa-ef67-49d2-8a51-708361046639,2504e3b3-25e8-4345-bf72-c6a2d0e388f1,demo,no_response,Mother young project together risk kind store provide unit believe father institution small.,2025-07-20T11:00:36.229732
0c142e7e-bd1b-44fd-a32a-1125af4c79df,f8a4a4b7-9541-4f3e-9469-b54091297777,2504e3b3-25e8-4345-bf72-c6a2d0e388f1,demo,no_response,Lot it seven himself space all pretty cell attack summer require.,2025-08-16T06:17:55.040460
88971074-8e53-4c61-9748-d61e34f2f036,f8a4a4b7-9541-4f3e-9469-b54091297777,2504e3b3-25e8-4345-bf72-c6a2d0e388f1,meeting,neutral,Would become Mrs exist student ask certain since.,2026-04-26T02:14:22.547772
562a9638-d928-4693-8776-b37824de5015,f8a4a4b7-9541-4f3e-9469-b54091297777,2504e3b3-25e8-4345-bf72-c6a2d0e388f1,call,negative,Heart mean land another view card north something action success exactly goal.,2025-04-09T06:57:15.620222
71bcd147-e5ba-468e-ac7d-300b036bb83b,f8a4a4b7-9541-4f3e-9469-b54091297777,2504e3b3-25e8-4345-bf72-c6a2d0e388f1,follow_up,negative,Security source report civil than eat recently forward quickly western number far quickly defense although.,2026-06-12T22:23:09.235563
7e286fbf-4dc8-47bb-9bec-5681d20203d5,f8a4a4b7-9541-4f3e-9469-b54091297777,2504e3b3-25e8-4345-bf72-c6a2d0e388f1,email,positive,Role seem choice include become face run game area recognize style study state.,2025-03-07T05:54:51.901892
6efbad2b-da66-4b5b-9c9f-21980a4d42ef,c7fefefa-7cf1-4ca0-bca9-fc812c8b0361,248abef5-bdf3-44b7-ba1c-a83da97bce81,call,neutral,Event computer son name along attack by several card apply able concern think.,2026-05-13T21:16:52.176473
77fd8192-2ea6-43e0-a5b8-2f3d5f4d1e6c,c7fefefa-7cf1-4ca0-bca9-fc812c8b0361,248abef5-bdf3-44b7-ba1c-a83da97bce81,meeting,neutral,Service station assume do deep require call walk.,2026-03-31T08:50:29.296445
7c65b8c7-e68a-4106-b3d7-74def31deb11,f1d2e640-7ffe-4c8e-b4fa-a9cf4375f1e2,03047d55-6b0c-4ed2-ade3-e979453d38ea,call,neutral,Visit bar price owner just give friend real base today PM baby race southern.,2026-04-29T11:39:34.883112
a6c033b5-c124-4770-a046-5381c2c33179,f1d2e640-7ffe-4c8e-b4fa-a9cf4375f1e2,03047d55-6b0c-4ed2-ade3-e979453d38ea,demo,positive,American approach full throughout image in situation.,2026-01-12T19:31:31.276969
eebd92f0-f0c0-453c-b856-e990db2b7f73,171744dd-31c1-4325-9318-86f5a67833df,97b42328-e8b1-47d8-b18a-fd9db794cf35,follow_up,no_response,Sometimes score friend office night enough fill drop.,2025-12-15T12:27:47.143245
2f4a9524-d71f-4dc6-992a-23c90476b93c,171744dd-31c1-4325-9318-86f5a67833df,97b42328-e8b1-47d8-b18a-fd9db794cf35,call,neutral,Person paper your if buy area return.,2025-12-30T12:34:20.839979
4d3f87cf-dd00-4510-89ca-f8b1f85734ca,6086ec0e-5b58-4de0-9d5d-29b23752aaee,cd236f80-c9cc-43ed-96ad-09d2afa212d4,demo,neutral,Kitchen trip my collection Mrs step finish focus.,2026-04-25T06:32:55.095103
a27cca7b-9772-428d-869c-ab0ddde253fd,6086ec0e-5b58-4de0-9d5d-29b23752aaee,cd236f80-c9cc-43ed-96ad-09d2afa212d4,demo,negative,Interview exactly organization paper group through effect food beat career loss whole recognize certainly.,2026-05-08T17:25:35.318081
40b198b2-0f9d-45a1-b7c1-f8c88e27ab6d,6086ec0e-5b58-4de0-9d5d-29b23752aaee,cd236f80-c9cc-43ed-96ad-09d2afa212d4,email,neutral,Sea field image real guy individual account left.,2026-04-11T05:37:06.999758
7fa574bf-a034-46c1-b3a2-dbc5855d5e0e,6086ec0e-5b58-4de0-9d5d-29b23752aaee,cd236f80-c9cc-43ed-96ad-09d2afa212d4,demo,positive,Feel interest hospital production continue material early many likely bar across.,2026-04-12T23:49:06.293437
d68f085a-9a9f-4582-8ae8-a69b7538360e,6086ec0e-5b58-4de0-9d5d-29b23752aaee,cd236f80-c9cc-43ed-96ad-09d2afa212d4,call,positive,Middle whatever suddenly away investment coach expert idea PM ok receive campaign make future so.,2026-05-06T10:40:59.347612
53401df2-1023-423f-91cb-344b9dfd8aed,6086ec0e-5b58-4de0-9d5d-29b23752aaee,cd236f80-c9cc-43ed-96ad-09d2afa212d4,email,positive,Determine forward official another go you require box worker skin son term onto have trade put.,2026-05-18T14:02:26.588416
d26f2d04-8ed5-47ca-800c-7304523a0c56,6086ec0e-5b58-4de0-9d5d-29b23752aaee,cd236f80-c9cc-43ed-96ad-09d2afa212d4,follow_up,neutral,Little painting sea against challenge this wait let authority provide show.,2026-06-12T22:59:30.568871
81800bc7-4db7-4c26-b5b6-b24d0fd7544a,6086ec0e-5b58-4de0-9d5d-29b23752aaee,cd236f80-c9cc-43ed-96ad-09d2afa212d4,follow_up,positive,Add owner important continue control develop rule result choice size.,2026-05-15T06:36:02.504473
9082c9cf-01ec-4516-b2d3-1369e27d49da,6ab9dfde-4bbd-4a03-a10c-cc63c11e38eb,97b42328-e8b1-47d8-b18a-fd9db794cf35,meeting,positive,Even grow probably range sea serve want ahead cover black must herself.,2025-12-25T10:27:50.617681
af052116-e530-4fdc-adeb-9d4b777f3e30,6ab9dfde-4bbd-4a03-a10c-cc63c11e38eb,97b42328-e8b1-47d8-b18a-fd9db794cf35,call,neutral,Yard chance although church reduce cell keep care recently fine adult.,2026-06-17T13:57:11.161268
c7caf21a-fca0-4e3b-9be0-839c038b8c5e,6ab9dfde-4bbd-4a03-a10c-cc63c11e38eb,97b42328-e8b1-47d8-b18a-fd9db794cf35,follow_up,negative,Improve heart degree recent agency off specific believe game people person important few bank.,2026-01-28T10:42:48.519442
2f8d94cd-9f68-4135-a161-73658ae6ef9d,6ab9dfde-4bbd-4a03-a10c-cc63c11e38eb,97b42328-e8b1-47d8-b18a-fd9db794cf35,email,positive,Decision be yes system hundred pick history specific born clearly page.,2026-01-26T22:17:59.804445
7ffc20fa-9852-49ca-a562-b2158e9a2542,8959ae2c-08d0-447b-b2f6-302d302160d8,21f6019b-7c7e-480c-8cae-8b04a34eb58d,demo,positive,Paper western majority key author today suggest energy themselves use data sometimes.,2026-01-31T13:52:20.877083
53bbebf0-d75f-4b44-a43c-7ff908fde316,8959ae2c-08d0-447b-b2f6-302d302160d8,21f6019b-7c7e-480c-8cae-8b04a34eb58d,follow_up,positive,Including grow shoulder since customer could world what indicate.,2026-06-21T01:18:06.236040
af6638f9-7309-470b-9587-aa96e435638d,8959ae2c-08d0-447b-b2f6-302d302160d8,21f6019b-7c7e-480c-8cae-8b04a34eb58d,call,positive,Wonder PM couple trade that finish able actually might student him represent growth upon.,2025-09-19T04:17:25.466893
339f53dc-08df-4d95-8312-332704383f1d,8959ae2c-08d0-447b-b2f6-302d302160d8,21f6019b-7c7e-480c-8cae-8b04a34eb58d,email,neutral,Drop manager around day coach activity enough specific material off economic.,2026-06-28T03:41:19.511703
93662103-cc41-44c9-a3a2-56e8917df40f,4b849c89-c809-4de4-98cc-a93a445b4cb7,8fbc7b28-5a14-4a2b-84cd-726d9d74feba,demo,negative,Military though structure front drop agency against image too.,2026-03-24T03:11:20.338195
6639e8de-2dde-439e-8ff2-a618dcc155b7,4b849c89-c809-4de4-98cc-a93a445b4cb7,8fbc7b28-5a14-4a2b-84cd-726d9d74feba,meeting,negative,Brother reason bad lot soldier born decision until build.,2026-05-03T17:16:21.435448
5e017e3f-e9de-4412-bdc1-8eff092f3ff1,7b999130-c3e5-41cf-8160-7c4f35649883,cd236f80-c9cc-43ed-96ad-09d2afa212d4,demo,no_response,Hit practice part poor offer father customer consider debate particularly hospital maintain reach.,2025-10-15T14:24:19.400069
6be38b7c-db96-4b0d-8e76-7305ea0ce5e7,7b999130-c3e5-41cf-8160-7c4f35649883,cd236f80-c9cc-43ed-96ad-09d2afa212d4,meeting,positive,Turn will ground best wife down small body shake black particularly likely visit conference.,2026-05-10T01:12:17.173872
842b4c6a-f8eb-43e7-b3a7-16bbb4849123,7b999130-c3e5-41cf-8160-7c4f35649883,cd236f80-c9cc-43ed-96ad-09d2afa212d4,follow_up,neutral,Statement ok rate country develop two office.,2026-04-04T02:50:49.679045
f09e4422-5ae8-43c4-acb2-680ac55711ae,7b999130-c3e5-41cf-8160-7c4f35649883,cd236f80-c9cc-43ed-96ad-09d2afa212d4,meeting,no_response,Exactly kitchen option none risk contain great many industry hospital office speech responsibility.,2025-04-08T00:46:47.483629
93f97064-45f6-43dc-81d5-93cff0cd585d,7b999130-c3e5-41cf-8160-7c4f35649883,cd236f80-c9cc-43ed-96ad-09d2afa212d4,meeting,positive,Development let thought magazine reduce father major significant court support since leg.,2026-03-21T05:27:24.998316
4f52b465-790f-47ee-97dc-bf3da399b8e9,61ed33bb-2258-49dc-823e-487ab1207d5d,03047d55-6b0c-4ed2-ade3-e979453d38ea,meeting,neutral,Economic field rule successful play fast onto recognize crime brother school side raise trial perform eight.,2025-07-17T05:26:53.918805
827e2214-e6db-4d23-8c56-0e21683f810f,61ed33bb-2258-49dc-823e-487ab1207d5d,03047d55-6b0c-4ed2-ade3-e979453d38ea,meeting,positive,Score writer throughout down easy realize situation when develop else across type at.,2025-06-24T15:06:27.469352
8208ea1d-1d82-49cc-a745-cca2d921af53,54cc1494-fa15-4a49-b4a4-c36500cc3b90,2504e3b3-25e8-4345-bf72-c6a2d0e388f1,follow_up,positive,Kind else thing from also mean dinner would deep keep test investment.,2026-06-28T04:37:32.652459
0d39515a-4d2f-46b3-a7ed-35b09f185f63,54cc1494-fa15-4a49-b4a4-c36500cc3b90,2504e3b3-25e8-4345-bf72-c6a2d0e388f1,call,positive,Score policy thank shoulder modern drug behind somebody what.,2026-06-26T18:10:22.704632
bbb39d0c-e775-44d9-a969-199e0538c0fe,54cc1494-fa15-4a49-b4a4-c36500cc3b90,2504e3b3-25e8-4345-bf72-c6a2d0e388f1,meeting,negative,Most in late race serious mean national much his service bag.,2026-07-01T15:40:26.739352
85169594-0fe3-4eaf-9266-84b5612d7c67,54cc1494-fa15-4a49-b4a4-c36500cc3b90,2504e3b3-25e8-4345-bf72-c6a2d0e388f1,demo,no_response,Product standard letter right situation song decision you help economic off hope follow.,2026-06-25T02:38:15.967224
13a46a7b-461f-4a7e-addf-51ee6d90610a,50216ba1-7bd9-409a-8abd-f680923a49e4,2504e3b3-25e8-4345-bf72-c6a2d0e388f1,email,neutral,Black out discuss certain make reduce court part product hair poor size cup.,2026-02-23T11:32:17.714959
ae85422b-739f-41cf-b465-504eb3b7987a,50216ba1-7bd9-409a-8abd-f680923a49e4,2504e3b3-25e8-4345-bf72-c6a2d0e388f1,demo,negative,Few quite force learn admit role reveal ability dog test agent behavior modern into indicate large.,2026-05-16T07:05:59.789306
1e64c188-5e74-41f0-a65e-7850c508c172,50216ba1-7bd9-409a-8abd-f680923a49e4,2504e3b3-25e8-4345-bf72-c6a2d0e388f1,demo,no_response,Organization about magazine author management them successful positive focus difference include inside every.,2026-04-23T13:58:52.274804
98db690a-0fc9-468f-89f7-fce1e46067a2,50216ba1-7bd9-409a-8abd-f680923a49e4,2504e3b3-25e8-4345-bf72-c6a2d0e388f1,demo,neutral,Music central its else agreement seven yard why seem western change even dream away individual plan.,2025-12-09T16:20:07.845747
bb13a958-1624-4dc5-9569-a86c55745c9e,50216ba1-7bd9-409a-8abd-f680923a49e4,2504e3b3-25e8-4345-bf72-c6a2d0e388f1,email,neutral,Like institution should ground race front move notice.,2026-04-04T07:47:14.084979
74d06b5c-e59c-4445-8d97-0347549242a2,50216ba1-7bd9-409a-8abd-f680923a49e4,2504e3b3-25e8-4345-bf72-c6a2d0e388f1,call,neutral,Heart determine somebody movement kind leave film white remember mean night TV himself be culture.,2026-05-10T03:30:31.816827
bacc5a0e-6c06-4967-b9b4-8b1dabaedd33,f7f6be9f-1a93-44f2-a3a7-154c78de0fa1,c871c852-11fd-4dcb-8e0a-305264beb2b2,call,neutral,Reveal key job year it ball send other sea.,2026-06-22T10:48:33.538884
6665487b-cd89-4f6d-9b27-2e1dcd8e646c,f7f6be9f-1a93-44f2-a3a7-154c78de0fa1,c871c852-11fd-4dcb-8e0a-305264beb2b2,follow_up,negative,Tend measure present score maybe meeting their man recognize action letter standard.,2026-05-09T18:15:15.464867
bc472136-bb50-4c6e-a99e-77eaef2a25af,f7f6be9f-1a93-44f2-a3a7-154c78de0fa1,c871c852-11fd-4dcb-8e0a-305264beb2b2,follow_up,positive,Church boy energy my bad dog nor plant.,2026-03-05T23:05:20.753250
5baf9b86-a1d6-4ff7-a1c6-84b2aca7dfe9,f7f6be9f-1a93-44f2-a3a7-154c78de0fa1,c871c852-11fd-4dcb-8e0a-305264beb2b2,demo,positive,Nor TV cover along once evening certain water your will address area campaign quickly.,2026-04-06T20:22:02.121180
4ac1c31c-a735-43c5-901f-7fa0fc413b96,f7f6be9f-1a93-44f2-a3a7-154c78de0fa1,c871c852-11fd-4dcb-8e0a-305264beb2b2,email,no_response,Dinner by bring treatment middle family however everyone family better.,2026-01-06T03:50:04.313242
1aa857df-27de-4530-94c3-8faaf398b7cd,f7f6be9f-1a93-44f2-a3a7-154c78de0fa1,c871c852-11fd-4dcb-8e0a-305264beb2b2,email,positive,Service player capital later between role fear everybody heart technology way hour impact.,2026-06-01T13:59:35.172552
da4112aa-dccf-4bf4-a4b9-3b91fa75a7e0,f7f6be9f-1a93-44f2-a3a7-154c78de0fa1,c871c852-11fd-4dcb-8e0a-305264beb2b2,demo,positive,Easy catch role person agreement wear take marriage.,2025-12-18T08:21:45.885864
34766d9e-c436-4b0e-b53c-675dba66bd8d,78abfec3-4eee-4e04-8518-77f30daefe8f,97b42328-e8b1-47d8-b18a-fd9db794cf35,demo,positive,Mission hospital west kind green sort structure assume mention.,2026-01-21T11:37:55.713343
d6f854ad-4cbc-48aa-8164-7d63a7bc2609,78abfec3-4eee-4e04-8518-77f30daefe8f,97b42328-e8b1-47d8-b18a-fd9db794cf35,email,negative,Enough cover visit onto imagine each laugh health tree beat line although.,2026-05-13T17:21:38.254256
7a65e370-dfc2-491b-8824-2c447e5bbaaa,78abfec3-4eee-4e04-8518-77f30daefe8f,97b42328-e8b1-47d8-b18a-fd9db794cf35,meeting,neutral,When analysis hot trip discuss budget late own board enter evening computer able read her.,2026-01-08T11:19:08.307255
4d6887a3-8408-4f14-a6ab-78c3e967ce66,78abfec3-4eee-4e04-8518-77f30daefe8f,97b42328-e8b1-47d8-b18a-fd9db794cf35,call,positive,Late wind win full too decade population.,2026-03-05T10:33:21.685996
017e67f9-3266-41f0-aa29-97ba21b9b00e,78abfec3-4eee-4e04-8518-77f30daefe8f,97b42328-e8b1-47d8-b18a-fd9db794cf35,follow_up,neutral,Education ago leg point case film start to idea three throughout all music determine prepare help.,2026-02-06T19:46:47.727862
da381e34-1d5a-4163-a490-1034da297981,78abfec3-4eee-4e04-8518-77f30daefe8f,97b42328-e8b1-47d8-b18a-fd9db794cf35,meeting,no_response,Area pass blood color box way land throw method nothing there eight amount night treatment.,2026-02-10T08:02:38.033031
5b8fe44a-3472-49a6-9034-baa1e674bbda,78abfec3-4eee-4e04-8518-77f30daefe8f,97b42328-e8b1-47d8-b18a-fd9db794cf35,follow_up,neutral,Allow send strong democratic attention usually evidence and else carry hard factor respond.,2026-02-16T21:53:40.542850
2d511031-f1ca-49ba-8578-c76d55154137,21084498-b4ab-46fc-9aeb-1b292f82a182,21f6019b-7c7e-480c-8cae-8b04a34eb58d,follow_up,neutral,Enough live American trip rise law mother accept.,2026-06-16T14:10:21.860773
2878af7f-02d9-4cca-b035-9e581d5c9929,21084498-b4ab-46fc-9aeb-1b292f82a182,21f6019b-7c7e-480c-8cae-8b04a34eb58d,demo,positive,Picture out benefit question financial should late full involve.,2026-06-07T07:22:59.567702
dc397ed7-64a9-44f1-9459-721a30e45e75,70106bda-954d-45dd-9e09-56d781c8cbb1,8fbc7b28-5a14-4a2b-84cd-726d9d74feba,email,neutral,Right quite another discussion information attorney economy people other would even himself create employee.,2026-05-30T16:43:35.968775
bb9942c0-17fb-4096-8488-6435048e43d1,70106bda-954d-45dd-9e09-56d781c8cbb1,8fbc7b28-5a14-4a2b-84cd-726d9d74feba,follow_up,neutral,Call pay would easy real into cause someone local rule goal financial police.,2026-05-18T03:58:33.012826
e7c9b225-b2e7-4d34-a851-02f4869928fd,70106bda-954d-45dd-9e09-56d781c8cbb1,8fbc7b28-5a14-4a2b-84cd-726d9d74feba,call,negative,Them off vote talk especially do happy.,2026-02-22T00:44:41.322494
bbab5fe5-08e4-4262-960b-6d1199c08c82,70106bda-954d-45dd-9e09-56d781c8cbb1,8fbc7b28-5a14-4a2b-84cd-726d9d74feba,follow_up,neutral,Three practice remember us affect probably call first.,2026-05-20T04:37:46.645300
1536e941-4077-463b-a411-4f69971f8f5a,70106bda-954d-45dd-9e09-56d781c8cbb1,8fbc7b28-5a14-4a2b-84cd-726d9d74feba,meeting,negative,Almost development indeed care direction analysis leg hit tough at.,2026-06-15T02:56:57.910243
dfc40f65-2db8-458e-8b39-735ced50c73e,c0adb7a8-4dff-4a5c-b4c4-d99524992b59,248abef5-bdf3-44b7-ba1c-a83da97bce81,demo,positive,Grow indicate machine administration another little cost house cell fact move trouble best present.,2026-07-01T21:27:32.556497
99534193-3700-4889-a45f-c344c762bc8c,c0adb7a8-4dff-4a5c-b4c4-d99524992b59,248abef5-bdf3-44b7-ba1c-a83da97bce81,demo,neutral,Skill recent road team hour produce born soon.,2026-07-01T21:27:32.477026
86cd485d-6c9a-49a5-8cd6-acb8feebe8c4,c0adb7a8-4dff-4a5c-b4c4-d99524992b59,248abef5-bdf3-44b7-ba1c-a83da97bce81,demo,positive,Account person set magazine none heart price family this program.,2026-07-01T21:27:32.813155
be51c3db-d27d-42f0-9b19-6cef37864c51,c0adb7a8-4dff-4a5c-b4c4-d99524992b59,248abef5-bdf3-44b7-ba1c-a83da97bce81,meeting,positive,Take doctor they never word toward scientist do bag full reach national.,2026-07-01T21:27:32.029085
e8a5a6b8-a541-4af1-9121-d357770b2ecc,c0adb7a8-4dff-4a5c-b4c4-d99524992b59,248abef5-bdf3-44b7-ba1c-a83da97bce81,follow_up,neutral,Move network citizen what free majority executive he believe organization suffer.,2026-07-01T21:27:32.163729
691a59c3-2c97-45af-be25-82ebf24e29d6,c0adb7a8-4dff-4a5c-b4c4-d99524992b59,248abef5-bdf3-44b7-ba1c-a83da97bce81,demo,positive,Body firm you southern play individual sort rest draw without have.,2026-07-01T21:27:32.480106
bb6e8964-9bf5-45b2-94fc-17b6be466de5,318cf3b9-1fc9-45c4-a02b-d2e492b0cc04,97b42328-e8b1-47d8-b18a-fd9db794cf35,email,positive,Argue trouble control society information reason first fall try group watch know camera start.,2026-03-28T10:04:36.035310
518085aa-9e13-445c-9584-eb880cfbd0a3,318cf3b9-1fc9-45c4-a02b-d2e492b0cc04,97b42328-e8b1-47d8-b18a-fd9db794cf35,demo,no_response,Sound subject thought everything candidate relationship open light score it during population.,2026-06-28T16:26:22.665173
41545da6-aeb8-46d6-834b-3102c74a551d,318cf3b9-1fc9-45c4-a02b-d2e492b0cc04,97b42328-e8b1-47d8-b18a-fd9db794cf35,meeting,positive,Program too she whole modern laugh notice will ball consumer better ability billion reflect.,2026-03-11T15:08:27.250851
d5ec5ac5-e2f2-44c6-a83c-0e09db54eb48,dfea61a5-c8b1-4f0e-a8ab-e4e663e86dd8,21f6019b-7c7e-480c-8cae-8b04a34eb58d,meeting,positive,Effect business expert various man fish guy as painting.,2026-04-02T07:27:22.620873
9b5a3b40-c6d9-4748-a387-88808bea05c2,dfea61a5-c8b1-4f0e-a8ab-e4e663e86dd8,21f6019b-7c7e-480c-8cae-8b04a34eb58d,demo,negative,Own item minute relate gun church final.,2026-04-06T04:41:21.399216
cb1489c9-aad4-4a7e-ba24-0d9cca463a5b,dfea61a5-c8b1-4f0e-a8ab-e4e663e86dd8,21f6019b-7c7e-480c-8cae-8b04a34eb58d,call,no_response,Learn buy way fine positive skin send statement those rule much.,2025-07-20T11:50:17.260247
741b0fbb-afe7-4559-9b06-d3a138a72eba,dfea61a5-c8b1-4f0e-a8ab-e4e663e86dd8,21f6019b-7c7e-480c-8cae-8b04a34eb58d,email,positive,Question tell parent plant child soldier available property anything it.,2026-02-13T00:01:47.326498
3703348a-d0af-461a-b95c-f5e1b2a7f53a,dfea61a5-c8b1-4f0e-a8ab-e4e663e86dd8,21f6019b-7c7e-480c-8cae-8b04a34eb58d,demo,neutral,Seven room interest environmental democratic response officer this church painting understand action lay.,2026-03-29T14:50:55.923076
8971c6a8-2922-47e1-95f8-f615f17eea10,dfea61a5-c8b1-4f0e-a8ab-e4e663e86dd8,21f6019b-7c7e-480c-8cae-8b04a34eb58d,meeting,positive,Course consumer suffer short easy PM first as together animal find daughter.,2026-04-25T12:20:20.687568
a95bab73-b04d-4f90-9f5e-7cad639794f8,dfea61a5-c8b1-4f0e-a8ab-e4e663e86dd8,21f6019b-7c7e-480c-8cae-8b04a34eb58d,demo,neutral,Second investment beautiful activity family pass for current deal position Mr finish despite million.,2026-03-26T08:05:28.164949
2e7768dd-d0e0-4fd1-96f9-4dbfdc2bd841,dfea61a5-c8b1-4f0e-a8ab-e4e663e86dd8,21f6019b-7c7e-480c-8cae-8b04a34eb58d,call,positive,Management night east official choice certainly traditional lead strategy.,2025-03-26T17:02:25.589422
bbc6c910-47e2-412b-a21f-0df95ffaa8d2,dfea61a5-c8b1-4f0e-a8ab-e4e663e86dd8,21f6019b-7c7e-480c-8cae-8b04a34eb58d,email,negative,Agreement friend environment middle two attorney speech number in fact development about.,2025-12-05T15:02:09.400937
3360aed3-e555-43ed-b4dc-cdf9e1f6cca4,dfea61a5-c8b1-4f0e-a8ab-e4e663e86dd8,21f6019b-7c7e-480c-8cae-8b04a34eb58d,demo,neutral,Move compare service air sure end medical.,2026-04-23T07:09:55.642488
aa35b0a5-12c0-4523-9189-e499ced52013,2353a2b2-4368-4db8-ae0e-78b491154492,cd236f80-c9cc-43ed-96ad-09d2afa212d4,follow_up,negative,Picture choose ready safe imagine sell right father record here.,2026-06-25T18:08:18.922803
446aabf4-8672-442c-8805-e95236885c00,2353a2b2-4368-4db8-ae0e-78b491154492,cd236f80-c9cc-43ed-96ad-09d2afa212d4,call,neutral,When yes political blood agree stock catch still.,2025-12-08T06:50:43.944424
949cc3bd-2dd8-49a5-ae55-d490772ec0b4,2353a2b2-4368-4db8-ae0e-78b491154492,cd236f80-c9cc-43ed-96ad-09d2afa212d4,email,positive,Note but then heavy recently unit she deal nation out response just measure.,2025-09-30T02:15:11.679896
7b824d4a-5cb4-4311-8c34-53afef760fc5,2353a2b2-4368-4db8-ae0e-78b491154492,cd236f80-c9cc-43ed-96ad-09d2afa212d4,follow_up,positive,Drop course eye little national drop reveal meet nothing somebody.,2025-10-11T00:52:40.949896
5ff942f6-c0b6-496e-84f0-28a3ce44f473,2353a2b2-4368-4db8-ae0e-78b491154492,cd236f80-c9cc-43ed-96ad-09d2afa212d4,follow_up,negative,Seem walk real voice care too can government seat discussion generation number remember sound.,2025-07-14T17:53:11.928963
6facd5c1-a5b0-42e7-b620-0feb4746618c,2353a2b2-4368-4db8-ae0e-78b491154492,cd236f80-c9cc-43ed-96ad-09d2afa212d4,call,positive,Other treat score morning me strong artist certainly treat young.,2025-07-04T01:47:21.070362
afeea2f2-08ab-497a-89a7-dc922135f931,2353a2b2-4368-4db8-ae0e-78b491154492,cd236f80-c9cc-43ed-96ad-09d2afa212d4,email,negative,Go newspaper add information east act carry assume rather work admit unit.,2025-08-29T03:40:42.439361
1fe15a7b-5868-4616-90cf-e9f56b2652de,2353a2b2-4368-4db8-ae0e-78b491154492,cd236f80-c9cc-43ed-96ad-09d2afa212d4,email,positive,Fly actually fall between item worker over free old draw image scene.,2025-11-15T00:44:43.766884
5d4cd211-e9bf-49b5-b8eb-53c71279424c,2353a2b2-4368-4db8-ae0e-78b491154492,cd236f80-c9cc-43ed-96ad-09d2afa212d4,call,negative,Check suffer account big knowledge owner their star everybody beat indeed ten old.,2025-07-24T01:34:21.939977
b04e6b5f-b59e-4566-a85d-f82cdef88da9,2353a2b2-4368-4db8-ae0e-78b491154492,cd236f80-c9cc-43ed-96ad-09d2afa212d4,email,positive,Foreign better measure serve herself tend artist course your several budget catch yet let source meeting.,2025-07-17T19:46:32.292917
a7d76d08-5371-40b2-8829-5c084d592abe,b05f9f79-fbb6-41be-96bc-3e0d10d4c548,2504e3b3-25e8-4345-bf72-c6a2d0e388f1,demo,neutral,Right page page happen suggest PM another vote describe per.,2026-05-15T22:13:29.865286
83d26a3f-72bb-4018-b1cb-fdca89910384,b05f9f79-fbb6-41be-96bc-3e0d10d4c548,2504e3b3-25e8-4345-bf72-c6a2d0e388f1,call,neutral,There difficult later far business with bring sound music ten suddenly food crime join.,2026-02-20T10:42:29.624662
2dbc02ad-93ce-46ba-84f0-dedcc3885eee,b05f9f79-fbb6-41be-96bc-3e0d10d4c548,2504e3b3-25e8-4345-bf72-c6a2d0e388f1,email,positive,East hour budget else institution Mrs participant affect a race market.,2025-07-18T19:24:22.348857
db4058eb-046a-40be-89eb-295ea89ebdd3,b05f9f79-fbb6-41be-96bc-3e0d10d4c548,2504e3b3-25e8-4345-bf72-c6a2d0e388f1,follow_up,positive,Which bank car more full environmental center to.,2025-07-10T19:47:34.198507
6375f3fc-4991-4e06-8abf-42c121cd3ec0,b05f9f79-fbb6-41be-96bc-3e0d10d4c548,2504e3b3-25e8-4345-bf72-c6a2d0e388f1,demo,neutral,Or research hard democratic base after nature grow behavior.,2025-06-12T22:07:36.832949
6107b8ca-6b24-4e40-8a4f-84408df76e55,b05f9f79-fbb6-41be-96bc-3e0d10d4c548,2504e3b3-25e8-4345-bf72-c6a2d0e388f1,meeting,positive,Open event since sound account bad most experience mission born opportunity front across.,2026-05-16T15:11:19.777773
37f04bd7-779a-4a51-ac0b-962299b9b2cf,b05f9f79-fbb6-41be-96bc-3e0d10d4c548,2504e3b3-25e8-4345-bf72-c6a2d0e388f1,meeting,neutral,Single spend somebody voice and civil goal.,2025-07-19T22:39:35.097979
b7433bce-eda0-4c4c-98a4-823161ba0222,b05f9f79-fbb6-41be-96bc-3e0d10d4c548,2504e3b3-25e8-4345-bf72-c6a2d0e388f1,call,positive,Organization can over same hold exist man reduce author.,2025-11-12T06:39:22.833340
565a2d5c-6722-41e4-97b0-e82e4a7f39ac,b05f9f79-fbb6-41be-96bc-3e0d10d4c548,2504e3b3-25e8-4345-bf72-c6a2d0e388f1,demo,positive,Necessary look no short large situation why building home southern painting.,2026-02-20T16:29:25.800655
d1506511-cbe8-4793-8a62-48061131f3e3,b05f9f79-fbb6-41be-96bc-3e0d10d4c548,2504e3b3-25e8-4345-bf72-c6a2d0e388f1,follow_up,neutral,Thousand foot explain performance peace my account yard than fast either house compare save hotel provide.,2026-05-15T03:41:06.193110
307e07bc-bd51-4116-9c6b-6f3c21492bf0,bd311ec7-a501-4069-95a2-9def105805fd,8fbc7b28-5a14-4a2b-84cd-726d9d74feba,email,negative,Treat total music station dark several behind discuss hold occur win put.,2025-08-20T14:41:29.430806
fda9f8d6-37a3-4208-87ae-045b565c3eaa,bd311ec7-a501-4069-95a2-9def105805fd,8fbc7b28-5a14-4a2b-84cd-726d9d74feba,email,neutral,Prepare speak else question party fact break PM area ball list thus really.,2026-01-05T10:32:52.669328
70f363d2-61bd-4167-abae-8b0d9fd45028,5be5b0d2-2e54-41c6-9b91-4978b168081c,2504e3b3-25e8-4345-bf72-c6a2d0e388f1,follow_up,positive,Republican region of activity court degree consider field cover just up of lose federal.,2026-03-10T18:13:54.043849
d3052e3a-124c-419f-abf4-7d33bdb556eb,5be5b0d2-2e54-41c6-9b91-4978b168081c,2504e3b3-25e8-4345-bf72-c6a2d0e388f1,call,positive,Guy bank dark run trip follow each leg responsibility score right apply expect author yourself.,2026-03-21T20:58:00.115092
d07b4b5f-ca38-41b7-9553-b294bf80fee6,5be5b0d2-2e54-41c6-9b91-4978b168081c,2504e3b3-25e8-4345-bf72-c6a2d0e388f1,email,neutral,General believe generation when camera attention necessary say note describe house style none begin box of.,2025-11-16T17:06:06.062607
b67131cf-e5c9-4b0c-a8e5-f4763080f08e,5be5b0d2-2e54-41c6-9b91-4978b168081c,2504e3b3-25e8-4345-bf72-c6a2d0e388f1,follow_up,negative,Store arm discover government different end eat accept after begin conference shoulder sister nearly together.,2026-03-03T23:34:11.095855
392df099-dae5-46c7-94e4-0ac107a67ccd,5be5b0d2-2e54-41c6-9b91-4978b168081c,2504e3b3-25e8-4345-bf72-c6a2d0e388f1,email,positive,Recognize training page trouble authority who themselves marriage.,2026-04-04T03:42:41.746865
3dc2947e-ebbf-47f8-908c-d4cc0d71f8e2,5be5b0d2-2e54-41c6-9b91-4978b168081c,2504e3b3-25e8-4345-bf72-c6a2d0e388f1,meeting,neutral,Score even center significant health myself actually because drop house treat trial.,2026-05-22T03:24:07.564989
017c4168-e81d-490f-bcb2-9590cba52bf3,5be5b0d2-2e54-41c6-9b91-4978b168081c,2504e3b3-25e8-4345-bf72-c6a2d0e388f1,meeting,positive,Girl last government return another cut guess increase story control sell five avoid deal deal.,2026-02-19T22:23:21.367457
fa614df6-8d68-43ec-b0df-dc2f6941f3cf,a0b29780-621b-46c4-bbff-543e00b281e5,248abef5-bdf3-44b7-ba1c-a83da97bce81,meeting,neutral,Board wall able idea player discover our create.,2026-06-22T07:10:12.125303
3b11639b-ebe4-411f-93a9-9f046e4ed92c,a0b29780-621b-46c4-bbff-543e00b281e5,248abef5-bdf3-44b7-ba1c-a83da97bce81,email,neutral,Music at week world rich education quickly start young study expert year.,2026-03-10T10:05:33.694904
0fadc046-97e1-461b-9cdd-9ba3384c288a,a0b29780-621b-46c4-bbff-543e00b281e5,248abef5-bdf3-44b7-ba1c-a83da97bce81,follow_up,negative,Per write positive protect generation education easy herself peace fund some.,2026-06-30T18:57:16.319631
99410834-0af3-44bb-a68e-2eb1db552737,a0b29780-621b-46c4-bbff-543e00b281e5,248abef5-bdf3-44b7-ba1c-a83da97bce81,demo,neutral,Out indicate teach customer house thought fish away together side model seek talk agent.,2025-12-27T10:28:43.128899
39ac47cf-ee4d-486a-bd25-14b40fa8f128,a0b29780-621b-46c4-bbff-543e00b281e5,248abef5-bdf3-44b7-ba1c-a83da97bce81,call,neutral,Stop charge somebody financial never measure different size I again side particular couple defense reality.,2026-05-27T00:34:09.047760
0c0b48a2-fa39-4431-a071-4db1c895e455,17161113-e0de-4bcf-8b96-3c9838da49f2,97b42328-e8b1-47d8-b18a-fd9db794cf35,meeting,neutral,Recognize player front these room might almost continue drive cold skill firm lawyer final suddenly wait.,2026-04-25T02:04:00.056901
029600a3-6ee5-4c85-ae67-ac115f5b05a2,17161113-e0de-4bcf-8b96-3c9838da49f2,97b42328-e8b1-47d8-b18a-fd9db794cf35,follow_up,negative,Expect manage eye let grow sound environmental responsibility church claim instead step itself bank.,2026-01-26T01:30:36.534567
ed57e214-f332-4fa6-a377-bc3b05f47a93,17161113-e0de-4bcf-8b96-3c9838da49f2,97b42328-e8b1-47d8-b18a-fd9db794cf35,meeting,negative,Subject into fact easy commercial significant unit personal unit brother.,2026-01-23T13:39:59.697571
ae233d52-2aab-42bf-aaf9-a1053b91c82d,17161113-e0de-4bcf-8b96-3c9838da49f2,97b42328-e8b1-47d8-b18a-fd9db794cf35,demo,positive,Seem dinner sea risk determine while some hold arrive.,2026-04-11T05:28:42.122710
4fd81046-9e88-4231-bf56-7a441e066b42,17161113-e0de-4bcf-8b96-3c9838da49f2,97b42328-e8b1-47d8-b18a-fd9db794cf35,meeting,negative,Page fact beyond risk up mission begin.,2025-12-27T16:54:06.623639
753b3c04-b428-4220-a5dd-01314b8eefc6,17161113-e0de-4bcf-8b96-3c9838da49f2,97b42328-e8b1-47d8-b18a-fd9db794cf35,meeting,neutral,Fill court special involve ability experience item project eye me.,2026-01-31T04:58:34.880795
642c66bc-8a00-428c-a42f-558339509b78,17161113-e0de-4bcf-8b96-3c9838da49f2,97b42328-e8b1-47d8-b18a-fd9db794cf35,meeting,positive,Apply yourself now he artist hit if section.,2026-04-18T00:03:31.997354
74eeba5f-939f-4af5-aa5a-2131aa1b4af3,d1cc676f-dfce-4305-ae9e-9f238cf52784,248abef5-bdf3-44b7-ba1c-a83da97bce81,email,negative,Skill produce toward involve chance security until anything feel work energy example type red myself.,2025-09-20T07:19:09.511976
001d4a93-0140-4b0e-907b-665ca2e068e3,d1cc676f-dfce-4305-ae9e-9f238cf52784,248abef5-bdf3-44b7-ba1c-a83da97bce81,follow_up,positive,Away you area race one room suddenly four allow blue young movie.,2026-06-30T10:03:59.434984
666541aa-4eda-4911-934b-402bee205824,d1cc676f-dfce-4305-ae9e-9f238cf52784,248abef5-bdf3-44b7-ba1c-a83da97bce81,meeting,neutral,Attack then sea great statement mean science ten if.,2026-01-01T06:28:51.849741
faf68155-29c8-4e70-aa84-65bb8544040b,d1cc676f-dfce-4305-ae9e-9f238cf52784,248abef5-bdf3-44b7-ba1c-a83da97bce81,call,neutral,Nation choose anyone forward simple type eat campaign produce dinner.,2025-09-14T06:22:53.927342
cc778707-b036-42aa-ac99-7a39bb924170,d1cc676f-dfce-4305-ae9e-9f238cf52784,248abef5-bdf3-44b7-ba1c-a83da97bce81,meeting,positive,These outside more participant smile better collection.,2026-02-17T02:32:16.241539
ad57fb9c-a72a-467d-ac00-6cb25ba471d6,d1cc676f-dfce-4305-ae9e-9f238cf52784,248abef5-bdf3-44b7-ba1c-a83da97bce81,demo,positive,Class far truth many seem crime something hour avoid military audience local.,2025-09-17T14:57:32.727234
e6b58a7c-05f3-4fb9-a2de-8672ad6b0af6,d1cc676f-dfce-4305-ae9e-9f238cf52784,248abef5-bdf3-44b7-ba1c-a83da97bce81,call,neutral,Participant discussion sing improve short avoid glass oil tax financial wall realize table trial daughter.,2025-03-26T21:57:53.719649
a7c78268-3edb-4392-a6db-a9822b870d37,d1cc676f-dfce-4305-ae9e-9f238cf52784,248abef5-bdf3-44b7-ba1c-a83da97bce81,follow_up,negative,Occur statement model data training at hotel already.,2025-05-21T20:35:40.072982
0d6eeb42-bf1e-48f2-bdc0-c5ce53a79701,d4fc943c-72e3-4b89-9677-cf87513ddd8f,2504e3b3-25e8-4345-bf72-c6a2d0e388f1,email,neutral,Tv stock land right health trade see represent phone type foreign.,2025-11-10T08:25:04.323321
cf044cc1-468f-4400-923a-3e21e370179a,d4fc943c-72e3-4b89-9677-cf87513ddd8f,2504e3b3-25e8-4345-bf72-c6a2d0e388f1,demo,negative,Matter management yourself owner budget major by production.,2025-05-30T17:55:16.137887
11818ad3-a33a-42c2-8db5-84958f28deab,d4fc943c-72e3-4b89-9677-cf87513ddd8f,2504e3b3-25e8-4345-bf72-c6a2d0e388f1,meeting,neutral,Moment party career team thank ball budget offer wrong lot remember character explain traditional character when.,2025-06-20T21:50:00.214558
53eb868b-786a-41fb-84cd-73d10c549f3a,d4fc943c-72e3-4b89-9677-cf87513ddd8f,2504e3b3-25e8-4345-bf72-c6a2d0e388f1,email,negative,Factor system anything camera imagine bill great parent.,2026-02-07T04:55:16.419347
2b86eeab-9cae-4b78-98b7-fd106c614038,d4fc943c-72e3-4b89-9677-cf87513ddd8f,2504e3b3-25e8-4345-bf72-c6a2d0e388f1,follow_up,positive,Watch ball save cover attention line require drop difference defense treat capital discover end.,2026-04-15T10:43:15.991605
2801dc21-02b1-4445-8cf2-280a3e8b512a,d4fc943c-72e3-4b89-9677-cf87513ddd8f,2504e3b3-25e8-4345-bf72-c6a2d0e388f1,call,positive,Range white stop table over near oil sense traditional international late well.,2025-07-19T10:17:57.049167
2db16501-e9c5-4bf0-b9b2-f5ef7a0bb7bc,3a840d70-060e-40df-aac0-70ba30ea21ee,97b42328-e8b1-47d8-b18a-fd9db794cf35,meeting,negative,Better fund job evidence house exactly say.,2025-12-10T05:28:31.585432
10209ba3-c679-4555-aef9-75eb37a59d20,3a840d70-060e-40df-aac0-70ba30ea21ee,97b42328-e8b1-47d8-b18a-fd9db794cf35,follow_up,negative,Detail loss activity economy maybe spend season special air also.,2026-01-24T17:01:11.026608
47b697e1-634e-463e-9c17-37177b7d5abe,3a840d70-060e-40df-aac0-70ba30ea21ee,97b42328-e8b1-47d8-b18a-fd9db794cf35,email,no_response,Ok quality relationship fear not story development peace imagine stop close analysis look.,2026-06-06T16:47:59.752100
9d3cd0c1-c5fd-4c25-bb9d-60ffc506caa7,3a840d70-060e-40df-aac0-70ba30ea21ee,97b42328-e8b1-47d8-b18a-fd9db794cf35,meeting,negative,Short individual government camera car believe parent play stuff top appear reflect month shoulder.,2026-02-10T18:34:27.467556
5ad45e0e-8452-4597-92ec-20c65c4411d1,3a840d70-060e-40df-aac0-70ba30ea21ee,97b42328-e8b1-47d8-b18a-fd9db794cf35,email,neutral,Stop industry member decade lawyer government guy.,2026-05-05T20:05:35.208581
afa1f8d7-fe56-4cf9-9b0a-0ec897906b7a,3a840d70-060e-40df-aac0-70ba30ea21ee,97b42328-e8b1-47d8-b18a-fd9db794cf35,meeting,neutral,Start once far hotel commercial three mouth direction shoulder financial.,2026-03-24T15:21:46.308292
c6603fc6-d7a3-443d-b256-991a834edd0e,3a840d70-060e-40df-aac0-70ba30ea21ee,97b42328-e8b1-47d8-b18a-fd9db794cf35,meeting,neutral,Forget way big really onto who situation.,2026-05-30T06:31:49.024511
024a5d5a-ad64-4ac5-9bf7-515b32c637cb,92ec7204-09dc-471f-9ca5-921e46cea0c8,03047d55-6b0c-4ed2-ade3-e979453d38ea,meeting,neutral,Bar talk although wear us yes tend himself support number rock church under.,2026-05-21T17:43:57.548896
5233e749-5600-45f5-84c1-b3105fa28a38,92ec7204-09dc-471f-9ca5-921e46cea0c8,03047d55-6b0c-4ed2-ade3-e979453d38ea,call,neutral,Policy laugh book seem design clear success dark create.,2026-04-17T20:40:09.992240
96bd5ca3-501d-47a9-8f66-1d3b1141c220,92ec7204-09dc-471f-9ca5-921e46cea0c8,03047d55-6b0c-4ed2-ade3-e979453d38ea,follow_up,neutral,Sure cover know material guy store admit reality evidence sometimes best side age.,2026-03-03T04:22:26.942763
6bf763a4-8a7f-496b-911e-3c7d5d96d5f7,92ec7204-09dc-471f-9ca5-921e46cea0c8,03047d55-6b0c-4ed2-ade3-e979453d38ea,follow_up,positive,Then third federal keep military quality response.,2026-06-10T02:26:22.154502
b98c710d-8e2c-4ccb-a262-5ad60c994d92,92ec7204-09dc-471f-9ca5-921e46cea0c8,03047d55-6b0c-4ed2-ade3-e979453d38ea,email,neutral,Only continue wait arm work child purpose form social lose offer big yeah final else become.,2026-02-23T12:43:58.589133
7ef9cfb5-3294-4fd1-8fbd-aaee20d16d7a,92ec7204-09dc-471f-9ca5-921e46cea0c8,03047d55-6b0c-4ed2-ade3-e979453d38ea,demo,neutral,Another appear teacher possible cut able line know any break major his painting light thank south.,2026-05-17T01:36:39.690558
f0f570f9-06d3-4144-8a4b-09dc6dc5941a,32a3e678-736a-418c-82bf-3b3f7b9400e0,c871c852-11fd-4dcb-8e0a-305264beb2b2,call,no_response,Develop parent evening material he technology current difficult play where local break happy next.,2026-05-03T19:47:39.396505
a89e323a-6315-496f-9623-7e99d6ee1fc4,32a3e678-736a-418c-82bf-3b3f7b9400e0,c871c852-11fd-4dcb-8e0a-305264beb2b2,email,positive,Quickly himself keep reduce food source join activity share.,2025-12-18T15:07:06.425104
0192499b-8606-488c-b171-b42c79035028,32a3e678-736a-418c-82bf-3b3f7b9400e0,c871c852-11fd-4dcb-8e0a-305264beb2b2,email,neutral,Decision inside floor easy each program whose oil career past.,2026-02-04T06:40:47.605959
3047d78a-14ce-45e1-8fd1-0495c53625bb,32a3e678-736a-418c-82bf-3b3f7b9400e0,c871c852-11fd-4dcb-8e0a-305264beb2b2,follow_up,no_response,On human personal finally meet when idea unit although my pretty ask.,2025-10-23T15:19:52.827010
967a485d-68a1-4a03-b7a8-d67d52824d8f,32a3e678-736a-418c-82bf-3b3f7b9400e0,c871c852-11fd-4dcb-8e0a-305264beb2b2,demo,positive,Detail camera back interesting tough plant side detail argue degree knowledge political occur smile.,2025-09-29T20:29:31.483528
c57eed50-b54f-41b4-8b6b-e6f3e7c9efc8,545966ba-f448-4c63-8291-573f83ff2209,926747b3-0605-45e2-b8d0-fcc92bbf0bed,email,negative,Finally new better base three wall room never.,2026-07-01T14:51:19.322360
e7356295-e789-423e-9b35-2779292b37d5,545966ba-f448-4c63-8291-573f83ff2209,926747b3-0605-45e2-b8d0-fcc92bbf0bed,demo,neutral,Land step realize treatment long across statement clear sound wind stage paper analysis.,2026-07-01T12:01:34.148195
78afc046-8fb4-4c40-a32d-eacd45748dc0,545966ba-f448-4c63-8291-573f83ff2209,926747b3-0605-45e2-b8d0-fcc92bbf0bed,email,neutral,Form speech teacher point state tree between later herself draw especially.,2026-07-01T15:20:41.864601
c35c73d6-0980-4c57-aefd-ad89b2c52cf5,545966ba-f448-4c63-8291-573f83ff2209,926747b3-0605-45e2-b8d0-fcc92bbf0bed,call,positive,Represent religious school thought product western remember create direction analysis available.,2026-07-01T12:52:59.040082
d5c9da21-ddc4-4258-a418-31e2ff6a1671,545966ba-f448-4c63-8291-573f83ff2209,926747b3-0605-45e2-b8d0-fcc92bbf0bed,meeting,positive,Imagine second visit throw break bar land world technology.,2026-07-01T12:08:18.705144
f30a609a-75fc-448e-88c2-15cdd627daf8,545966ba-f448-4c63-8291-573f83ff2209,926747b3-0605-45e2-b8d0-fcc92bbf0bed,email,neutral,Group country consumer local war former account identify also see stock else light us grow remain.,2026-07-01T14:05:56.292325
19494451-f303-417c-bc66-6a491787a626,545966ba-f448-4c63-8291-573f83ff2209,926747b3-0605-45e2-b8d0-fcc92bbf0bed,email,neutral,Article lawyer live try amount east blue guy short return talk successful start wear edge long.,2026-07-01T13:59:47.773873
002bcd91-34dc-46c4-9a1c-1416cd9013a1,7dc2db46-fba7-442a-85f1-16af3a4dcac1,2504e3b3-25e8-4345-bf72-c6a2d0e388f1,email,negative,Always same suggest nearly player history author former natural perform.,2026-05-13T01:10:14.107838
2c2c801b-c08b-42b5-ac15-7658e05ded48,7dc2db46-fba7-442a-85f1-16af3a4dcac1,2504e3b3-25e8-4345-bf72-c6a2d0e388f1,demo,neutral,Throughout item too peace easy economy build spend realize.,2026-04-04T12:34:09.223613
fb65aa52-f710-4333-9cb1-183bf5e08144,c2c7e2e0-310b-4042-b63b-ecd65974c4f6,cd236f80-c9cc-43ed-96ad-09d2afa212d4,demo,positive,Help meet trade officer from prepare inside near bank speak significant beautiful adult front.,2026-01-05T15:55:16.607697
c67ce191-2e7c-4f7f-bc26-10338cf71c30,c2c7e2e0-310b-4042-b63b-ecd65974c4f6,cd236f80-c9cc-43ed-96ad-09d2afa212d4,follow_up,positive,Father against take state probably level up popular middle growth think eye field.,2026-01-29T12:12:56.509905
0a34a645-4739-4c7b-b8e0-ad6826aac5a6,c2c7e2e0-310b-4042-b63b-ecd65974c4f6,cd236f80-c9cc-43ed-96ad-09d2afa212d4,meeting,no_response,Available air garden a her former minute return bar consumer look manage also meet garden.,2026-03-13T07:30:23.406581
9c93f62b-2e5b-47e6-b11b-487f814e130f,c2c7e2e0-310b-4042-b63b-ecd65974c4f6,cd236f80-c9cc-43ed-96ad-09d2afa212d4,meeting,negative,Admit color surface light matter take price try fast none white moment collection let.,2026-02-17T10:02:59.430586
3c9c20f1-dff4-400a-ab4f-a0803b784d93,c2c7e2e0-310b-4042-b63b-ecd65974c4f6,cd236f80-c9cc-43ed-96ad-09d2afa212d4,follow_up,positive,Impact bring skin position share career population sort tonight tax true word foot.,2026-01-07T04:00:37.930536
edab7345-eb11-4c64-8551-76c90c44d4b9,89f43db0-0ae9-4768-a2da-31ebc493ed07,97b42328-e8b1-47d8-b18a-fd9db794cf35,call,negative,Different may TV site family apply factor choose use still environmental.,2026-06-02T08:48:46.628892
ad1e59e7-d067-4d79-8e97-5840fa46ba95,89f43db0-0ae9-4768-a2da-31ebc493ed07,97b42328-e8b1-47d8-b18a-fd9db794cf35,email,positive,Both produce a across run change whom see generation organization sign send.,2025-04-07T12:03:21.121708
92f007b6-a558-4241-bba2-a6d80e95566b,89f43db0-0ae9-4768-a2da-31ebc493ed07,97b42328-e8b1-47d8-b18a-fd9db794cf35,meeting,neutral,Us forget year thank big discussion evening fear small.,2025-03-15T02:55:39.024126
0be379f6-0d79-421e-8166-b043b4afcadb,89f43db0-0ae9-4768-a2da-31ebc493ed07,97b42328-e8b1-47d8-b18a-fd9db794cf35,call,neutral,Best door her force start step treatment easy development under director.,2026-03-23T18:35:11.668602
0427f50d-76ff-4840-a88b-4d0b326bb69c,89f43db0-0ae9-4768-a2da-31ebc493ed07,97b42328-e8b1-47d8-b18a-fd9db794cf35,follow_up,neutral,Though trial call audience want environment deep customer audience forget.,2026-03-20T20:49:03.140876
04a54cd6-ada6-4b51-9186-f1d0cf97ae5e,89f43db0-0ae9-4768-a2da-31ebc493ed07,97b42328-e8b1-47d8-b18a-fd9db794cf35,call,negative,Interesting short behavior point attorney west manager rich church sound player.,2026-06-03T23:50:09.779253
6e930555-e29f-4c57-8672-d502deb24f9b,89f43db0-0ae9-4768-a2da-31ebc493ed07,97b42328-e8b1-47d8-b18a-fd9db794cf35,meeting,no_response,Tough avoid type leave conference general imagine who sell scene particular away effect station much.,2026-03-27T14:16:44.288898
d6c9f112-96f4-4c0c-a2fe-09ea513ae30e,087c26a0-7dd7-4c36-9be2-70a9264f7a37,21f6019b-7c7e-480c-8cae-8b04a34eb58d,follow_up,neutral,Group speech perform others current trip example top art throw or brother career watch movie.,2026-05-23T13:47:54.108598
2dfc4e35-9380-49c7-b2ca-42885dbc5d5e,087c26a0-7dd7-4c36-9be2-70a9264f7a37,21f6019b-7c7e-480c-8cae-8b04a34eb58d,meeting,neutral,Human degree analysis peace trip than through break find yourself along consider situation two offer throw.,2026-04-09T19:56:12.383450
2cac82d8-d803-48a6-8ae5-3b415b79c470,087c26a0-7dd7-4c36-9be2-70a9264f7a37,21f6019b-7c7e-480c-8cae-8b04a34eb58d,email,neutral,The prepare live before between artist name collection deal shoulder part who same office.,2026-04-10T03:51:56.604894
5ad9a463-99a6-4981-b579-7c3b2743f64b,087c26a0-7dd7-4c36-9be2-70a9264f7a37,21f6019b-7c7e-480c-8cae-8b04a34eb58d,demo,neutral,Still issue woman spend design political day character forget simply goal wear mean.,2026-04-10T16:41:46.291798
4a39d820-2700-4945-b83f-83e3d166fc32,087c26a0-7dd7-4c36-9be2-70a9264f7a37,21f6019b-7c7e-480c-8cae-8b04a34eb58d,email,positive,Magazine focus view strong tonight try speak brother oil.,2026-04-28T05:09:20.481179
5afeb1a3-9d0c-49c4-8f0b-dccaf5e338c4,1320f474-81df-451d-8d38-b8959844edea,d26cf0a9-2fe7-4c98-bb58-4a257210d63b,demo,positive,Available range piece see world piece experience season as resource life north letter style worker.,2025-11-24T02:33:27.012793
5b36ec05-d41c-4f7b-82d5-3aecf412ec4c,1320f474-81df-451d-8d38-b8959844edea,d26cf0a9-2fe7-4c98-bb58-4a257210d63b,email,neutral,Something civil fast group family stock exist bit mention herself go professor rather participant almost those.,2025-09-29T18:34:15.315381
8bb167e4-deb4-4b4b-8b5f-caf7556790b4,1320f474-81df-451d-8d38-b8959844edea,d26cf0a9-2fe7-4c98-bb58-4a257210d63b,email,positive,Teacher support able morning among investment six lot region nor action of allow network defense here.,2025-08-07T23:19:37.700179
c58312fa-0233-4d8c-8fca-3d7890baf0d0,1320f474-81df-451d-8d38-b8959844edea,d26cf0a9-2fe7-4c98-bb58-4a257210d63b,call,neutral,Stock sit use movie mind sometimes media cultural example son understand job fund rest behavior rock.,2025-09-06T16:07:30.457823
01316b18-98df-483a-8d5e-db2e2fb66a70,1320f474-81df-451d-8d38-b8959844edea,d26cf0a9-2fe7-4c98-bb58-4a257210d63b,email,positive,Head east almost find talk including agree.,2026-01-25T01:14:10.901358
4a16b8e6-19d0-43e4-8146-f17d1366b0fe,1320f474-81df-451d-8d38-b8959844edea,d26cf0a9-2fe7-4c98-bb58-4a257210d63b,call,positive,Hot interest by peace travel article laugh economic most indeed put generation tend.,2026-04-14T23:37:12.610975
f71f4f5f-c0fd-4961-98c2-4e59fb69eefa,1320f474-81df-451d-8d38-b8959844edea,d26cf0a9-2fe7-4c98-bb58-4a257210d63b,meeting,neutral,Beat physical both institution sound main past assume.,2026-01-05T10:08:03.154009
e5c80098-5aa6-4883-a9a9-5c5a1cbabad9,1320f474-81df-451d-8d38-b8959844edea,d26cf0a9-2fe7-4c98-bb58-4a257210d63b,follow_up,positive,Mouth job both check surface note bad peace front.,2026-01-03T12:27:25.799327
2ce3c652-4a6c-4582-af4b-461f880f67f1,1320f474-81df-451d-8d38-b8959844edea,d26cf0a9-2fe7-4c98-bb58-4a257210d63b,call,neutral,Management begin follow work figure player but use agent avoid property without.,2026-05-29T04:58:43.702156
ed6fe03b-d178-4a17-a60a-d70d37869f5e,1320f474-81df-451d-8d38-b8959844edea,d26cf0a9-2fe7-4c98-bb58-4a257210d63b,call,positive,Million series rate include example religious place.,2026-01-20T18:30:55.699524
6f7b6480-ca18-418c-8327-7a9aa41ad2a6,ddf9fba5-2a46-45a6-af23-d00600569d47,cd236f80-c9cc-43ed-96ad-09d2afa212d4,demo,positive,Start example whose eye kind start central fire.,2026-04-01T01:13:00.560187
6b807b1b-57d3-4115-9df4-0162c2b93358,ddf9fba5-2a46-45a6-af23-d00600569d47,cd236f80-c9cc-43ed-96ad-09d2afa212d4,call,neutral,Them house show wrong claim land simply become involve rule age.,2026-04-03T11:58:23.027589
2c5b923e-5c94-4f0e-84b7-32f8914159a0,ddf9fba5-2a46-45a6-af23-d00600569d47,cd236f80-c9cc-43ed-96ad-09d2afa212d4,demo,neutral,Fine occur yeah fact paper same experience doctor huge hour.,2026-05-07T17:48:31.813951
4980e8a2-2891-4510-ae22-da6d670e8ca1,ddf9fba5-2a46-45a6-af23-d00600569d47,cd236f80-c9cc-43ed-96ad-09d2afa212d4,email,neutral,Professional allow leader pattern build network know animal.,2026-02-14T05:16:21.573038
9d4db878-279d-4f7c-986d-26dcff19c811,02f16fe4-2b1d-4678-ab34-79897c880654,2504e3b3-25e8-4345-bf72-c6a2d0e388f1,call,neutral,Floor operation nation consider police tax rather traditional everything east personal.,2025-11-12T21:43:24.003714
3f30665c-bfb6-4dec-837b-4d50004d9622,02f16fe4-2b1d-4678-ab34-79897c880654,2504e3b3-25e8-4345-bf72-c6a2d0e388f1,call,negative,Life tax evening reveal why term admit purpose but discuss paper force animal message weight.,2025-12-30T15:46:18.399266
ed518db8-9d4c-46cc-8562-e27c24a23866,02f16fe4-2b1d-4678-ab34-79897c880654,2504e3b3-25e8-4345-bf72-c6a2d0e388f1,meeting,negative,Ahead could professional hair cultural top stop down after where practice share song drug.,2026-05-12T04:56:27.422877
93cf70c1-163d-42e8-91e4-1e5e3eac1e2b,02f16fe4-2b1d-4678-ab34-79897c880654,2504e3b3-25e8-4345-bf72-c6a2d0e388f1,email,neutral,Couple art language person meeting soon start plan exactly scientist really fact health under Congress prove.,2026-05-13T13:29:30.325274
54e7ce76-ff92-43e8-910c-61c26cfb5270,02f16fe4-2b1d-4678-ab34-79897c880654,2504e3b3-25e8-4345-bf72-c6a2d0e388f1,call,neutral,Nice phone main event get language really.,2026-02-22T17:30:01.107890
b22ad8b0-6b74-405f-aa6e-d047901904b3,02f16fe4-2b1d-4678-ab34-79897c880654,2504e3b3-25e8-4345-bf72-c6a2d0e388f1,follow_up,positive,Chair sure also better week we generation goal recent radio blue purpose laugh night.,2025-09-23T21:36:13.948582
a2b873f6-6603-4f7f-90b5-b4de35eb1cf8,02f16fe4-2b1d-4678-ab34-79897c880654,2504e3b3-25e8-4345-bf72-c6a2d0e388f1,call,negative,Within environmental knowledge food drive level again move argue room success water who home drug save.,2025-09-30T07:30:27.992356
88e0181a-8019-41b6-9c47-7e20c5d6e046,d9019979-1182-4df5-9a84-974f8c2a1c25,8fbc7b28-5a14-4a2b-84cd-726d9d74feba,email,negative,Them although pay color care support road student exactly yeah.,2026-07-01T09:49:24.116780
68f806a2-67f9-42f7-98b6-0f6833132a3b,d9019979-1182-4df5-9a84-974f8c2a1c25,8fbc7b28-5a14-4a2b-84cd-726d9d74feba,meeting,negative,Heart enjoy throughout final college may read east future floor Mrs mention.,2026-06-26T02:40:26.037739
82043ff0-2cd6-4fee-8efa-e8c69c5e7aee,d9019979-1182-4df5-9a84-974f8c2a1c25,8fbc7b28-5a14-4a2b-84cd-726d9d74feba,email,neutral,Human PM view movement why where give money site thank world yet relate machine chair ball.,2026-06-09T14:48:19.488812
77a6c717-94cd-4936-b71b-058b356be472,d9019979-1182-4df5-9a84-974f8c2a1c25,8fbc7b28-5a14-4a2b-84cd-726d9d74feba,demo,neutral,Option always pull manage onto effect present market process subject all play.,2026-06-10T22:48:34.653894
a24e256e-9a4e-4253-b01e-54822e1ce324,d9019979-1182-4df5-9a84-974f8c2a1c25,8fbc7b28-5a14-4a2b-84cd-726d9d74feba,call,neutral,They black force specific actually necessary senior employee low fast study resource explain key respond.,2026-06-10T22:29:32.491278
b346b418-f6e4-4cd0-bf8b-3c8c850d31eb,41b4eef5-e99a-480b-a7fe-b1b089a57e88,5f3f33ca-d46b-41bb-b3d6-b88dfbb7137e,demo,positive,Through magazine agree why style head buy season then role buy six.,2026-04-06T11:22:34.866078
a970565f-e083-41e2-8162-446054def1c5,41b4eef5-e99a-480b-a7fe-b1b089a57e88,5f3f33ca-d46b-41bb-b3d6-b88dfbb7137e,call,positive,Avoid our bed pick computer however modern some ability.,2026-05-15T21:09:47.213813
cdb72c64-2d97-438e-8843-81b34e81fef9,41b4eef5-e99a-480b-a7fe-b1b089a57e88,5f3f33ca-d46b-41bb-b3d6-b88dfbb7137e,call,negative,Rule still task option military next concern watch nothing work.,2025-10-18T09:34:51.131451
6a91ee47-1469-40fe-adfe-d386746d8fff,41b4eef5-e99a-480b-a7fe-b1b089a57e88,5f3f33ca-d46b-41bb-b3d6-b88dfbb7137e,follow_up,neutral,Conference dream professional article third message executive cell cause party work field recognize gas smile.,2026-06-01T05:37:59.192164
618651e1-693c-4cf0-a41a-dc8b42ae9a5c,41b4eef5-e99a-480b-a7fe-b1b089a57e88,5f3f33ca-d46b-41bb-b3d6-b88dfbb7137e,email,negative,Look institution of power fine these pass official source heavy feel task use.,2026-05-02T15:14:24.059900
62a64433-92d5-41e2-adde-a52b0e4502d3,3c19d191-92a8-443b-b364-320e1a55a899,8fbc7b28-5a14-4a2b-84cd-726d9d74feba,call,negative,Entire teacher wide study modern side to stuff.,2025-09-15T10:56:11.146142
41da9cc2-cc11-4b73-8ce0-775b3f105f8c,3c19d191-92a8-443b-b364-320e1a55a899,8fbc7b28-5a14-4a2b-84cd-726d9d74feba,call,no_response,Card night subject group production cell again per rock line something full artist.,2025-10-21T11:54:10.087070
7f05c139-689d-44af-83c4-b6268566f373,3c19d191-92a8-443b-b364-320e1a55a899,8fbc7b28-5a14-4a2b-84cd-726d9d74feba,email,neutral,Current consider science anything job case remember maintain teacher wrong power green under cut.,2026-06-10T20:36:56.618381
f2c08e88-f58e-4726-94a4-50d2c5a74f0a,3c19d191-92a8-443b-b364-320e1a55a899,8fbc7b28-5a14-4a2b-84cd-726d9d74feba,meeting,neutral,Fact south smile letter rate deal key food consumer entire society low establish federal beyond.,2026-01-03T01:37:24.145157
0e84c074-16a6-4f3f-8586-f76902f8b9e5,3c19d191-92a8-443b-b364-320e1a55a899,8fbc7b28-5a14-4a2b-84cd-726d9d74feba,call,positive,Care list commercial difficult must material ground maintain.,2025-09-16T10:09:31.581331
6d017362-77f3-4d03-a249-bde1782e129a,3c19d191-92a8-443b-b364-320e1a55a899,8fbc7b28-5a14-4a2b-84cd-726d9d74feba,email,no_response,Culture himself next voice risk somebody miss area war.,2026-01-22T12:36:48.065730
1ab60300-c35e-4d68-bdf7-c766661c85f2,4a0659e4-8158-4b76-91e8-2a0f2b363dec,926747b3-0605-45e2-b8d0-fcc92bbf0bed,meeting,negative,Mr protect attack rather best seat little make writer.,2026-06-08T06:09:11.474564
091350a0-ecbd-409a-b596-d7fd03d087cf,4a0659e4-8158-4b76-91e8-2a0f2b363dec,926747b3-0605-45e2-b8d0-fcc92bbf0bed,meeting,neutral,Remain laugh success not great know now.,2026-06-02T21:46:10.608946
31400dbe-b6b1-4f05-8418-231a596cd40d,4a0659e4-8158-4b76-91e8-2a0f2b363dec,926747b3-0605-45e2-b8d0-fcc92bbf0bed,call,positive,Appear exactly instead which determine very hear not.,2026-06-09T23:23:20.479723
43e6244c-2d12-4bd5-9d6f-056507434f54,4a0659e4-8158-4b76-91e8-2a0f2b363dec,926747b3-0605-45e2-b8d0-fcc92bbf0bed,call,positive,Say thought customer environmental listen whatever year get war happen list suffer.,2026-06-21T21:14:20.503659
deb4c4ae-b902-4d5b-92a6-9d50273209b0,df8b7878-4457-41fa-8360-e5c54e83dda8,c871c852-11fd-4dcb-8e0a-305264beb2b2,email,neutral,Ask billion child through somebody trouble Congress political gun money into.,2026-07-01T08:46:11.784407
73223ae3-8389-4669-8f57-0cd1c14b1928,df8b7878-4457-41fa-8360-e5c54e83dda8,c871c852-11fd-4dcb-8e0a-305264beb2b2,demo,no_response,Though into doctor usually thing prepare say around issue both term.,2026-07-01T12:52:21.300992
0b33f776-3d12-4c30-9557-e66117d4134f,df8b7878-4457-41fa-8360-e5c54e83dda8,c871c852-11fd-4dcb-8e0a-305264beb2b2,meeting,no_response,Up experience name buy financial real industry number future score only hope bring human.,2026-07-01T13:51:35.453928
2b0da268-c3ef-4e1e-8611-8f0dfa564fe5,20640ed3-e459-4717-9480-186845404290,c871c852-11fd-4dcb-8e0a-305264beb2b2,meeting,negative,Church military provide either security commercial total choice business none score boy television present born.,2026-05-08T20:00:55.944689
a3f34f2a-5dd9-4e95-80bd-211cbb035689,20640ed3-e459-4717-9480-186845404290,c871c852-11fd-4dcb-8e0a-305264beb2b2,email,positive,Edge he institution statement myself process green eye set want.,2026-05-04T00:37:40.508853
1004632e-56c0-4c06-9ab1-276114421d7f,20640ed3-e459-4717-9480-186845404290,c871c852-11fd-4dcb-8e0a-305264beb2b2,demo,no_response,Join indeed study talk kind piece light stop democratic other best address draw parent election.,2026-05-23T12:36:12.711705
986506aa-0780-4475-9ea6-21ac09f54955,20640ed3-e459-4717-9480-186845404290,c871c852-11fd-4dcb-8e0a-305264beb2b2,meeting,negative,Small law help think recognize expert soon list.,2026-05-09T01:55:20.532830
e3cb76ad-852f-41ef-90f1-84897f1607d0,17786f2d-e148-4b30-955f-63f029db0238,97b42328-e8b1-47d8-b18a-fd9db794cf35,demo,negative,Office unit whom field else vote sister your total amount true choose.,2026-06-19T09:11:36.456092
1b4f26af-187c-40a3-919a-9ea2936da2b5,17786f2d-e148-4b30-955f-63f029db0238,97b42328-e8b1-47d8-b18a-fd9db794cf35,email,positive,Million color story partner attack drive idea six so develop.,2026-05-23T11:05:21.683248
d7947aaa-413f-41d8-9f62-da55d6525c5b,17786f2d-e148-4b30-955f-63f029db0238,97b42328-e8b1-47d8-b18a-fd9db794cf35,call,no_response,Meeting me management continue person several myself policy either increase very budget usually.,2026-06-25T20:21:02.435632
eeee8cba-9739-405f-a842-c813942ba8b6,17786f2d-e148-4b30-955f-63f029db0238,97b42328-e8b1-47d8-b18a-fd9db794cf35,email,positive,Ability choice heart defense cup political building authority red both at but big itself.,2026-03-16T23:35:11.774668
dd4251c3-7ba3-44c8-8194-f2472ae5a2ae,17786f2d-e148-4b30-955f-63f029db0238,97b42328-e8b1-47d8-b18a-fd9db794cf35,follow_up,neutral,Who good herself read stand beat establish phone travel suddenly line if turn table.,2026-04-16T09:05:41.193832
42a68087-5653-4c9f-99a2-9f0936194a98,17786f2d-e148-4b30-955f-63f029db0238,97b42328-e8b1-47d8-b18a-fd9db794cf35,follow_up,negative,Leg protect difficult officer budget standard exist our be point until need.,2026-06-18T09:07:57.189497
7038814a-65b1-4f21-a681-dd702946fcde,17786f2d-e148-4b30-955f-63f029db0238,97b42328-e8b1-47d8-b18a-fd9db794cf35,email,negative,Old we person who network former lose run source support decade federal.,2026-06-17T01:33:53.220182
4a4404f3-9b41-4ab8-8bf5-9c0db4d77bb2,dd11bf34-024b-46ef-870d-fa0dff8df50a,8fbc7b28-5a14-4a2b-84cd-726d9d74feba,meeting,neutral,Whole room page culture vote story for young culture check specific.,2026-05-24T08:37:46.898800
0274d24e-1a42-40f1-ae12-0615448c090a,dd11bf34-024b-46ef-870d-fa0dff8df50a,8fbc7b28-5a14-4a2b-84cd-726d9d74feba,email,positive,Question employee big main herself section drive new level skill visit.,2025-12-07T07:46:45.411657
0c360bcb-64db-450f-9318-3ef680c12e60,dd11bf34-024b-46ef-870d-fa0dff8df50a,8fbc7b28-5a14-4a2b-84cd-726d9d74feba,demo,positive,Republican yourself structure similar expert relate contain respond visit miss.,2026-02-20T23:02:08.384427
57b43b86-2391-402a-909f-0e817cf26a69,dd11bf34-024b-46ef-870d-fa0dff8df50a,8fbc7b28-5a14-4a2b-84cd-726d9d74feba,demo,positive,Enjoy seem old may deep full health television treatment see follow realize.,2025-10-20T20:36:10.514976
d7c9a040-3240-40de-bb7f-11f55daee4c0,dd11bf34-024b-46ef-870d-fa0dff8df50a,8fbc7b28-5a14-4a2b-84cd-726d9d74feba,call,positive,Total east energy fine large serve who history site lead whom mention.,2025-11-04T00:30:35.948845
7ee18d7b-f404-48e7-ab28-f30ceb8f3e76,dd11bf34-024b-46ef-870d-fa0dff8df50a,8fbc7b28-5a14-4a2b-84cd-726d9d74feba,meeting,positive,Book feel wind worker few marriage who decide laugh address rock.,2025-10-30T00:28:32.764390
83dc2147-ee7c-4a68-b51b-227081b7b62b,dd11bf34-024b-46ef-870d-fa0dff8df50a,8fbc7b28-5a14-4a2b-84cd-726d9d74feba,follow_up,neutral,Bad network degree heart instead unit building build health.,2025-12-30T03:33:33.570297
aa93d98f-3915-4176-b712-2d39bea78cc8,dd11bf34-024b-46ef-870d-fa0dff8df50a,8fbc7b28-5a14-4a2b-84cd-726d9d74feba,follow_up,neutral,Fill back boy main prove serious energy.,2026-06-25T01:21:18.567417
3032f5f7-bde6-4ba4-b250-69d6198888c1,dd11bf34-024b-46ef-870d-fa0dff8df50a,8fbc7b28-5a14-4a2b-84cd-726d9d74feba,email,no_response,Soon under consumer Congress eight participant detail everybody affect positive many woman Mrs cell may career.,2026-02-12T17:43:32.634351
0413617c-882e-4a90-8ada-f4b061430ce3,dd11bf34-024b-46ef-870d-fa0dff8df50a,8fbc7b28-5a14-4a2b-84cd-726d9d74feba,meeting,neutral,Collection agency sea yard establish read out mention air media situation check bit red push bed.,2025-11-05T00:24:27.457668
d802713a-6ec1-435e-86e2-1453b6ff222e,c7c04ca5-7557-4671-8610-3ec3f83645b5,2504e3b3-25e8-4345-bf72-c6a2d0e388f1,follow_up,positive,Remember my her improve situation who its young once southern interest direction television such.,2026-07-01T16:02:25.875946
92a3afec-1650-496f-be44-b4b30e2a5d22,c7c04ca5-7557-4671-8610-3ec3f83645b5,2504e3b3-25e8-4345-bf72-c6a2d0e388f1,email,neutral,Black factor note break trial young paper simple along fund front case yet study message.,2026-07-01T14:15:20.368098
0e321762-1cb0-4d0a-a536-9ebee6b2db78,c7c04ca5-7557-4671-8610-3ec3f83645b5,2504e3b3-25e8-4345-bf72-c6a2d0e388f1,demo,positive,Nor without child yeah purpose face class listen time dinner type system trouble.,2026-07-01T14:39:34.778608
e524c44f-85e3-4c50-bba8-d7956b250fa3,c7c04ca5-7557-4671-8610-3ec3f83645b5,2504e3b3-25e8-4345-bf72-c6a2d0e388f1,follow_up,no_response,Son become dream son these still nothing hope increase remember read everything customer.,2026-07-01T15:30:02.555724
0379edb0-a4f7-412f-a9de-f537c8bb6b01,c7c04ca5-7557-4671-8610-3ec3f83645b5,2504e3b3-25e8-4345-bf72-c6a2d0e388f1,follow_up,positive,Nature themselves loss work modern home line policy return in price see international condition.,2026-07-01T15:47:29.164420
bc4ec17b-869e-469c-88fa-55dcc4d16b32,c7c04ca5-7557-4671-8610-3ec3f83645b5,2504e3b3-25e8-4345-bf72-c6a2d0e388f1,email,neutral,Far who contain win its make young show American suffer catch movement onto pressure kind.,2026-07-01T14:05:37.397187
08d4d899-829c-4dac-bdec-0964b6347449,c7c04ca5-7557-4671-8610-3ec3f83645b5,2504e3b3-25e8-4345-bf72-c6a2d0e388f1,demo,no_response,Report new then different Mr address sure left inside.,2026-07-01T16:03:11.868349
3d175d3e-c361-4ded-bfbe-e6001b69d4f4,91ed4033-0e5b-4f77-9913-aa98b7a2013a,248abef5-bdf3-44b7-ba1c-a83da97bce81,call,negative,Could natural effect career mean year loss season.,2025-12-21T17:57:00.303502
35b266ce-eb5e-4b75-8496-2090f729eb07,91ed4033-0e5b-4f77-9913-aa98b7a2013a,248abef5-bdf3-44b7-ba1c-a83da97bce81,meeting,positive,Me into science year yourself before behind set push.,2026-04-16T17:39:32.044996
ab5f6ea6-2451-4f33-82fd-1350241a97ab,91ed4033-0e5b-4f77-9913-aa98b7a2013a,248abef5-bdf3-44b7-ba1c-a83da97bce81,meeting,positive,None form represent term performance bill nor bag air almost indeed or continue rock.,2026-02-05T11:29:18.894955
89366ad4-1949-4912-a97a-a5e29f543409,4d1e23c7-e520-45fb-9b25-d5e1ca99d6e3,2504e3b3-25e8-4345-bf72-c6a2d0e388f1,follow_up,neutral,Sure surface yourself determine win worry kitchen long pretty left buy ahead firm safe doctor security.,2026-01-17T01:33:50.613462
f1d00fb1-aa45-4868-be60-fb2c0e862d0a,4d1e23c7-e520-45fb-9b25-d5e1ca99d6e3,2504e3b3-25e8-4345-bf72-c6a2d0e388f1,demo,negative,Above should consider yes visit ever affect before laugh treat possible practice above election figure.,2026-03-15T20:20:18.515024
dfbd4e49-799d-4f37-80e9-802f06939d51,4d1e23c7-e520-45fb-9b25-d5e1ca99d6e3,2504e3b3-25e8-4345-bf72-c6a2d0e388f1,call,positive,Suffer wait interesting order house actually business time specific individual interview important sea happy now.,2026-03-21T05:39:34.791473
8f5273de-1f94-4da1-b579-3427d65fad67,4d1e23c7-e520-45fb-9b25-d5e1ca99d6e3,2504e3b3-25e8-4345-bf72-c6a2d0e388f1,follow_up,positive,Understand practice hair nor may course kind relationship culture summer upon.,2026-03-10T17:15:33.103581
52557706-2653-4469-9f97-a833433157c5,4d1e23c7-e520-45fb-9b25-d5e1ca99d6e3,2504e3b3-25e8-4345-bf72-c6a2d0e388f1,demo,positive,Early whom personal vote note maybe return.,2026-05-31T15:59:33.010316
b21807dd-50b0-4f1e-be81-cf3eaca90a33,9ae9ccf6-00ef-4109-8f28-b63e32f76150,97b42328-e8b1-47d8-b18a-fd9db794cf35,demo,negative,Find set commercial whom money yeah generation sister.,2026-06-30T23:35:18.183650
0bc4275a-0a99-4981-81fa-2e18ef46c275,9ae9ccf6-00ef-4109-8f28-b63e32f76150,97b42328-e8b1-47d8-b18a-fd9db794cf35,call,positive,Culture second life too maybe shake word free Republican benefit single.,2026-06-29T21:33:49.228066
6508d825-1675-4ebf-8d77-450287531ecb,db7a9766-f162-44a6-926c-14f2b6867de6,248abef5-bdf3-44b7-ba1c-a83da97bce81,call,neutral,Cup of close security term religious team not occur then.,2026-05-10T16:28:44.047200
03532e65-0f89-45a1-bddb-700a6c92ade4,db7a9766-f162-44a6-926c-14f2b6867de6,248abef5-bdf3-44b7-ba1c-a83da97bce81,call,negative,Federal world thank how method friend least dinner hour short.,2025-11-10T17:24:36.969670
fc029ca5-cd0d-48ec-88c1-919040908918,db7a9766-f162-44a6-926c-14f2b6867de6,248abef5-bdf3-44b7-ba1c-a83da97bce81,follow_up,no_response,Blood east born finish source yet interesting whose attorney way blood board become rich stand walk.,2025-10-16T23:28:06.207139
4241d072-4825-417a-9826-09bf1117780f,db7a9766-f162-44a6-926c-14f2b6867de6,248abef5-bdf3-44b7-ba1c-a83da97bce81,meeting,no_response,Benefit around realize kind bed become food opportunity serve star.,2026-02-04T20:18:57.350094
c3ba7b5e-b04c-4f17-b086-3eec26c7cfe1,db7a9766-f162-44a6-926c-14f2b6867de6,248abef5-bdf3-44b7-ba1c-a83da97bce81,follow_up,positive,Line throw stay toward simple fact opportunity politics never effect region actually wait.,2026-04-30T06:02:39.112148
572232d3-aa4b-4544-afc7-ee2ba9a82930,57c63471-c268-45ae-b3b4-05e7c64af4c6,d26cf0a9-2fe7-4c98-bb58-4a257210d63b,demo,no_response,Either tell poor just left nice institution really.,2025-06-03T23:34:32.297315
93652858-dadb-44bf-91a2-1058e7bf8f7c,57c63471-c268-45ae-b3b4-05e7c64af4c6,d26cf0a9-2fe7-4c98-bb58-4a257210d63b,meeting,negative,Suffer great field when measure beautiful tree raise six.,2026-02-09T01:14:30.786466
052a06e7-8d00-4f40-a2d7-e2eb593f2960,57c63471-c268-45ae-b3b4-05e7c64af4c6,d26cf0a9-2fe7-4c98-bb58-4a257210d63b,email,negative,Necessary serious step newspaper tonight hair listen protect.,2025-06-14T00:56:02.165603
b4916c63-aa92-4a38-9221-4791834a7fa1,57c63471-c268-45ae-b3b4-05e7c64af4c6,d26cf0a9-2fe7-4c98-bb58-4a257210d63b,meeting,neutral,Audience task who opportunity new practice them even myself evening.,2026-06-21T12:27:12.137174
857c700b-81f4-41d0-b15d-9d56ca95ffb2,57c63471-c268-45ae-b3b4-05e7c64af4c6,d26cf0a9-2fe7-4c98-bb58-4a257210d63b,follow_up,neutral,Huge political member scene source list human serious.,2025-04-19T20:03:01.201238
fd21483a-5b61-4472-bfcc-2c8c4ce60301,57c63471-c268-45ae-b3b4-05e7c64af4c6,d26cf0a9-2fe7-4c98-bb58-4a257210d63b,meeting,negative,Hospital if send movie kitchen hospital million seat animal again south fill money even election.,2026-06-17T16:59:56.293578
b0bdb023-a9ff-47a9-b146-8bed3aafeee5,57c63471-c268-45ae-b3b4-05e7c64af4c6,d26cf0a9-2fe7-4c98-bb58-4a257210d63b,call,positive,Record yard discover stop worry part actually open vote item computer clear end action.,2025-11-21T22:00:35.344842
7e8247e8-1073-4b3c-940c-8662c6ec2e91,ae198b81-81cc-4446-ab82-3dd7e14de569,2504e3b3-25e8-4345-bf72-c6a2d0e388f1,email,positive,Simple class example group strong letter stay evening when behind bar cultural total dinner carry these.,2026-01-02T22:18:07.757517
b881c818-7f03-4479-9de7-2f2646ce530f,ae198b81-81cc-4446-ab82-3dd7e14de569,2504e3b3-25e8-4345-bf72-c6a2d0e388f1,meeting,negative,Always design trial manage watch will discover detail institution occur write major.,2026-05-08T08:23:19.109346
8b9c45d4-6917-456c-959b-8f7b37d165aa,ae198b81-81cc-4446-ab82-3dd7e14de569,2504e3b3-25e8-4345-bf72-c6a2d0e388f1,meeting,neutral,Force major fine than he charge her.,2026-03-05T00:01:53.568788
37330a53-4553-404f-ac29-e03bb997d87e,ae198b81-81cc-4446-ab82-3dd7e14de569,2504e3b3-25e8-4345-bf72-c6a2d0e388f1,meeting,neutral,Former plan professional standard machine relate reflect.,2026-02-07T09:01:20.704964
f06aa2ca-1b8a-4bb8-a2f1-42410f0ce8bb,ae198b81-81cc-4446-ab82-3dd7e14de569,2504e3b3-25e8-4345-bf72-c6a2d0e388f1,call,negative,Become cell high key forward door community east chance watch choice drive letter feel involve.,2026-05-22T09:17:56.726856
7a178a2e-7a84-461b-a0fb-0831b5e4338d,ae198b81-81cc-4446-ab82-3dd7e14de569,2504e3b3-25e8-4345-bf72-c6a2d0e388f1,demo,positive,Though situation simply hold financial though special effort among expect administration cut large people.,2026-03-24T07:23:09.210382
0faf7619-17cc-4f6f-b464-b0ab92cbe97a,ae198b81-81cc-4446-ab82-3dd7e14de569,2504e3b3-25e8-4345-bf72-c6a2d0e388f1,demo,positive,Meet test member bed save this animal clear decide of team set adult either culture such.,2026-02-25T11:46:40.295166
c0571e69-6afe-4b7b-bbc1-b10075c804a0,ae198b81-81cc-4446-ab82-3dd7e14de569,2504e3b3-25e8-4345-bf72-c6a2d0e388f1,follow_up,positive,With southern pick of garden media through voice present war assume southern.,2026-05-06T19:17:03.791597
a20adb23-3ae6-44b9-9a76-0849a7b595bb,ae198b81-81cc-4446-ab82-3dd7e14de569,2504e3b3-25e8-4345-bf72-c6a2d0e388f1,call,negative,Two mean benefit individual water travel often foot price daughter industry support sea any.,2026-01-25T01:45:47.765429
6a15df0b-6d6f-4153-ac34-2d49335b861e,65dc53ec-6b68-4c3a-8a87-026fa28b233f,cd236f80-c9cc-43ed-96ad-09d2afa212d4,email,positive,Television PM evening growth head strong edge agency director finish capital suffer room as.,2026-03-03T15:43:07.572266
6c5c7d7c-86c7-4442-907c-a0993df47441,65dc53ec-6b68-4c3a-8a87-026fa28b233f,cd236f80-c9cc-43ed-96ad-09d2afa212d4,email,neutral,Social time daughter anything green beat decade billion international firm different.,2026-02-09T18:35:02.508036
6d239dbf-79c9-457c-9455-04e13dd38d30,65dc53ec-6b68-4c3a-8a87-026fa28b233f,cd236f80-c9cc-43ed-96ad-09d2afa212d4,call,neutral,Base above reason that debate try door develop president what audience treatment truth source.,2026-01-07T05:56:06.823908
b5460622-8acc-424a-a0b4-c55887f4013e,65dc53ec-6b68-4c3a-8a87-026fa28b233f,cd236f80-c9cc-43ed-96ad-09d2afa212d4,call,negative,Beautiful common must trial customer hit ready activity them agency able different.,2025-08-07T14:26:02.251478
57fa5b6e-8b88-4092-80db-abdda8eee27b,65dc53ec-6b68-4c3a-8a87-026fa28b233f,cd236f80-c9cc-43ed-96ad-09d2afa212d4,follow_up,positive,Deal page television serve represent team fact goal level rise fact kitchen fund.,2025-06-12T22:06:57.048615
b70b1697-1b07-421e-9af2-451d226ee82e,65dc53ec-6b68-4c3a-8a87-026fa28b233f,cd236f80-c9cc-43ed-96ad-09d2afa212d4,demo,positive,Chance alone baby pass detail staff expert management eat smile including simple year worker usually.,2026-05-07T00:42:58.578573
d1fddb5d-7288-47d6-a674-8be4a03e949d,65dc53ec-6b68-4c3a-8a87-026fa28b233f,cd236f80-c9cc-43ed-96ad-09d2afa212d4,follow_up,no_response,Woman yourself chance table personal ground special computer poor record.,2025-06-01T03:22:01.208806
bd111ecc-55f1-4c34-8e6f-6141b65b6bdb,8b24901e-a63a-4c42-84ab-5eea2a9647dd,2504e3b3-25e8-4345-bf72-c6a2d0e388f1,demo,positive,Third actually modern establish itself line share choice model always.,2026-04-26T19:38:18.923292
f697204b-ff2f-4732-b529-1483cb782f3b,8b24901e-a63a-4c42-84ab-5eea2a9647dd,2504e3b3-25e8-4345-bf72-c6a2d0e388f1,call,neutral,Music wrong short high number stop become wish manage issue picture.,2026-03-31T21:45:17.262556
90c618db-f8c4-44f1-a5e0-6d2342d163af,8b24901e-a63a-4c42-84ab-5eea2a9647dd,2504e3b3-25e8-4345-bf72-c6a2d0e388f1,demo,negative,Evidence either should else tell commercial smile star role maintain everybody.,2026-06-09T15:40:00.381346
d0305347-3155-492f-a99b-98cd070c203f,c971d662-4280-4dc2-b004-4578a453c076,248abef5-bdf3-44b7-ba1c-a83da97bce81,follow_up,negative,Country second spring owner tend yeah result professional today some line interest station window.,2025-12-12T14:19:29.441150
1449b143-159c-4621-b17d-89da829a593c,c971d662-4280-4dc2-b004-4578a453c076,248abef5-bdf3-44b7-ba1c-a83da97bce81,email,negative,Make field billion within movie world open subject month.,2025-09-11T15:40:26.202844
7c845c1a-6a3a-4669-8086-42f70833dd28,c971d662-4280-4dc2-b004-4578a453c076,248abef5-bdf3-44b7-ba1c-a83da97bce81,email,negative,Least gun speak suggest thought thousand actually.,2025-09-18T10:55:19.684268
cc26283c-72e8-4774-9ba8-36fcbc8312e5,c971d662-4280-4dc2-b004-4578a453c076,248abef5-bdf3-44b7-ba1c-a83da97bce81,email,positive,Station computer summer smile present really world language one finish risk cell.,2026-03-23T21:15:44.230181
6e454879-0b39-41a2-93fe-9589af2dec99,c971d662-4280-4dc2-b004-4578a453c076,248abef5-bdf3-44b7-ba1c-a83da97bce81,follow_up,negative,Situation democratic we group herself tree business card beat view.,2025-11-03T17:50:15.847550
8b6b9ae3-029e-4d66-8355-6e77c841fedf,93d2e206-8d0a-436c-85e0-20edaf22d119,c871c852-11fd-4dcb-8e0a-305264beb2b2,follow_up,negative,Doctor anything size from dinner success would raise voice operation others.,2025-09-15T05:41:35.016524
c0345d7a-d1cb-4661-89a9-53b747deda06,93d2e206-8d0a-436c-85e0-20edaf22d119,c871c852-11fd-4dcb-8e0a-305264beb2b2,demo,no_response,Develop north job manager current huge attention within.,2026-06-17T03:26:40.226005
baddf66c-b70d-42bf-8c3a-698d5f37747f,93d2e206-8d0a-436c-85e0-20edaf22d119,c871c852-11fd-4dcb-8e0a-305264beb2b2,email,positive,Step show including across somebody energy just condition other travel past traditional.,2026-01-04T16:51:04.439671
39180d3f-50f7-496f-833d-bf50e5187d89,93d2e206-8d0a-436c-85e0-20edaf22d119,c871c852-11fd-4dcb-8e0a-305264beb2b2,meeting,no_response,Recently may world part weight third music thought place opportunity common green develop experience Congress usually.,2025-10-18T03:35:22.854099
d3071f8b-f162-42d5-848e-578c033745de,93d2e206-8d0a-436c-85e0-20edaf22d119,c871c852-11fd-4dcb-8e0a-305264beb2b2,demo,negative,Month deep spring nothing out decade knowledge kind college beat difference.,2025-10-07T16:42:24.721788
bf0b958f-7d08-491f-a4d9-bf6df497f8fb,93d2e206-8d0a-436c-85e0-20edaf22d119,c871c852-11fd-4dcb-8e0a-305264beb2b2,email,positive,Economic even authority guy fund pull right morning learn.,2025-08-16T16:33:11.828976
43791396-2dd5-4248-b302-5d666d595571,40135812-7eb4-48cd-95a4-607ed0168b72,03047d55-6b0c-4ed2-ade3-e979453d38ea,follow_up,neutral,Range beat present as how me prepare worry life subject this open.,2026-06-23T09:42:01.847183
78462d75-ece8-4b39-bd2e-c6f630d96b65,40135812-7eb4-48cd-95a4-607ed0168b72,03047d55-6b0c-4ed2-ade3-e979453d38ea,follow_up,no_response,Federal concern cultural ten standard space body between must anyone adult.,2026-06-24T23:25:30.505544
7eb37d70-991f-4f09-b2e5-b0ce2765f6dc,40135812-7eb4-48cd-95a4-607ed0168b72,03047d55-6b0c-4ed2-ade3-e979453d38ea,follow_up,negative,Call significant trade order mean position rather theory room save far small that relate.,2026-06-27T23:11:38.478800
1dfc1400-245b-4e1c-94d0-337a28bf89af,40135812-7eb4-48cd-95a4-607ed0168b72,03047d55-6b0c-4ed2-ade3-e979453d38ea,email,positive,Quality certain stand unit popular fear position along try difficult number cover measure certain evening.,2026-06-24T05:30:11.880756
b2e72711-fa4d-46a4-98ae-4cd50afa3932,40135812-7eb4-48cd-95a4-607ed0168b72,03047d55-6b0c-4ed2-ade3-e979453d38ea,meeting,negative,Wait smile give film toward feeling term such main development race meet.,2026-06-26T01:11:55.959423
ea03ceb8-a574-4779-9573-b11cd5d48d1d,40135812-7eb4-48cd-95a4-607ed0168b72,03047d55-6b0c-4ed2-ade3-e979453d38ea,email,no_response,Lose however top fund loss design thus commercial plan forward may wind total.,2026-06-21T13:24:34.424166
9be6c02b-670b-4fd9-8038-fe1467968c9b,40135812-7eb4-48cd-95a4-607ed0168b72,03047d55-6b0c-4ed2-ade3-e979453d38ea,email,neutral,Television culture too age since arm production outside fire coach deep actually fund world time present.,2026-06-28T19:26:26.775270
c0b2c96e-5a00-4754-80c6-1a8692c75d2e,bfaaab98-feef-492b-9676-1f83142c6c9a,97b42328-e8b1-47d8-b18a-fd9db794cf35,meeting,negative,Adult lawyer participant protect on partner book little north.,2026-03-23T07:14:48.470137
5bd9c97a-e86c-4569-9e1f-5eb6dc17c85d,bfaaab98-feef-492b-9676-1f83142c6c9a,97b42328-e8b1-47d8-b18a-fd9db794cf35,meeting,neutral,Assume only recent phone people dark floor institution.,2026-04-14T01:10:14.874663
87eefbb0-1bb4-4611-9fc5-1a61a1e6206e,bfaaab98-feef-492b-9676-1f83142c6c9a,97b42328-e8b1-47d8-b18a-fd9db794cf35,follow_up,neutral,Project stuff beyond direction unit thousand move.,2026-04-15T08:10:20.905206
858dd8ce-c97e-48f9-a35f-c3805d9c1e60,bfaaab98-feef-492b-9676-1f83142c6c9a,97b42328-e8b1-47d8-b18a-fd9db794cf35,demo,negative,Firm training best true window from trip smile.,2026-06-13T01:24:28.909943
85fcafe3-8d2c-4850-bf39-a986ad1e5c2f,bfaaab98-feef-492b-9676-1f83142c6c9a,97b42328-e8b1-47d8-b18a-fd9db794cf35,follow_up,neutral,Notice wish he beyond or court form other Congress decision effort within subject thus somebody my.,2026-03-05T19:52:15.334774
eb5b6bf6-f4b4-4f8e-9257-d9e5689b3b21,bfaaab98-feef-492b-9676-1f83142c6c9a,97b42328-e8b1-47d8-b18a-fd9db794cf35,demo,negative,Safe side gun back southern day perhaps necessary fill such firm.,2026-06-22T19:06:25.001067
33ac5d37-b2a6-47a1-930b-e9a1b33b96df,bfaaab98-feef-492b-9676-1f83142c6c9a,97b42328-e8b1-47d8-b18a-fd9db794cf35,follow_up,positive,Far husband lot yet save week then.,2026-04-24T12:36:51.002533
d2e9ec14-71ae-43c7-a0a2-dea455f093e1,0523541e-1939-43bd-a6cf-606d80dcd1c5,97b42328-e8b1-47d8-b18a-fd9db794cf35,email,positive,Matter understand safe international production start cost enough feel.,2025-08-03T09:28:08.932972
a6e53a92-4684-4733-b30e-f1c28e714762,0523541e-1939-43bd-a6cf-606d80dcd1c5,97b42328-e8b1-47d8-b18a-fd9db794cf35,call,positive,Nice or line real claim us whole including kind top south edge least debate wrong.,2025-11-14T00:35:45.166505
13389ce3-ac4d-4f29-8a52-335ac003df8c,0523541e-1939-43bd-a6cf-606d80dcd1c5,97b42328-e8b1-47d8-b18a-fd9db794cf35,email,no_response,Writer onto specific free body case allow feeling perhaps.,2025-09-26T19:23:31.417367
6ab68c2c-d6e6-450c-9d85-d34f96f81e01,0523541e-1939-43bd-a6cf-606d80dcd1c5,97b42328-e8b1-47d8-b18a-fd9db794cf35,meeting,positive,Car dark heavy blood personal box movie military six against figure chair pick leader both career.,2025-11-03T22:00:56.406418
c9f75db8-6728-4c0d-a707-652ebfa34ab5,0523541e-1939-43bd-a6cf-606d80dcd1c5,97b42328-e8b1-47d8-b18a-fd9db794cf35,call,negative,Anyone meet day personal throughout use very use without me alone church purpose industry of.,2025-07-29T08:21:11.037491
1f450fb2-ac64-4b28-8139-03a49f2798cb,eb9e0a04-4659-46fb-840e-9bb44b04a8be,926747b3-0605-45e2-b8d0-fcc92bbf0bed,email,negative,Sister perform nearly get voice physical near action find short his course window.,2026-05-22T04:31:16.698027
7bd7ae0d-de7b-4789-9dac-b4631f340c08,eb9e0a04-4659-46fb-840e-9bb44b04a8be,926747b3-0605-45e2-b8d0-fcc92bbf0bed,call,neutral,Resource low few heavy book total cost consumer probably executive buy.,2026-05-27T19:47:07.599205
8c7c9c93-eecb-43a2-9eab-bfdd57209c0a,eb9e0a04-4659-46fb-840e-9bb44b04a8be,926747b3-0605-45e2-b8d0-fcc92bbf0bed,demo,positive,Voice too last fire quickly music my through.,2026-05-06T10:05:22.278724
01c5cdc8-c2f0-4287-8c06-6b42f711d3fb,eb9e0a04-4659-46fb-840e-9bb44b04a8be,926747b3-0605-45e2-b8d0-fcc92bbf0bed,follow_up,no_response,Beautiful travel less hold cell individual apply whatever care property.,2026-05-03T13:04:40.430557
7f31c138-3e99-4b4b-8dc7-4e73f4aa06b4,a8cc1003-f62f-4e49-a599-d43591f1d198,8fbc7b28-5a14-4a2b-84cd-726d9d74feba,follow_up,neutral,Man father market push step page maintain.,2026-05-20T08:01:04.252097
db4e8697-91ff-4f3e-ba0f-53de8be1c99d,a8cc1003-f62f-4e49-a599-d43591f1d198,8fbc7b28-5a14-4a2b-84cd-726d9d74feba,follow_up,negative,Full claim support include field author approach machine throw baby high seven.,2026-05-08T19:23:48.539726
c6ce738d-a70e-482c-b763-81a0d12d36c4,a8cc1003-f62f-4e49-a599-d43591f1d198,8fbc7b28-5a14-4a2b-84cd-726d9d74feba,meeting,negative,Peace back film choice seem election along mean condition few point.,2026-04-16T16:29:05.766831
cbffb07d-ac94-4997-a7c0-54dea8981e4f,a8cc1003-f62f-4e49-a599-d43591f1d198,8fbc7b28-5a14-4a2b-84cd-726d9d74feba,call,no_response,Weight soldier body Congress wonder learn fill game low might spring area that.,2026-01-05T05:46:04.160057
f776b235-8095-43a4-88cb-7cc5bc184dd5,a8cc1003-f62f-4e49-a599-d43591f1d198,8fbc7b28-5a14-4a2b-84cd-726d9d74feba,demo,neutral,Ground we trip politics street PM human wrong design sea teach research Republican.,2026-05-31T11:04:12.969946
1e8ac40a-5a97-4389-95b1-1ed99bd8a8b8,a8cc1003-f62f-4e49-a599-d43591f1d198,8fbc7b28-5a14-4a2b-84cd-726d9d74feba,meeting,no_response,Music inside spring culture purpose interview stand energy painting.,2025-06-05T14:05:36.832461
3ddcf71c-0fbd-479c-ad63-62b59c4188f5,a8cc1003-f62f-4e49-a599-d43591f1d198,8fbc7b28-5a14-4a2b-84cd-726d9d74feba,call,positive,Recognize standard represent candidate stage nation choice imagine ever small heart couple.,2026-01-05T17:37:56.744659
35d85987-ca97-41ec-a2db-0d4f1705e668,5b6524bb-564e-470d-916c-a726eccc7870,21f6019b-7c7e-480c-8cae-8b04a34eb58d,email,neutral,Industry continue individual leave study almost always decide staff central walk point teach.,2026-01-10T11:56:45.491135
e65259b3-9c06-4876-995e-cd4c49996a1e,5b6524bb-564e-470d-916c-a726eccc7870,21f6019b-7c7e-480c-8cae-8b04a34eb58d,demo,negative,Specific edge trouble field measure trial herself recent produce.,2025-10-03T00:00:06.371385
f4e6c678-c5a2-4a3a-9bc4-87ed444abe93,5b6524bb-564e-470d-916c-a726eccc7870,21f6019b-7c7e-480c-8cae-8b04a34eb58d,meeting,neutral,How activity single none ever clearly cup.,2025-05-07T15:10:32.225061
1edde1e2-b72f-46d7-b03e-3264e7d4f23d,5b6524bb-564e-470d-916c-a726eccc7870,21f6019b-7c7e-480c-8cae-8b04a34eb58d,follow_up,neutral,Late specific report least manage quality newspaper law ever upon lead any late western although.,2025-11-06T15:08:24.785416
047f90dc-bc72-4b80-9d41-a812b6152261,5b6524bb-564e-470d-916c-a726eccc7870,21f6019b-7c7e-480c-8cae-8b04a34eb58d,email,neutral,Matter lawyer international cultural from protect treatment nice describe for word increase.,2026-03-06T18:04:18.622193
d486f3df-6286-489f-aa1e-ca5896aeb054,5b6524bb-564e-470d-916c-a726eccc7870,21f6019b-7c7e-480c-8cae-8b04a34eb58d,email,positive,Force audience ready serious response care court worry apply central yes role.,2025-07-06T14:53:35.306502
30b480d0-0876-4d8b-8ba7-675dfc9e2ab5,c747f773-5a50-4aad-b67f-8204fc4c1878,926747b3-0605-45e2-b8d0-fcc92bbf0bed,call,positive,Bed citizen determine end behind position age up life management within issue skill.,2026-04-01T21:00:01.210884
0a4306b1-a441-4c94-95ff-2832e1f0f7fd,c747f773-5a50-4aad-b67f-8204fc4c1878,926747b3-0605-45e2-b8d0-fcc92bbf0bed,email,negative,Establish loss senior letter entire later director minute develop mother.,2026-01-01T09:27:36.425796
13537bf2-bf9a-4b3e-ada5-008f125c5b2d,c747f773-5a50-4aad-b67f-8204fc4c1878,926747b3-0605-45e2-b8d0-fcc92bbf0bed,call,neutral,Generation else establish probably short cover interest office entire at election act billion these lawyer.,2026-06-07T14:04:38.201690
8ddef305-0c9c-49ae-9a44-fbfbbf82d009,0f5bca76-320c-4337-85e0-ee3a68bfb51e,cd236f80-c9cc-43ed-96ad-09d2afa212d4,meeting,neutral,Improve wide say specific movement left argue bad memory single right affect experience.,2026-07-01T11:13:36.960420
81b6abd6-f2a5-4d6f-b816-03d3e8790af7,0f5bca76-320c-4337-85e0-ee3a68bfb51e,cd236f80-c9cc-43ed-96ad-09d2afa212d4,email,positive,Know because positive capital majority bag home care population its for.,2026-07-01T05:32:17.864903
6826791a-0114-4942-8a62-91276bee060b,0f5bca76-320c-4337-85e0-ee3a68bfb51e,cd236f80-c9cc-43ed-96ad-09d2afa212d4,meeting,positive,Me campaign ball number the everybody ever pull worker investment.,2026-07-01T01:42:59.324790
545c1de6-d136-4a1c-8eb2-df75e500943d,0f5bca76-320c-4337-85e0-ee3a68bfb51e,cd236f80-c9cc-43ed-96ad-09d2afa212d4,demo,negative,Happy more this country right somebody bag wife lead remember happen cell issue.,2026-07-01T15:40:30.849075
59721249-abf7-4a2c-9f20-bc75fdc83625,0f5bca76-320c-4337-85e0-ee3a68bfb51e,cd236f80-c9cc-43ed-96ad-09d2afa212d4,email,positive,See once support feeling there ball sell candidate easy past production tell.,2026-07-01T05:37:21.738980
54f54ca5-6b01-4986-89e1-77a6a77b6f3d,807965d7-5529-4f4e-b0af-84a716e0cf4a,c871c852-11fd-4dcb-8e0a-305264beb2b2,follow_up,positive,Provide walk commercial join dream cost government both heart result past about might pull security.,2026-04-30T00:24:07.037412
c7451130-1a7b-4c8c-b147-7abad1e6581a,807965d7-5529-4f4e-b0af-84a716e0cf4a,c871c852-11fd-4dcb-8e0a-305264beb2b2,follow_up,negative,Compare certain medical child sell show until choice individual reason throughout must huge.,2026-05-08T04:29:43.071651
e9aff0bc-f61e-497b-ac7c-5a2781f73f59,807965d7-5529-4f4e-b0af-84a716e0cf4a,c871c852-11fd-4dcb-8e0a-305264beb2b2,meeting,neutral,Source magazine consumer institution trip coach easy imagine trade production method once.,2026-01-30T13:01:17.842043
e963df7a-68f9-467a-91dc-0917d7904315,807965d7-5529-4f4e-b0af-84a716e0cf4a,c871c852-11fd-4dcb-8e0a-305264beb2b2,follow_up,neutral,Boy Congress throughout house or wear new instead memory play exist court success true.,2026-05-23T03:58:19.658560
9a8bee15-6201-422f-90a7-7bc8b262fc3b,03160d5c-9126-4499-83f0-795f6e8fe1b9,03047d55-6b0c-4ed2-ade3-e979453d38ea,meeting,neutral,Head since send think another even central success activity despite method Republican reflect station reduce.,2026-05-06T11:37:47.098413
dd107539-1fae-413d-aad7-6471a1b387d6,03160d5c-9126-4499-83f0-795f6e8fe1b9,03047d55-6b0c-4ed2-ade3-e979453d38ea,email,neutral,Way young also consumer budget though job management she my she focus partner.,2025-11-30T10:18:03.871088
9e4bc30e-8cc7-498b-b2df-900b6f75eb52,03160d5c-9126-4499-83f0-795f6e8fe1b9,03047d55-6b0c-4ed2-ade3-e979453d38ea,follow_up,positive,Social despite role cup blue southern month probably effort want machine tonight executive nearly person.,2026-01-08T10:21:49.645006
3f7383d7-1ed7-4f1d-b0dd-2cd9a8a7e786,03160d5c-9126-4499-83f0-795f6e8fe1b9,03047d55-6b0c-4ed2-ade3-e979453d38ea,follow_up,neutral,Again accept go during truth pull themselves require crime computer.,2025-10-20T10:55:50.082392
c2f7ed48-379d-4607-9899-2ac6eb3cc172,d6ef1e13-eeb8-4fa4-aed2-400ba721445c,2504e3b3-25e8-4345-bf72-c6a2d0e388f1,meeting,positive,Beat appear tell company anyone hand eye marriage sound.,2026-03-17T04:29:05.504129
a0dc306d-1012-40d8-83d7-f5e7484251b9,d6ef1e13-eeb8-4fa4-aed2-400ba721445c,2504e3b3-25e8-4345-bf72-c6a2d0e388f1,email,negative,Major more reflect young run player back car mother meet within never financial teacher long most.,2026-03-18T05:59:20.393796
3722df95-6d0d-463b-9616-e404a4252328,479392f5-b7f2-44d5-9c53-d9b275dc9604,926747b3-0605-45e2-b8d0-fcc92bbf0bed,meeting,neutral,Account by simply no think customer herself operation development they raise whatever subject however piece since.,2026-03-25T03:25:43.993527
ae212c10-15cc-483e-a7e6-7de6adcd02b5,479392f5-b7f2-44d5-9c53-d9b275dc9604,926747b3-0605-45e2-b8d0-fcc92bbf0bed,follow_up,negative,Movie foot set wear suggest trade food wait.,2026-02-24T20:26:41.941839
bd32436f-cc72-458b-b2a1-54438a86dc5a,479392f5-b7f2-44d5-9c53-d9b275dc9604,926747b3-0605-45e2-b8d0-fcc92bbf0bed,follow_up,no_response,Accept place above support our think table within study entire real movement clear kitchen.,2026-05-04T06:08:50.864184
f2935a15-9a2b-478e-8dc6-08be44957582,e4eecf21-8d87-47e3-9f03-f6bd00268685,6f429a5c-b62b-484b-ac7a-28f39d560dbd,call,negative,Pay position many tell watch five more edge through painting tell wrong training machine nation call.,2025-10-01T13:58:00.732347
55d1ec97-5454-47f3-b1df-3178ac881e59,3ab9d0cd-1bf0-4a1a-b027-60d615d61006,6f429a5c-b62b-484b-ac7a-28f39d560dbd,email,no_response,System despite ask commercial president new goal grow Democrat.,2026-03-10T07:28:04.563402
69013d93-e71c-40ab-b027-ef48416e16fb,3ab9d0cd-1bf0-4a1a-b027-60d615d61006,6f429a5c-b62b-484b-ac7a-28f39d560dbd,follow_up,no_response,Specific your my yourself case population growth worry record agreement entire.,2026-05-05T00:27:40.586683
97732d07-27b1-4d17-8f1e-55edbdb0f5ee,3ab9d0cd-1bf0-4a1a-b027-60d615d61006,6f429a5c-b62b-484b-ac7a-28f39d560dbd,email,no_response,Machine so amount natural garden him wrong first finish market station easy participant value kitchen.,2026-04-29T09:49:46.375583
872cf7a9-af58-4428-89c5-39053122d488,3ab9d0cd-1bf0-4a1a-b027-60d615d61006,6f429a5c-b62b-484b-ac7a-28f39d560dbd,meeting,neutral,Agency conference establish positive manager best foot shoulder card anything decade another federal.,2026-04-03T21:17:07.255797
a033807a-e508-4fe6-810e-86bb1183266b,3ab9d0cd-1bf0-4a1a-b027-60d615d61006,6f429a5c-b62b-484b-ac7a-28f39d560dbd,call,neutral,Local fall population matter start customer house.,2026-06-04T07:10:23.914587
9f37aa2c-cea2-4e03-a79a-6b847f054027,cee9a2e0-4e54-41ee-9e04-17ec63b40b1a,97b42328-e8b1-47d8-b18a-fd9db794cf35,meeting,positive,Low member law participant improve unit wish world effort sister society floor hospital skill effect.,2026-06-12T11:56:51.865942
5473de4e-900f-4dbf-9804-c83032d6a4f3,cee9a2e0-4e54-41ee-9e04-17ec63b40b1a,97b42328-e8b1-47d8-b18a-fd9db794cf35,follow_up,negative,Weight apply set left five later ago usually send new determine tonight before put.,2025-10-21T13:29:38.621733
5cd63fac-e48b-49d2-912a-25fefccdfa56,cee9a2e0-4e54-41ee-9e04-17ec63b40b1a,97b42328-e8b1-47d8-b18a-fd9db794cf35,meeting,neutral,Possible number describe series security toward church now few hard real analysis under.,2025-12-18T07:30:39.306257
f058378e-2d24-411a-b4e5-a635d1aa20cd,cee9a2e0-4e54-41ee-9e04-17ec63b40b1a,97b42328-e8b1-47d8-b18a-fd9db794cf35,follow_up,positive,North guy former move property really throw appear.,2025-08-15T19:45:05.997307
5e788aa2-4f35-4c4a-b593-fc2b10b26fac,cee9a2e0-4e54-41ee-9e04-17ec63b40b1a,97b42328-e8b1-47d8-b18a-fd9db794cf35,call,positive,Take grow remember movie suffer lawyer hope eat control.,2025-11-08T12:18:38.493312
431de79a-c496-4417-ac88-1d8604d1c10c,cee9a2e0-4e54-41ee-9e04-17ec63b40b1a,97b42328-e8b1-47d8-b18a-fd9db794cf35,email,positive,Yes choose head test line our community.,2025-10-19T18:01:58.306135
30e4c42d-cdb4-4753-bcd0-a1786c3a1dd5,cee9a2e0-4e54-41ee-9e04-17ec63b40b1a,97b42328-e8b1-47d8-b18a-fd9db794cf35,call,negative,Send present someone sing sport practice live Democrat whose sing represent enough.,2025-12-31T05:11:10.267188
7cc95548-3fb5-4f3e-a9a8-0e1cfea09712,cee9a2e0-4e54-41ee-9e04-17ec63b40b1a,97b42328-e8b1-47d8-b18a-fd9db794cf35,email,no_response,Three thousand already your well cultural wind admit in agent lot body maintain nation red hair.,2025-06-19T17:11:37.455647
1e5bda43-6452-4b7e-9e88-f25b36890bfa,8cd49007-b195-4e76-90c0-6139c4fef730,6f429a5c-b62b-484b-ac7a-28f39d560dbd,follow_up,positive,Could health simple administration add suddenly across check just guy size want their.,2026-06-26T12:24:48.977626
5ccc2bab-6058-44fb-b80d-8e096ef98e7a,8cd49007-b195-4e76-90c0-6139c4fef730,6f429a5c-b62b-484b-ac7a-28f39d560dbd,call,positive,Give recent west will movement could baby our alone during resource marriage add.,2026-06-25T15:18:10.448611
8a1ab23a-7826-4ed9-8d06-6c1d836e97c1,8cd49007-b195-4e76-90c0-6139c4fef730,6f429a5c-b62b-484b-ac7a-28f39d560dbd,email,no_response,Level try should case by control home add fine feeling later indicate as just do PM.,2026-06-28T17:14:38.531021
40d6f136-5c96-4a8b-8fdf-d99e46329f62,8cd49007-b195-4e76-90c0-6139c4fef730,6f429a5c-b62b-484b-ac7a-28f39d560dbd,demo,negative,Stage anything up prepare focus decision word current.,2026-06-23T10:51:51.495347
559a13dd-af31-4a3c-ba5a-752409a0d124,8cd49007-b195-4e76-90c0-6139c4fef730,6f429a5c-b62b-484b-ac7a-28f39d560dbd,email,neutral,Way hear away sport officer region write left answer year improve break power ask discussion.,2026-06-25T08:32:53.466525
a691a349-6dc0-4f2f-b833-7ac6d5e26a24,8cd49007-b195-4e76-90c0-6139c4fef730,6f429a5c-b62b-484b-ac7a-28f39d560dbd,demo,negative,Dream wonder Republican move only anyone religious any type leader night vote instead lead.,2026-06-27T22:24:20.596693
7f97e29e-b4b0-4a6b-9345-9058d3bcd352,88af6cdc-4ef3-480c-8177-419185a1ffbd,c871c852-11fd-4dcb-8e0a-305264beb2b2,email,positive,This believe player media identify medical appear explain seven worry color kid capital amount.,2026-06-19T03:32:55.669476
f10c82e9-3ef5-4b5a-b8aa-62e5328340dc,88af6cdc-4ef3-480c-8177-419185a1ffbd,c871c852-11fd-4dcb-8e0a-305264beb2b2,meeting,positive,Big around concern rule person from provide other show blood interest step its.,2026-06-18T14:03:05.411640
33ffe834-4ada-4312-a111-c9dcc888bcfd,6642a0bd-61ab-4ad8-8d15-ce7d0dc79ac1,21f6019b-7c7e-480c-8cae-8b04a34eb58d,call,positive,Soon maintain large husband six indicate about to yard near.,2026-06-17T23:35:01.289386
c5ff1185-88e6-4fb7-afe4-571376e1f012,6642a0bd-61ab-4ad8-8d15-ce7d0dc79ac1,21f6019b-7c7e-480c-8cae-8b04a34eb58d,meeting,neutral,Set improve outside according agent family once north green unit man increase example through doctor property.,2026-06-25T21:08:25.914759
47abcd1d-3c82-4bb4-8bcd-9b3b26fd83c0,e86d62b3-9edd-4acf-83e9-7e836f9ed6d1,97b42328-e8b1-47d8-b18a-fd9db794cf35,email,no_response,Baby these spend phone street we thing me.,2026-06-25T06:11:05.655539
96872c8a-8143-4f7e-8d93-aedf5e3373e7,e86d62b3-9edd-4acf-83e9-7e836f9ed6d1,97b42328-e8b1-47d8-b18a-fd9db794cf35,demo,neutral,Mouth plan though six energy table late animal detail major.,2026-01-10T03:58:33.490174
9b8dd832-056d-4b26-b3ae-eb8b92af6a6d,e86d62b3-9edd-4acf-83e9-7e836f9ed6d1,97b42328-e8b1-47d8-b18a-fd9db794cf35,demo,neutral,Wonder wall order garden fight force lose land receive across official very foreign.,2026-05-14T20:34:24.633698
9794f565-e555-4f3c-84b9-fb790632cd8e,e86d62b3-9edd-4acf-83e9-7e836f9ed6d1,97b42328-e8b1-47d8-b18a-fd9db794cf35,call,neutral,Information could occur nature new sell material tree require.,2026-01-16T17:02:33.376447
cf778d1c-85db-4f77-9f7b-93f94cc0122d,e86d62b3-9edd-4acf-83e9-7e836f9ed6d1,97b42328-e8b1-47d8-b18a-fd9db794cf35,call,neutral,That relate upon option morning consider their note pay painting rich stand why.,2026-02-07T21:25:42.713465
b354c3a1-c6c2-4358-a2fd-96f9bc315959,e86d62b3-9edd-4acf-83e9-7e836f9ed6d1,97b42328-e8b1-47d8-b18a-fd9db794cf35,follow_up,positive,Spend three foot operation probably culture left nice too like industry price.,2026-05-25T14:08:32.610837
5ba784ed-732a-4297-a7d6-fc63e20e337f,f6e18f2c-81ee-48c4-8c14-4230702eed84,8fbc7b28-5a14-4a2b-84cd-726d9d74feba,follow_up,positive,Though bar charge include smile line hard know.,2026-06-12T06:25:48.560442
ca1a2eef-9541-4930-87aa-2c44bc71c2fe,f6e18f2c-81ee-48c4-8c14-4230702eed84,8fbc7b28-5a14-4a2b-84cd-726d9d74feba,call,neutral,Program teacher main physical least just find lot boy born.,2026-06-07T10:44:06.353596
cc349af6-7998-4838-ba7c-4daf2c5aed45,f6e18f2c-81ee-48c4-8c14-4230702eed84,8fbc7b28-5a14-4a2b-84cd-726d9d74feba,follow_up,positive,Man foreign arrive expert consider professional window own issue blood this require language newspaper stock by.,2026-06-12T12:15:27.031283
3e462872-9149-42b0-8240-6135ba8f5bc6,f6e18f2c-81ee-48c4-8c14-4230702eed84,8fbc7b28-5a14-4a2b-84cd-726d9d74feba,meeting,negative,Customer certain how game method stock same.,2026-06-17T14:17:02.596520
15a71df5-fbf5-4df9-a1e0-d920476007b8,f6e18f2c-81ee-48c4-8c14-4230702eed84,8fbc7b28-5a14-4a2b-84cd-726d9d74feba,meeting,negative,Attack board reach stay factor both dark six stop.,2026-06-21T12:44:17.826640
b4e2c49c-0a17-40a1-bc9d-28cca67971ee,f6e18f2c-81ee-48c4-8c14-4230702eed84,8fbc7b28-5a14-4a2b-84cd-726d9d74feba,demo,neutral,Manager resource turn environmental property skill style now to hope rich suggest.,2026-06-17T15:25:34.407105
41a48cd6-c3d6-4d55-9834-498cad91b718,f6e18f2c-81ee-48c4-8c14-4230702eed84,8fbc7b28-5a14-4a2b-84cd-726d9d74feba,call,neutral,Push stage realize until store she fact brother fight voice opportunity bed store.,2026-06-06T11:47:48.537192
88d154ac-7ee9-44c0-b218-1e7867b4cffe,8c3e693a-4b6b-40bc-8a43-08481485f1c9,5f3f33ca-d46b-41bb-b3d6-b88dfbb7137e,email,positive,Figure natural like light recent effect pass positive small.,2026-06-21T08:11:02.701710
4d3ff7af-cf02-48ca-9705-d6e204e0e408,8c3e693a-4b6b-40bc-8a43-08481485f1c9,5f3f33ca-d46b-41bb-b3d6-b88dfbb7137e,demo,negative,Put focus Republican which Republican again risk practice apply best national push week.,2026-06-26T16:34:31.505303
ea184910-3353-4aa0-85fb-74279f39da4d,8c3e693a-4b6b-40bc-8a43-08481485f1c9,5f3f33ca-d46b-41bb-b3d6-b88dfbb7137e,follow_up,neutral,Culture program break positive phone character day nice thus.,2026-06-19T22:16:17.974464
aaa04aa1-b904-4232-b0bc-94cc6787608d,8c3e693a-4b6b-40bc-8a43-08481485f1c9,5f3f33ca-d46b-41bb-b3d6-b88dfbb7137e,email,neutral,Then eight effect green decide best yard.,2026-06-25T09:26:50.660383
7c404afc-3cb3-4d16-aea9-ab028e9a19fb,8c3e693a-4b6b-40bc-8a43-08481485f1c9,5f3f33ca-d46b-41bb-b3d6-b88dfbb7137e,meeting,no_response,Pay treat perhaps tax kind peace relate down window office.,2026-06-28T21:12:59.502821
eb832625-98f5-4d0d-9396-fd510b52558f,8c3e693a-4b6b-40bc-8a43-08481485f1c9,5f3f33ca-d46b-41bb-b3d6-b88dfbb7137e,call,neutral,Individual even reflect film woman mission give.,2026-06-11T14:54:43.304607
2ca5afd0-6060-491e-9b97-560c19e798f4,2b8a2bd8-b185-4688-a27a-788a9ab9a87b,8fbc7b28-5a14-4a2b-84cd-726d9d74feba,email,positive,Mother far federal economic TV wait give final although knowledge build environment hear energy commercial such.,2025-07-09T02:19:11.074579
5691d81a-0c30-4a9c-80f4-e96fdb198651,2b8a2bd8-b185-4688-a27a-788a9ab9a87b,8fbc7b28-5a14-4a2b-84cd-726d9d74feba,call,neutral,Senior themselves relationship happen ready player charge across certainly.,2026-02-09T03:36:17.172565
adb734b6-6063-4391-9cce-ab7e27820c68,2b8a2bd8-b185-4688-a27a-788a9ab9a87b,8fbc7b28-5a14-4a2b-84cd-726d9d74feba,demo,neutral,Any finally herself rest cell always page already.,2025-05-15T16:02:54.108989
cab5a09f-22c1-4bdb-ad07-81d6d68fa827,2b8a2bd8-b185-4688-a27a-788a9ab9a87b,8fbc7b28-5a14-4a2b-84cd-726d9d74feba,call,positive,Respond word air account production bill industry she decade manager statement including prove.,2026-03-21T05:56:13.660952
934933f4-103e-4995-b3c5-7ff62a965303,2b8a2bd8-b185-4688-a27a-788a9ab9a87b,8fbc7b28-5a14-4a2b-84cd-726d9d74feba,meeting,positive,Practice girl language hour every break throw still listen save.,2025-08-17T03:18:22.359968
baf11a63-7f18-49b4-9e21-b0806a7c15b8,2b8a2bd8-b185-4688-a27a-788a9ab9a87b,8fbc7b28-5a14-4a2b-84cd-726d9d74feba,follow_up,positive,Film recent a ball show yet form represent.,2025-06-09T12:28:38.804418
1c7d6b72-7769-4b62-a62d-a9b13df8234a,2b8a2bd8-b185-4688-a27a-788a9ab9a87b,8fbc7b28-5a14-4a2b-84cd-726d9d74feba,email,positive,Condition care game majority player difference thousand put.,2025-06-26T15:14:26.247831
3fcb1b8b-c351-4a90-b8fd-19e66df659b1,2b8a2bd8-b185-4688-a27a-788a9ab9a87b,8fbc7b28-5a14-4a2b-84cd-726d9d74feba,meeting,positive,Purpose early short institution baby improve make area key world stock reduce.,2026-03-24T18:06:31.085517
cea07a47-ca9e-4940-aa32-938a3db4eb58,c42f48c6-3155-4d04-a514-b9596c97cf21,c871c852-11fd-4dcb-8e0a-305264beb2b2,follow_up,negative,Establish mind family improve add whether economy task for.,2026-04-27T07:33:44.180369
0f9affdf-0b7d-4e33-b57e-3310a24b23b2,c42f48c6-3155-4d04-a514-b9596c97cf21,c871c852-11fd-4dcb-8e0a-305264beb2b2,follow_up,positive,Already bag easy happy white your whatever.,2026-04-11T19:57:24.872253
937abf39-137f-4124-8835-6f184782871f,c42f48c6-3155-4d04-a514-b9596c97cf21,c871c852-11fd-4dcb-8e0a-305264beb2b2,follow_up,positive,Ok strategy public your stage nice PM new art.,2026-05-22T15:12:51.601997
25e9b6b8-2a80-4809-90ea-2e0be6e9da59,c42f48c6-3155-4d04-a514-b9596c97cf21,c871c852-11fd-4dcb-8e0a-305264beb2b2,call,positive,Try end present yeah apply senior shake take before.,2025-12-26T11:03:26.516011
c049ec3e-e61c-479c-828a-d85c18a7ee86,c42f48c6-3155-4d04-a514-b9596c97cf21,c871c852-11fd-4dcb-8e0a-305264beb2b2,email,neutral,Return guess service significant first himself street despite.,2025-12-31T06:05:02.405773
5abb829a-25eb-470a-906e-7799ccb3860d,12962715-afd9-4132-9695-5719dd2bd9ee,926747b3-0605-45e2-b8d0-fcc92bbf0bed,meeting,neutral,Decision himself main bill Republican exactly anything beat almost check far point church keep color.,2026-03-11T16:18:56.348869
9ad6463f-52b1-4524-977b-8a2dc732608b,12962715-afd9-4132-9695-5719dd2bd9ee,926747b3-0605-45e2-b8d0-fcc92bbf0bed,email,positive,Reality him nearly bar my memory assume.,2025-10-24T15:18:27.391181
e66345a7-ec1a-4e9e-9bf0-fcb465a8aba4,12962715-afd9-4132-9695-5719dd2bd9ee,926747b3-0605-45e2-b8d0-fcc92bbf0bed,follow_up,positive,Paper be consider drive example instead today television.,2025-05-03T21:04:41.121365
4edfd54d-a135-46e8-84ce-7d8ccdc7cc79,12962715-afd9-4132-9695-5719dd2bd9ee,926747b3-0605-45e2-b8d0-fcc92bbf0bed,email,neutral,Especially wear summer way matter institution power involve big.,2025-03-22T08:55:39.625062
f4b7faed-f645-413b-8b18-300fc0e52748,12962715-afd9-4132-9695-5719dd2bd9ee,926747b3-0605-45e2-b8d0-fcc92bbf0bed,demo,neutral,Per soldier station source open else five customer keep describe.,2026-02-06T07:45:48.318769
47dfe03b-6955-41e9-b4f1-10ffb8874513,e9888206-d196-4ade-ad93-8dcb597de1fd,c871c852-11fd-4dcb-8e0a-305264beb2b2,meeting,neutral,Actually speech per thing once candidate town reach something myself notice can.,2026-05-03T13:46:44.065884
f54fa1ef-5ea3-4cbc-9121-9e5fe1067e01,e9888206-d196-4ade-ad93-8dcb597de1fd,c871c852-11fd-4dcb-8e0a-305264beb2b2,email,neutral,Mrs among ability miss himself letter parent nice tax blue.,2025-11-23T22:09:03.973263
ddf4b8e6-1865-473b-af64-f9ecde7e576c,e9888206-d196-4ade-ad93-8dcb597de1fd,c871c852-11fd-4dcb-8e0a-305264beb2b2,meeting,negative,Control large hundred control teach offer born bag.,2025-10-11T18:25:34.352732
7718acda-08da-46cf-af63-2ebb172fedb7,e9888206-d196-4ade-ad93-8dcb597de1fd,c871c852-11fd-4dcb-8e0a-305264beb2b2,demo,positive,Heavy maintain among wide later camera experience box foot right memory speech statement leave energy character.,2025-07-11T01:25:22.579093
396f73a2-0ffe-424b-9f05-9ab2e1ae9576,e9888206-d196-4ade-ad93-8dcb597de1fd,c871c852-11fd-4dcb-8e0a-305264beb2b2,meeting,positive,How improve soldier never part early discuss property call authority career.,2025-11-07T12:10:41.488795
e0002d43-84bd-4b03-a5cc-48f61b5b639f,e9888206-d196-4ade-ad93-8dcb597de1fd,c871c852-11fd-4dcb-8e0a-305264beb2b2,email,neutral,Black support quality value season property example success law eat us down.,2025-09-23T21:26:49.727949
8d35a3d2-fc3c-4842-a681-7cce7877d131,e9888206-d196-4ade-ad93-8dcb597de1fd,c871c852-11fd-4dcb-8e0a-305264beb2b2,demo,positive,Cup discuss body join police find sure question foot guy although herself population common.,2025-10-12T07:21:20.957094
c87f27de-7e30-47c4-a3dd-9c97f8854ea8,e9888206-d196-4ade-ad93-8dcb597de1fd,c871c852-11fd-4dcb-8e0a-305264beb2b2,meeting,positive,Including bit discuss certainly agree property wide probably.,2025-12-19T01:59:04.971181
74d3afdd-5154-4bda-960c-19589708ea31,e9888206-d196-4ade-ad93-8dcb597de1fd,c871c852-11fd-4dcb-8e0a-305264beb2b2,meeting,negative,Appear including chair as soon keep shoulder yeah thing artist present book.,2025-08-15T12:54:20.709488
543978d2-8af4-41a7-8644-973a3aabdcd8,fdeb8df4-f9ff-4abf-852a-5082f0103e0e,2504e3b3-25e8-4345-bf72-c6a2d0e388f1,demo,neutral,Water office radio property least media authority trouble laugh special measure partner role.,2026-03-11T05:01:31.411988
72ffbdbc-1e0e-4bbd-bc8c-6cd41772a123,fdeb8df4-f9ff-4abf-852a-5082f0103e0e,2504e3b3-25e8-4345-bf72-c6a2d0e388f1,meeting,neutral,Prevent have anything mouth great carry voice claim resource amount nation.,2026-05-30T01:22:17.172678
a78fa7bb-49f1-461b-8374-9a3c4684dca1,fdeb8df4-f9ff-4abf-852a-5082f0103e0e,2504e3b3-25e8-4345-bf72-c6a2d0e388f1,call,positive,Spring choose serious generation attack your region.,2026-04-14T23:32:39.867622
8a106693-c5e4-4102-a001-6e101c498b5b,fdeb8df4-f9ff-4abf-852a-5082f0103e0e,2504e3b3-25e8-4345-bf72-c6a2d0e388f1,follow_up,positive,Sense different per week spend long into time south seat represent.,2026-05-01T01:30:25.233315
eeaae7cd-606d-4684-a333-b609d98d50a6,fdeb8df4-f9ff-4abf-852a-5082f0103e0e,2504e3b3-25e8-4345-bf72-c6a2d0e388f1,meeting,no_response,Claim very short throughout approach vote effort citizen should onto do if fire season pick ready.,2026-06-24T06:52:01.879941
02a5731c-81ad-490a-9834-e087451c7446,e52d422a-11ad-4fa3-91f1-e9a7d37bde7d,2504e3b3-25e8-4345-bf72-c6a2d0e388f1,follow_up,positive,Others country any most action road budget leave study be plant less develop strong.,2025-09-13T21:24:58.561034
feac90c4-c3f7-4e42-a005-1d5738f4b57f,e52d422a-11ad-4fa3-91f1-e9a7d37bde7d,2504e3b3-25e8-4345-bf72-c6a2d0e388f1,call,negative,Reduce shoulder commercial human remain financial year look maintain how us.,2026-04-01T10:37:40.519844
398effba-1d9f-4f28-98c8-ccc86c9ace3c,e52d422a-11ad-4fa3-91f1-e9a7d37bde7d,2504e3b3-25e8-4345-bf72-c6a2d0e388f1,call,negative,Training police science pressure full including across your successful prove form fly something pass.,2025-07-25T12:12:21.484265
d6939ba1-5695-498a-8085-cf9340c15650,d5f0734c-76f9-4a73-905c-739a9457e19b,03047d55-6b0c-4ed2-ade3-e979453d38ea,call,negative,Next country main can apply sea social truth rest public see realize.,2025-12-01T13:30:03.638044
c9f57d18-4fe2-44fb-9baf-a69344d838b7,d5f0734c-76f9-4a73-905c-739a9457e19b,03047d55-6b0c-4ed2-ade3-e979453d38ea,follow_up,neutral,Since send improve attack whom should couple item career agency create social.,2025-12-24T22:35:41.338188
1b59ce52-92cc-48bd-abf7-4dc637b4312f,d5f0734c-76f9-4a73-905c-739a9457e19b,03047d55-6b0c-4ed2-ade3-e979453d38ea,follow_up,positive,Size stock hair support also above especially ask fear national source simple wind far.,2026-01-21T04:48:28.692302
ba6a4a8a-3b08-4a6c-8a91-5933bdd29a68,d5f0734c-76f9-4a73-905c-739a9457e19b,03047d55-6b0c-4ed2-ade3-e979453d38ea,call,neutral,Foreign particularly radio exist race baby different true task current eat term scientist visit.,2026-05-26T08:57:57.167171
9afc30c8-bdaf-4d0a-85ab-cbbcdabc12b8,d5f0734c-76f9-4a73-905c-739a9457e19b,03047d55-6b0c-4ed2-ade3-e979453d38ea,follow_up,no_response,Throughout fall both effort vote meet article.,2026-04-02T14:36:52.567275
533fd2a0-a463-409d-9668-5e858a43c0aa,d5f0734c-76f9-4a73-905c-739a9457e19b,03047d55-6b0c-4ed2-ade3-e979453d38ea,follow_up,neutral,Community increase hundred beyond strong later hospital environmental they born new whole appear.,2026-06-12T21:44:31.289886
0cb7ee46-196e-4e00-aa55-98aac35a9dfc,d5f0734c-76f9-4a73-905c-739a9457e19b,03047d55-6b0c-4ed2-ade3-e979453d38ea,email,neutral,Shoulder compare protect firm second kind music each federal city table vote reveal hour increase.,2026-03-22T18:56:04.127793
41d319ac-a6d1-4192-bf8b-0d6c421cd114,01522850-6a1a-42ee-b32e-148862af34af,8fbc7b28-5a14-4a2b-84cd-726d9d74feba,follow_up,negative,Charge image rule happen man information ever wear program start.,2026-06-14T19:01:55.968938
8045c4ce-cbba-4036-a951-c5e26cced9ff,01522850-6a1a-42ee-b32e-148862af34af,8fbc7b28-5a14-4a2b-84cd-726d9d74feba,meeting,positive,Then machine center onto kid ago whether baby with.,2026-06-16T06:13:48.600788
2747ec98-21e6-4e9d-9310-a39a8f4607b1,01522850-6a1a-42ee-b32e-148862af34af,8fbc7b28-5a14-4a2b-84cd-726d9d74feba,follow_up,neutral,Million section similar social modern item laugh cause long start occur become senior.,2026-06-11T08:20:39.381214
dc566e6a-7ba9-4f8c-ab2d-b0375d09c128,dc74a739-7b84-44be-a46f-0dd829a219fc,248abef5-bdf3-44b7-ba1c-a83da97bce81,meeting,neutral,Pressure serious another help report civil expert wrong rise quite.,2025-11-20T18:35:32.180677
8f96f5e9-4794-47db-90a6-65eaae8888e2,dc74a739-7b84-44be-a46f-0dd829a219fc,248abef5-bdf3-44b7-ba1c-a83da97bce81,email,negative,Bit hand west better cup however in four after voice everybody.,2025-06-18T14:36:22.119755
1677d225-ef89-405e-9074-1a5609b970d1,dc74a739-7b84-44be-a46f-0dd829a219fc,248abef5-bdf3-44b7-ba1c-a83da97bce81,follow_up,negative,Help sell all just big their model least physical.,2025-07-17T09:26:56.837618
f71a5a6c-3587-4efd-9631-ccaad2309f7a,dc74a739-7b84-44be-a46f-0dd829a219fc,248abef5-bdf3-44b7-ba1c-a83da97bce81,follow_up,positive,Imagine have hotel war peace price not current ten school one concern pressure.,2026-02-12T04:49:39.933916
54f5182c-4b2e-4e6d-97cf-b77aa278b317,dc74a739-7b84-44be-a46f-0dd829a219fc,248abef5-bdf3-44b7-ba1c-a83da97bce81,email,positive,Why they choice sort argue they own want then management mother.,2025-11-09T08:39:11.623967
37e61520-a5db-4b5d-bf3a-f2e2f7ae429d,ad4454df-bfab-45ec-832b-d2bd777af9f2,03047d55-6b0c-4ed2-ade3-e979453d38ea,email,negative,Base data bill business than term Mrs hard environmental door myself allow concern near group.,2026-03-04T19:26:10.324146
195dca27-2f1d-443b-8f18-1d312a533cf8,ad4454df-bfab-45ec-832b-d2bd777af9f2,03047d55-6b0c-4ed2-ade3-e979453d38ea,demo,no_response,Senior data national chance serious house debate doctor moment where fish hospital control fight however upon.,2025-10-29T08:50:35.860562
3b6be7d4-a711-41b8-bef4-88e7b709eced,ad4454df-bfab-45ec-832b-d2bd777af9f2,03047d55-6b0c-4ed2-ade3-e979453d38ea,call,positive,Ready prevent win participant defense animal late choose speech represent why myself back perhaps side turn.,2025-11-16T00:02:14.497783
83acb37a-aa4c-4357-838e-3cae179bbee8,ad4454df-bfab-45ec-832b-d2bd777af9f2,03047d55-6b0c-4ed2-ade3-e979453d38ea,demo,positive,Water experience health reach far road sell pattern get paper who sometimes.,2026-03-02T03:39:49.431627
be4068bf-ab4b-412b-b4e7-bf726a74a1eb,ad4454df-bfab-45ec-832b-d2bd777af9f2,03047d55-6b0c-4ed2-ade3-e979453d38ea,meeting,neutral,Support chance final instead system standard certainly example threat bank research special how defense.,2026-03-10T00:03:38.256723
e8b7a47c-187d-4ed6-bcb1-596996455365,ad4454df-bfab-45ec-832b-d2bd777af9f2,03047d55-6b0c-4ed2-ade3-e979453d38ea,call,negative,Rock huge soon charge way catch beyond example me reflect past would.,2025-10-03T16:58:29.302289
43f44b74-551d-4baf-9f13-be044572cb1a,7ec9b57f-bd37-4108-bac7-1c6a6e0d87e6,248abef5-bdf3-44b7-ba1c-a83da97bce81,meeting,neutral,History daughter hot himself sure near table across role simply rock keep system what officer.,2025-11-19T05:31:18.529674
c7fb6e94-6c1d-47ad-82e9-759da3a1eb66,7ec9b57f-bd37-4108-bac7-1c6a6e0d87e6,248abef5-bdf3-44b7-ba1c-a83da97bce81,demo,no_response,Part never so might last indicate husband prove to.,2026-05-16T17:52:47.909304
cbf14348-b9d5-4e72-bbbc-5fd3126bcf0e,7ec9b57f-bd37-4108-bac7-1c6a6e0d87e6,248abef5-bdf3-44b7-ba1c-a83da97bce81,call,no_response,Top sport hold wrong particularly you guess and let music these.,2025-11-26T05:37:30.674079
6fc8e7d8-b1c5-4a89-966d-f7952034f679,7ec9b57f-bd37-4108-bac7-1c6a6e0d87e6,248abef5-bdf3-44b7-ba1c-a83da97bce81,meeting,positive,Particularly expert successful drug mother let west whatever where responsibility see keep.,2026-03-29T02:50:29.177989
b6e32ea9-2844-44ca-93e9-a39aafc89682,7ec9b57f-bd37-4108-bac7-1c6a6e0d87e6,248abef5-bdf3-44b7-ba1c-a83da97bce81,follow_up,negative,World miss large bar name particular check performance receive them citizen toward include somebody bring.,2026-02-21T14:05:08.220068
2234d4c8-5837-4f7f-8136-67c943eb27c7,7ec9b57f-bd37-4108-bac7-1c6a6e0d87e6,248abef5-bdf3-44b7-ba1c-a83da97bce81,meeting,negative,Example often quite loss dream avoid contain any trip candidate light computer.,2026-03-26T19:23:50.980599
4465a01e-7e74-40cb-ac27-55aa3220465c,77ee1d3a-5296-463d-adcb-5357f15e21a6,248abef5-bdf3-44b7-ba1c-a83da97bce81,follow_up,neutral,Listen chair reality look source responsibility girl gas whose movement really speech.,2026-07-01T15:24:42.697680
5787600e-5034-451b-8b12-f2119c4057d4,77ee1d3a-5296-463d-adcb-5357f15e21a6,248abef5-bdf3-44b7-ba1c-a83da97bce81,email,neutral,Easy tough country woman marriage source leader worry clearly.,2026-07-01T15:43:32.991262
1f912ef9-e189-45d1-a7b5-e49edc58d951,77ee1d3a-5296-463d-adcb-5357f15e21a6,248abef5-bdf3-44b7-ba1c-a83da97bce81,demo,neutral,Other Mr believe why nation challenge husband finish successful strategy notice.,2026-07-01T16:10:26.442142
7b382aa1-8318-4d46-9815-668e4c7a4e57,77ee1d3a-5296-463d-adcb-5357f15e21a6,248abef5-bdf3-44b7-ba1c-a83da97bce81,call,neutral,I girl big cup hundred ever treat indicate state politics human place drive.,2026-07-01T15:47:58.143756
1650d70d-8d3c-4e19-ab26-8a326e581a43,3c2780eb-534e-4f4b-bdab-55bf941c4ae1,248abef5-bdf3-44b7-ba1c-a83da97bce81,email,negative,Easy street kid successful address serve view threat something.,2026-06-05T01:56:51.421129
4e7bdd31-bb96-4527-88c7-aa162b260c88,3c2780eb-534e-4f4b-bdab-55bf941c4ae1,248abef5-bdf3-44b7-ba1c-a83da97bce81,meeting,no_response,Me policy majority they again after worker at ball themselves new officer.,2025-08-05T20:01:43.075857
262bbe58-c86f-4e62-9b68-8a53330901af,3c2780eb-534e-4f4b-bdab-55bf941c4ae1,248abef5-bdf3-44b7-ba1c-a83da97bce81,meeting,negative,Subject store provide again blood training sea ahead rock tell begin nothing our between.,2026-04-24T09:00:52.648893
023d8dc7-f4d2-4c73-a5a6-7e20805f5042,3c2780eb-534e-4f4b-bdab-55bf941c4ae1,248abef5-bdf3-44b7-ba1c-a83da97bce81,demo,no_response,Despite discover run for group return exactly over smile exactly for news he.,2026-02-19T21:47:47.758429
4c694fa0-fc66-4bf0-a2bf-ab3e50f4a0b4,67e4746e-1494-4a4b-b499-14956f6b97e8,21f6019b-7c7e-480c-8cae-8b04a34eb58d,follow_up,no_response,Assume media age not head show themselves.,2026-04-05T21:15:15.029689
0b3545f0-fbb9-4c4a-aa18-d8d7c073088a,67e4746e-1494-4a4b-b499-14956f6b97e8,21f6019b-7c7e-480c-8cae-8b04a34eb58d,demo,positive,Safe real later exactly card range beyond raise building community positive step pattern usually myself already.,2025-11-01T23:27:03.596547
18c39b72-ca23-4122-a7aa-b1e25abb261d,10f81dfd-1988-45a4-80e8-ee13f92ff1c9,cd236f80-c9cc-43ed-96ad-09d2afa212d4,follow_up,negative,Company onto stay building from others actually.,2025-11-13T23:30:02.182567
3c0a4809-14ba-4e05-af73-cd87b2a643b4,10f81dfd-1988-45a4-80e8-ee13f92ff1c9,cd236f80-c9cc-43ed-96ad-09d2afa212d4,email,positive,Speak gas charge gas white pick carry nice usually avoid remember nearly market.,2026-03-02T17:06:57.814402
1b5027e0-3424-42df-b14b-50222415433b,6f9c2ee8-7808-4b87-8844-752a27877a46,8fbc7b28-5a14-4a2b-84cd-726d9d74feba,meeting,neutral,Cause later expect true agree soon dream when stop forget push own.,2025-12-24T09:14:38.941718
dc51837e-72de-41e9-bb6b-62e16911713c,6f9c2ee8-7808-4b87-8844-752a27877a46,8fbc7b28-5a14-4a2b-84cd-726d9d74feba,call,neutral,These speech common hear exist smile arm member person.,2026-05-06T13:54:21.664917
832eb080-661c-4127-b2c2-1611c9f221b0,6f9c2ee8-7808-4b87-8844-752a27877a46,8fbc7b28-5a14-4a2b-84cd-726d9d74feba,demo,negative,Word contain continue attorney argue suggest out under most hard with actually couple since.,2025-10-20T21:37:23.144311
f8abeb4e-2028-4f13-8b89-ddedd5363502,6f9c2ee8-7808-4b87-8844-752a27877a46,8fbc7b28-5a14-4a2b-84cd-726d9d74feba,call,positive,Level right personal clearly city bit audience blue area report need seven.,2025-12-22T22:59:13.906757
175bb262-2056-452a-ab13-70d1e3ee53ab,6f9c2ee8-7808-4b87-8844-752a27877a46,8fbc7b28-5a14-4a2b-84cd-726d9d74feba,demo,positive,Surface dream our memory enjoy world your own beautiful child.,2026-06-27T21:45:53.840641
5df14f49-9731-4b28-8e17-7a619c15bc9b,96d9de16-8288-4d54-962b-be2ddc90184a,21f6019b-7c7e-480c-8cae-8b04a34eb58d,email,negative,Protect see meet manager floor measure dog seek claim cold include structure set specific.,2025-08-11T06:31:06.560392
b90c5063-2c35-4763-887a-ebae38d5ccc4,96d9de16-8288-4d54-962b-be2ddc90184a,21f6019b-7c7e-480c-8cae-8b04a34eb58d,demo,positive,Itself Republican newspaper choice even relationship less thousand.,2025-08-17T19:41:05.219723
57bef5d5-2109-4526-9efb-7ac93faef809,96d9de16-8288-4d54-962b-be2ddc90184a,21f6019b-7c7e-480c-8cae-8b04a34eb58d,call,positive,Relationship door media star because including mission organization Mr.,2026-02-05T10:25:52.376983
aac9ff2b-085b-46c9-9b4e-41c4a011a478,96d9de16-8288-4d54-962b-be2ddc90184a,21f6019b-7c7e-480c-8cae-8b04a34eb58d,follow_up,positive,Price rate want science address walk hope region personal media sort east beat great crime.,2025-12-09T03:29:59.031234
66639cee-3163-48bd-96d5-b5f5d00ec81b,96d9de16-8288-4d54-962b-be2ddc90184a,21f6019b-7c7e-480c-8cae-8b04a34eb58d,follow_up,positive,Operation board civil morning huge son generation few economic way total save site.,2025-08-19T16:55:55.139220
5db8b048-7dbe-4ad3-bdac-e332fbe32f82,96d9de16-8288-4d54-962b-be2ddc90184a,21f6019b-7c7e-480c-8cae-8b04a34eb58d,follow_up,positive,They that interview street foreign camera course get answer rise.,2026-05-29T23:56:19.748875
bd0634b8-e28f-4ce2-8cb7-22920f5bb563,ed8b62a6-f386-435e-87ff-6517efccc79b,03047d55-6b0c-4ed2-ade3-e979453d38ea,meeting,negative,Exactly social nearly speech through film specific.,2026-02-02T01:40:38.907231
7d6a2b2b-e1cd-4706-b51e-b16cdcb89893,ed8b62a6-f386-435e-87ff-6517efccc79b,03047d55-6b0c-4ed2-ade3-e979453d38ea,follow_up,no_response,House hold similar stock good yet kid adult research partner group quite.,2026-01-11T07:40:38.116238
a12b3bb8-0995-4385-a710-a7096d13b971,ed8b62a6-f386-435e-87ff-6517efccc79b,03047d55-6b0c-4ed2-ade3-e979453d38ea,follow_up,no_response,Defense increase among former plan maybe yourself their mission training.,2026-06-16T11:05:21.225601
b74e2fba-4f67-4a05-926f-ea1b01291033,ed8b62a6-f386-435e-87ff-6517efccc79b,03047d55-6b0c-4ed2-ade3-e979453d38ea,call,negative,Message call such realize house detail operation argue high history likely air live hold rest.,2026-06-18T07:43:26.265399
0c2b5909-93b3-4216-9f94-5792f9d408b3,ed8b62a6-f386-435e-87ff-6517efccc79b,03047d55-6b0c-4ed2-ade3-e979453d38ea,meeting,negative,Meet pass list guess make human music field together home serious policy would.,2026-03-16T08:48:37.402636
fe5bcf02-d1e3-48ca-bb03-7ddcea6acc14,ed763ed6-aecb-43e8-98df-e25fb50f2f29,0335d118-e8a1-45b1-9098-ea6f51da1b33,demo,negative,Mrs hour article share through across try add woman later.,2026-06-26T20:09:49.443258
a9833f48-9a1e-4f04-ba3f-1d5595467fd2,ed763ed6-aecb-43e8-98df-e25fb50f2f29,0335d118-e8a1-45b1-9098-ea6f51da1b33,demo,no_response,Call special pick bill within clearly her sort.,2026-06-27T20:07:41.271581
2a9cf0b6-d624-4d16-a00c-03514cbd5951,4e4117a5-6a61-4411-ab08-dfd5c77cac37,03047d55-6b0c-4ed2-ade3-e979453d38ea,email,negative,Teacher recognize newspaper she worry result girl happen item your movie your plant big.,2025-11-07T01:23:57.323606
706196e7-add1-449d-a02b-28bcd0b7f0fa,4e4117a5-6a61-4411-ab08-dfd5c77cac37,03047d55-6b0c-4ed2-ade3-e979453d38ea,follow_up,positive,Develop share mission close show difference do citizen nation.,2025-10-17T17:42:13.840757
4131e67b-10ab-4175-98d4-cca098adf361,4e4117a5-6a61-4411-ab08-dfd5c77cac37,03047d55-6b0c-4ed2-ade3-e979453d38ea,follow_up,negative,Program exactly degree lead culture attack something I according west thought wear.,2026-01-01T21:41:04.567159
2c3e01ee-c526-4f2f-aaca-eebfffec08ad,4e4117a5-6a61-4411-ab08-dfd5c77cac37,03047d55-6b0c-4ed2-ade3-e979453d38ea,email,neutral,Even sport goal analysis one step cut half.,2025-11-10T11:42:51.186795
5309c952-047b-4d4a-a0e9-49a4f576afb3,4e4117a5-6a61-4411-ab08-dfd5c77cac37,03047d55-6b0c-4ed2-ade3-e979453d38ea,follow_up,positive,Follow down someone product ok thing you training.,2025-10-04T05:36:43.918460
90b044e3-a300-4a32-91b7-57ef0e42124d,324db2de-821e-48ec-857c-94ef347d07ae,21f6019b-7c7e-480c-8cae-8b04a34eb58d,meeting,negative,Full standard middle cut development popular protect move idea Congress allow college still manager school without.,2025-12-20T19:54:03.223541
b65ec043-17f8-41d0-9872-7a0af414d7d2,324db2de-821e-48ec-857c-94ef347d07ae,21f6019b-7c7e-480c-8cae-8b04a34eb58d,follow_up,neutral,Power very southern truth military where away ability reveal American natural manage share big accept tend.,2025-11-29T11:46:05.439682
42e4256a-28e9-4420-9e7a-43b2dab07804,324db2de-821e-48ec-857c-94ef347d07ae,21f6019b-7c7e-480c-8cae-8b04a34eb58d,email,positive,Memory those production suggest that poor job remember call theory former mother nothing become table.,2026-05-24T17:58:48.101221
9f7dfa33-2508-4cb3-b0ee-a22e5683d847,324db2de-821e-48ec-857c-94ef347d07ae,21f6019b-7c7e-480c-8cae-8b04a34eb58d,email,positive,Statement group use including defense budget movement than others style seat sure throw.,2026-01-05T07:27:19.535191
b1ca29dd-15d3-4c41-9af1-38c3e009c2d7,324db2de-821e-48ec-857c-94ef347d07ae,21f6019b-7c7e-480c-8cae-8b04a34eb58d,email,neutral,Close Mr note agree necessary become police serious accept short big far tax our successful.,2025-12-08T23:31:07.914579
e250e7e3-5d15-4b61-9770-e4f57503f905,324db2de-821e-48ec-857c-94ef347d07ae,21f6019b-7c7e-480c-8cae-8b04a34eb58d,follow_up,neutral,Event find court raise positive five entire say program direction.,2026-03-12T07:07:34.986196
7d5f5fa2-3202-4a67-9dad-a3a05b51cf4b,324db2de-821e-48ec-857c-94ef347d07ae,21f6019b-7c7e-480c-8cae-8b04a34eb58d,email,neutral,Member PM lose though available admit theory source chair interview young.,2026-03-23T08:39:10.672667
1925d399-6688-4cd3-8301-56ae35e87015,324db2de-821e-48ec-857c-94ef347d07ae,21f6019b-7c7e-480c-8cae-8b04a34eb58d,email,positive,Test spend pretty front onto tough we today political talk pretty number window follow issue design.,2026-02-01T10:34:48.618271
127ebcc8-0474-4125-bca0-fa97fa3003a4,324db2de-821e-48ec-857c-94ef347d07ae,21f6019b-7c7e-480c-8cae-8b04a34eb58d,follow_up,neutral,Quickly group few political continue compare wife the wonder responsibility program Congress sea court.,2026-03-24T04:49:20.344533
ca205ed5-81c6-416f-a80d-486a6545b209,6dc8662b-0ad8-4d32-849e-7bff87794fe3,97b42328-e8b1-47d8-b18a-fd9db794cf35,follow_up,negative,Receive identify sound drive protect attorney force already choice more music each time.,2025-09-07T15:34:58.502921
a000b874-48c1-46ca-9960-a6ff5156ecee,6dc8662b-0ad8-4d32-849e-7bff87794fe3,97b42328-e8b1-47d8-b18a-fd9db794cf35,call,neutral,Role national red likely could talk only would two feeling police senior mention college.,2026-04-23T14:28:21.460838
54b2c8dd-73fc-4a48-ad26-a70a4c6e7881,6dc8662b-0ad8-4d32-849e-7bff87794fe3,97b42328-e8b1-47d8-b18a-fd9db794cf35,email,no_response,Weight forward investment prevent enjoy how involve send seven cultural own future hand enjoy like.,2026-02-17T23:18:40.620514
82dfbbe8-2f3c-4497-82ed-6a2b5f77709d,6dc8662b-0ad8-4d32-849e-7bff87794fe3,97b42328-e8b1-47d8-b18a-fd9db794cf35,follow_up,negative,Then also bag reach author know song since accept later area goal take try begin.,2025-10-27T00:26:42.776786
bc4d6e22-e031-49c0-84fb-2a51f6dc81c7,6dc8662b-0ad8-4d32-849e-7bff87794fe3,97b42328-e8b1-47d8-b18a-fd9db794cf35,demo,neutral,Summer hotel leg lead town officer alone rate describe involve data option response what kind open.,2026-03-26T22:48:33.324131
c8bc57a2-33ab-4959-9e18-e058ec3cc1cb,6dc8662b-0ad8-4d32-849e-7bff87794fe3,97b42328-e8b1-47d8-b18a-fd9db794cf35,meeting,no_response,Goal manager detail son movement Mrs compare.,2026-05-25T16:10:44.122739
35759a04-14e3-45db-8f16-7bd7d556eb67,b1e24935-343f-449e-ad94-535b94079f92,5f3f33ca-d46b-41bb-b3d6-b88dfbb7137e,follow_up,neutral,Share prove loss material whole officer middle grow.,2026-06-17T01:44:52.675826
40f97196-67f5-48ce-b071-538a80136ed5,b1e24935-343f-449e-ad94-535b94079f92,5f3f33ca-d46b-41bb-b3d6-b88dfbb7137e,demo,negative,Pay into admit side try size discussion mind seven rule financial process.,2026-01-12T05:02:53.132744
12dd341d-6316-4643-a714-f84176e2ee8d,b1e24935-343f-449e-ad94-535b94079f92,5f3f33ca-d46b-41bb-b3d6-b88dfbb7137e,demo,neutral,Manage relationship you feeling move tax news stop when American word.,2026-04-12T20:12:34.974382
63c8d788-33c3-4866-82a4-4d9a0f9cf507,b1e24935-343f-449e-ad94-535b94079f92,5f3f33ca-d46b-41bb-b3d6-b88dfbb7137e,follow_up,positive,Pressure film sister along run maybe share someone side.,2026-06-01T01:21:57.686429
f6891049-8ffc-4e83-a899-e87e561c2795,b1e24935-343f-449e-ad94-535b94079f92,5f3f33ca-d46b-41bb-b3d6-b88dfbb7137e,email,neutral,Early century middle thing growth ten course member quality for general.,2026-02-03T00:05:12.249960
00d227ae-9d7b-4877-be51-467da18f4875,b1e24935-343f-449e-ad94-535b94079f92,5f3f33ca-d46b-41bb-b3d6-b88dfbb7137e,email,no_response,No office worry cost production fine father support law.,2026-02-06T06:08:02.040271
1f90ec1e-8ad4-4528-8ae1-7f24d25f1213,b1e24935-343f-449e-ad94-535b94079f92,5f3f33ca-d46b-41bb-b3d6-b88dfbb7137e,call,neutral,Position low top grow issue hard today never seat political way.,2026-02-12T09:22:04.754746
ff037a32-d80d-4e75-ab04-ff462042be1b,459f15b0-1347-42ca-857f-fd52ccc3d247,8fbc7b28-5a14-4a2b-84cd-726d9d74feba,demo,neutral,Spring court try increase admit fight produce without food he blue.,2026-07-01T12:37:20.063792
e2a173dd-53c4-4028-ac10-4b6ba0fa19c8,459f15b0-1347-42ca-857f-fd52ccc3d247,8fbc7b28-5a14-4a2b-84cd-726d9d74feba,call,negative,Break establish conference least surface it positive around the.,2026-07-01T08:03:44.697160
aba5a155-3867-4a7b-9818-6803dc0c68aa,459f15b0-1347-42ca-857f-fd52ccc3d247,8fbc7b28-5a14-4a2b-84cd-726d9d74feba,call,neutral,Show quickly thus man own factor herself write likely arrive travel respond effect late.,2026-07-01T08:16:59.126108
94a2cb79-fdb8-49ae-98be-bafc14a45bce,459f15b0-1347-42ca-857f-fd52ccc3d247,8fbc7b28-5a14-4a2b-84cd-726d9d74feba,call,neutral,Over then bed war there receive pass recognize product visit moment standard thing hospital.,2026-07-01T09:15:10.447018
4acab724-4c87-4186-b62c-924898209c38,459f15b0-1347-42ca-857f-fd52ccc3d247,8fbc7b28-5a14-4a2b-84cd-726d9d74feba,demo,negative,Few through crime general to card their fight woman.,2026-07-01T08:01:26.638618
24dd9561-a0f7-414e-9aa8-4f936eef92b0,459f15b0-1347-42ca-857f-fd52ccc3d247,8fbc7b28-5a14-4a2b-84cd-726d9d74feba,meeting,neutral,Quickly consumer center away summer second play cover recognize activity.,2026-07-01T14:05:12.647213
f67b9315-65bc-4c1b-b681-f4915a6954ba,9b8b42f1-b7e5-4787-895a-7ddb2b512a44,8fbc7b28-5a14-4a2b-84cd-726d9d74feba,email,neutral,Record director possible thing so tend end talk impact four east.,2026-04-22T00:23:05.762269
c732ef54-becf-40f6-88ac-e0469a5a6f58,9b8b42f1-b7e5-4787-895a-7ddb2b512a44,8fbc7b28-5a14-4a2b-84cd-726d9d74feba,follow_up,neutral,Serve individual we style fill anyone wrong attack model see on too defense.,2025-12-26T21:07:42.948958
e5e41823-d7bf-4e0c-8d53-62d23c4dbaeb,a4cc7861-41db-48bf-b7a7-dcce9b5a2d68,03047d55-6b0c-4ed2-ade3-e979453d38ea,demo,neutral,Maintain describe off general long name resource believe.,2026-02-01T22:39:24.737007
b4ad9f8f-ff0b-4b96-bad0-49c512f41a32,a4cc7861-41db-48bf-b7a7-dcce9b5a2d68,03047d55-6b0c-4ed2-ade3-e979453d38ea,follow_up,neutral,Writer catch part lose brother indicate daughter none follow door science.,2025-12-07T16:32:08.143749
dc47f9b3-d186-4e57-aaa1-b8fafadac3d2,a4cc7861-41db-48bf-b7a7-dcce9b5a2d68,03047d55-6b0c-4ed2-ade3-e979453d38ea,demo,negative,Against citizen place yes painting no special alone wall region yeah such media about control.,2026-06-20T20:17:22.938508
b5165924-9c2b-4c9d-8b9c-a56e1e908e2b,a4cc7861-41db-48bf-b7a7-dcce9b5a2d68,03047d55-6b0c-4ed2-ade3-e979453d38ea,demo,neutral,May gun attention different own street member.,2026-01-27T18:56:07.855394
90c43133-1e2b-456c-84b2-bc75dc3150ff,a4cc7861-41db-48bf-b7a7-dcce9b5a2d68,03047d55-6b0c-4ed2-ade3-e979453d38ea,follow_up,neutral,Others commercial five fast force focus decision modern they which look finish condition member.,2025-12-06T21:13:21.134107
dc12afd7-3019-4db2-affa-d174f8bab274,a4cc7861-41db-48bf-b7a7-dcce9b5a2d68,03047d55-6b0c-4ed2-ade3-e979453d38ea,meeting,neutral,War research reduce thing movement maintain particular difference material Congress thing truth.,2026-02-14T14:26:21.033053
4ed6e13f-7bdb-4d79-a261-7fbdc955ddc8,3fdd5b6c-7e26-4758-bd13-fe9958de96e8,cd236f80-c9cc-43ed-96ad-09d2afa212d4,meeting,no_response,Attention standard reveal force them parent weight act a blue face I staff.,2025-12-14T06:32:11.398337
9da8bec3-ab94-4a18-b6b6-014b58a24677,3fdd5b6c-7e26-4758-bd13-fe9958de96e8,cd236f80-c9cc-43ed-96ad-09d2afa212d4,follow_up,positive,Before look thing month Mrs nation trouble someone sport not rule which purpose look seat.,2026-05-06T06:27:31.892169
538a1672-72d0-4146-b73f-ef4c234af9e1,3fdd5b6c-7e26-4758-bd13-fe9958de96e8,cd236f80-c9cc-43ed-96ad-09d2afa212d4,demo,neutral,Speech type suffer general system mean image together a baby ago would particularly.,2026-06-15T05:38:27.137130
412e5649-6fa0-4133-98df-6c7e48257f2c,3fdd5b6c-7e26-4758-bd13-fe9958de96e8,cd236f80-c9cc-43ed-96ad-09d2afa212d4,call,neutral,Fish hotel notice see item face his question pick night appear news case.,2026-02-02T15:42:04.188813
8976d6f7-f6e8-4da6-a9fe-4e3095790efb,3fdd5b6c-7e26-4758-bd13-fe9958de96e8,cd236f80-c9cc-43ed-96ad-09d2afa212d4,demo,neutral,Cold investment between street wide beat lead nothing.,2026-03-02T23:09:51.792326
0c40e717-b3d1-42be-9666-a1c1c8cc1aa5,3fdd5b6c-7e26-4758-bd13-fe9958de96e8,cd236f80-c9cc-43ed-96ad-09d2afa212d4,email,positive,Become there debate at pay individual federal turn establish brother our senior score challenge pattern free.,2026-03-21T00:35:21.520149
fb16b721-f75f-4879-991e-b605e9d27627,3fdd5b6c-7e26-4758-bd13-fe9958de96e8,cd236f80-c9cc-43ed-96ad-09d2afa212d4,follow_up,positive,Sense stay newspaper kitchen worry question take simply central around from.,2025-12-14T12:46:29.897314
