rep_id,period,amount,account_id,deal_id,revenue_type,contract_term_months,recognition_start_date
2f57768e-edff-4eae-9153-eaeca2be9514,2025-11,2303.68,9ac327d6-67c5-4489-b00e-49b5a03c97e7,547632dc-0d9d-4404-8cae-92cb35434456,churn,12,2025-11-01
2f57768e-edff-4eae-9153-eaeca2be9514,2025-12,2303.68,9ac327d6-67c5-4489-b00e-49b5a03c97e7,547632dc-0d9d-4404-8cae-92cb35434456,churn,12,2025-12-01
2f57768e-edff-4eae-9153-eaeca2be9514,2026-01,2303.68,9ac327d6-67c5-4489-b00e-49b5a03c97e7,547632dc-0d9d-4404-8cae-92cb35434456,churn,12,2026-01-01
2f57768e-edff-4eae-9153-eaeca2be9514,2026-02,2303.68,9ac327d6-67c5-4489-b00e-49b5a03c97e7,547632dc-0d9d-4404-8cae-92cb35434456,churn,12,2026-02-01
2f57768e-edff-4eae-9153-eaeca2be9514,2026-03,2303.68,9ac327d6-67c5-4489-b00e-49b5a03c97e7,547632dc-0d9d-4404-8cae-92cb35434456,churn,12,2026-03-01
2f57768e-edff-4eae-9153-eaeca2be9514,2026-04,2303.68,9ac327d6-67c5-4489-b00e-49b5a03c97e7,547632dc-0d9d-4404-8cae-92cb35434456,churn,12,2026-04-01
2f57768e-edff-4eae-9153-eaeca2be9514,2026-05,2303.68,9ac327d6-67c5-4489-b00e-49b5a03c97e7,547632dc-0d9d-4404-8cae-92cb35434456,churn,12,2026-05-01
2f57768e-edff-4eae-9153-eaeca2be9514,2026-06,2303.68,9ac327d6-67c5-4489-b00e-49b5a03c97e7,547632dc-0d9d-4404-8cae-92cb35434456,churn,12,2026-06-01
2f57768e-edff-4eae-9153-eaeca2be9514,2026-07,2303.68,9ac327d6-67c5-4489-b00e-49b5a03c97e7,547632dc-0d9d-4404-8cae-92cb35434456,churn,12,2026-07-01
2f57768e-edff-4eae-9153-eaeca2be9514,2026-08,2303.68,9ac327d6-67c5-4489-b00e-49b5a03c97e7,547632dc-0d9d-4404-8cae-92cb35434456,churn,12,2026-08-01
2f57768e-edff-4eae-9153-eaeca2be9514,2026-09,2303.68,9ac327d6-67c5-4489-b00e-49b5a03c97e7,547632dc-0d9d-4404-8cae-92cb35434456,churn,12,2026-09-01
f61e3218-5e2d-439b-8b66-aad1cb7e037e,2026-04,1436.15,23ee1932-d4b2-4523-8b55-2d9140936bf7,3c48cfd6-4d6e-4e40-b746-90ec06a2704d,renewal,12,2026-04-01
f61e3218-5e2d-439b-8b66-aad1cb7e037e,2026-05,1436.15,23ee1932-d4b2-4523-8b55-2d9140936bf7,3c48cfd6-4d6e-4e40-b746-90ec06a2704d,renewal,12,2026-05-01
f61e3218-5e2d-439b-8b66-aad1cb7e037e,2026-06,1436.15,23ee1932-d4b2-4523-8b55-2d9140936bf7,3c48cfd6-4d6e-4e40-b746-90ec06a2704d,renewal,12,2026-06-01
f61e3218-5e2d-439b-8b66-aad1cb7e037e,2026-07,1436.15,23ee1932-d4b2-4523-8b55-2d9140936bf7,3c48cfd6-4d6e-4e40-b746-90ec06a2704d,renewal,12,2026-07-01
f61e3218-5e2d-439b-8b66-aad1cb7e037e,2026-08,1436.15,23ee1932-d4b2-4523-8b55-2d9140936bf7,3c48cfd6-4d6e-4e40-b746-90ec06a2704d,renewal,12,2026-08-01
f61e3218-5e2d-439b-8b66-aad1cb7e037e,2026-09,1436.15,23ee1932-d4b2-4523-8b55-2d9140936bf7,3c48cfd6-4d6e-4e40-b746-90ec06a2704d,renewal,12,2026-09-01
fc933254-1509-4dc5-9dbf-67455f3bd728,2026-09,3564.76,cd09a6e7-d9ea-444d-b6bf-8516155aa946,7784c012-abf2-4bc4-864b-891ecc8cb8c0,new_logo,12,2026-09-01
645d5f16-eab8-4b66-b614-b170c42fcd94,2024-08,3715.54,05f6b4e4-ab16-4eb9-a584-53876aba9ee7,d11f0372-6209-45fe-85ed-e256a95a8746,renewal,12,2024-08-01
645d5f16-eab8-4b66-b614-b170c42fcd94,2024-09,3715.54,05f6b4e4-ab16-4eb9-a584-53876aba9ee7,d11f0372-6209-45fe-85ed-e256a95a8746,renewal,12,2024-09-01
645d5f16-eab8-4b66-b614-b170c42fcd94,2024-10,3715.54,05f6b4e4-ab16-4eb9-a584-53876aba9ee7,d11f0372-6209-45fe-85ed-e256a95a8746,renewal,12,2024-10-01
645d5f16-eab8-4b66-b614-b170c42fcd94,2024-11,3715.54,05f6b4e4-ab16-4eb9-a584-53876aba9ee7,d11f0372-6209-45fe-85ed-e256a95a8746,renewal,12,2024-11-01
645d5f16-eab8-4b66-b614-b170c42fcd94,2024-12,3715.54,05f6b4e4-ab16-4eb9-a584-53876aba9ee7,d11f0372-6209-45fe-85ed-e256a95a8746,renewal,12,2024-12-01
645d5f16-eab8-4b66-b614-b170c42fcd94,2025-01,3715.54,05f6b4e4-ab16-4eb9-a584-53876aba9ee7,d11f0372-6209-45fe-85ed-e256a95a8746,renewal,12,2025-01-01
645d5f16-eab8-4b66-b614-b170c42fcd94,2025-02,3715.54,05f6b4e4-ab16-4eb9-a584-53876aba9ee7,d11f0372-6209-45fe-85ed-e256a95a8746,renewal,12,2025-02-01
645d5f16-eab8-4b66-b614-b170c42fcd94,2025-03,3715.54,05f6b4e4-ab16-4eb9-a584-53876aba9ee7,d11f0372-6209-45fe-85ed-e256a95a8746,renewal,12,2025-03-01
645d5f16-eab8-4b66-b614-b170c42fcd94,2025-04,3715.54,05f6b4e4-ab16-4eb9-a584-53876aba9ee7,d11f0372-6209-45fe-85ed-e256a95a8746,renewal,12,2025-04-01
645d5f16-eab8-4b66-b614-b170c42fcd94,2025-05,3715.54,05f6b4e4-ab16-4eb9-a584-53876aba9ee7,d11f0372-6209-45fe-85ed-e256a95a8746,renewal,12,2025-05-01
645d5f16-eab8-4b66-b614-b170c42fcd94,2025-06,3715.54,05f6b4e4-ab16-4eb9-a584-53876aba9ee7,d11f0372-6209-45fe-85ed-e256a95a8746,renewal,12,2025-06-01
645d5f16-eab8-4b66-b614-b170c42fcd94,2025-07,3715.54,05f6b4e4-ab16-4eb9-a584-53876aba9ee7,d11f0372-6209-45fe-85ed-e256a95a8746,renewal,12,2025-07-01
2f57768e-edff-4eae-9153-eaeca2be9514,2023-12,1194.42,db532b35-aff1-44e2-b377-4d16b5711bff,2901b601-3ea4-4d0a-b17f-e0a699aedb30,churn,12,2023-12-01
2f57768e-edff-4eae-9153-eaeca2be9514,2024-01,1194.42,db532b35-aff1-44e2-b377-4d16b5711bff,2901b601-3ea4-4d0a-b17f-e0a699aedb30,churn,12,2024-01-01
2f57768e-edff-4eae-9153-eaeca2be9514,2024-02,1194.42,db532b35-aff1-44e2-b377-4d16b5711bff,2901b601-3ea4-4d0a-b17f-e0a699aedb30,churn,12,2024-02-01
2f57768e-edff-4eae-9153-eaeca2be9514,2024-03,1194.42,db532b35-aff1-44e2-b377-4d16b5711bff,2901b601-3ea4-4d0a-b17f-e0a699aedb30,churn,12,2024-03-01
2f57768e-edff-4eae-9153-eaeca2be9514,2024-04,1194.42,db532b35-aff1-44e2-b377-4d16b5711bff,2901b601-3ea4-4d0a-b17f-e0a699aedb30,churn,12,2024-04-01
2f57768e-edff-4eae-9153-eaeca2be9514,2024-05,1194.42,db532b35-aff1-44e2-b377-4d16b5711bff,2901b601-3ea4-4d0a-b17f-e0a699aedb30,churn,12,2024-05-01
2f57768e-edff-4eae-9153-eaeca2be9514,2024-06,1194.42,db532b35-aff1-44e2-b377-4d16b5711bff,2901b601-3ea4-4d0a-b17f-e0a699aedb30,churn,12,2024-06-01
2f57768e-edff-4eae-9153-eaeca2be9514,2024-07,1194.42,db532b35-aff1-44e2-b377-4d16b5711bff,2901b601-3ea4-4d0a-b17f-e0a699aedb30,churn,12,2024-07-01
2f57768e-edff-4eae-9153-eaeca2be9514,2024-08,1194.42,db532b35-aff1-44e2-b377-4d16b5711bff,2901b601-3ea4-4d0a-b17f-e0a699aedb30,churn,12,2024-08-01
2f57768e-edff-4eae-9153-eaeca2be9514,2024-09,1194.42,db532b35-aff1-44e2-b377-4d16b5711bff,2901b601-3ea4-4d0a-b17f-e0a699aedb30,churn,12,2024-09-01
2f57768e-edff-4eae-9153-eaeca2be9514,2024-10,1194.42,db532b35-aff1-44e2-b377-4d16b5711bff,2901b601-3ea4-4d0a-b17f-e0a699aedb30,churn,12,2024-10-01
2f57768e-edff-4eae-9153-eaeca2be9514,2024-11,1194.42,db532b35-aff1-44e2-b377-4d16b5711bff,2901b601-3ea4-4d0a-b17f-e0a699aedb30,churn,12,2024-11-01
ec847390-1f72-4f2c-aece-d6c8a794b9e6,2026-02,2479.49,ecf8195f-7b2b-4256-904b-6acacf411616,3256268e-3ad2-4008-95b2-36a93571330c,new_logo,12,2026-02-01
ec847390-1f72-4f2c-aece-d6c8a794b9e6,2026-03,2479.49,ecf8195f-7b2b-4256-904b-6acacf411616,3256268e-3ad2-4008-95b2-36a93571330c,new_logo,12,2026-03-01
ec847390-1f72-4f2c-aece-d6c8a794b9e6,2026-04,2479.49,ecf8195f-7b2b-4256-904b-6acacf411616,3256268e-3ad2-4008-95b2-36a93571330c,new_logo,12,2026-04-01
ec847390-1f72-4f2c-aece-d6c8a794b9e6,2026-05,2479.49,ecf8195f-7b2b-4256-904b-6acacf411616,3256268e-3ad2-4008-95b2-36a93571330c,new_logo,12,2026-05-01
ec847390-1f72-4f2c-aece-d6c8a794b9e6,2026-06,2479.49,ecf8195f-7b2b-4256-904b-6acacf411616,3256268e-3ad2-4008-95b2-36a93571330c,new_logo,12,2026-06-01
ec847390-1f72-4f2c-aece-d6c8a794b9e6,2026-07,2479.49,ecf8195f-7b2b-4256-904b-6acacf411616,3256268e-3ad2-4008-95b2-36a93571330c,new_logo,12,2026-07-01
ec847390-1f72-4f2c-aece-d6c8a794b9e6,2026-08,2479.49,ecf8195f-7b2b-4256-904b-6acacf411616,3256268e-3ad2-4008-95b2-36a93571330c,new_logo,12,2026-08-01
ec847390-1f72-4f2c-aece-d6c8a794b9e6,2026-09,2479.49,ecf8195f-7b2b-4256-904b-6acacf411616,3256268e-3ad2-4008-95b2-36a93571330c,new_logo,12,2026-09-01
2f57768e-edff-4eae-9153-eaeca2be9514,2025-12,2883.51,4f005c73-5e7e-4d72-99d1-60cf294b541c,55ce10b0-c496-4aff-be38-1c4b7253ab32,new_logo,12,2025-12-01
2f57768e-edff-4eae-9153-eaeca2be9514,2026-01,2883.51,4f005c73-5e7e-4d72-99d1-60cf294b541c,55ce10b0-c496-4aff-be38-1c4b7253ab32,new_logo,12,2026-01-01
2f57768e-edff-4eae-9153-eaeca2be9514,2026-02,2883.51,4f005c73-5e7e-4d72-99d1-60cf294b541c,55ce10b0-c496-4aff-be38-1c4b7253ab32,new_logo,12,2026-02-01
2f57768e-edff-4eae-9153-eaeca2be9514,2026-03,2883.51,4f005c73-5e7e-4d72-99d1-60cf294b541c,55ce10b0-c496-4aff-be38-1c4b7253ab32,new_logo,12,2026-03-01
2f57768e-edff-4eae-9153-eaeca2be9514,2026-04,2883.51,4f005c73-5e7e-4d72-99d1-60cf294b541c,55ce10b0-c496-4aff-be38-1c4b7253ab32,new_logo,12,2026-04-01
2f57768e-edff-4eae-9153-eaeca2be9514,2026-05,2883.51,4f005c73-5e7e-4d72-99d1-60cf294b541c,55ce10b0-c496-4aff-be38-1c4b7253ab32,new_logo,12,2026-05-01
2f57768e-edff-4eae-9153-eaeca2be9514,2026-06,2883.51,4f005c73-5e7e-4d72-99d1-60cf294b541c,55ce10b0-c496-4aff-be38-1c4b7253ab32,new_logo,12,2026-06-01
2f57768e-edff-4eae-9153-eaeca2be9514,2026-07,2883.51,4f005c73-5e7e-4d72-99d1-60cf294b541c,55ce10b0-c496-4aff-be38-1c4b7253ab32,new_logo,12,2026-07-01
2f57768e-edff-4eae-9153-eaeca2be9514,2026-08,2883.51,4f005c73-5e7e-4d72-99d1-60cf294b541c,55ce10b0-c496-4aff-be38-1c4b7253ab32,new_logo,12,2026-08-01
2f57768e-edff-4eae-9153-eaeca2be9514,2026-09,2883.51,4f005c73-5e7e-4d72-99d1-60cf294b541c,55ce10b0-c496-4aff-be38-1c4b7253ab32,new_logo,12,2026-09-01
9895fd25-57cb-467c-b4fe-dab4d011b85f,2026-02,2154.33,d6d107b8-5306-4e3e-ab80-a0c44022a4a4,29f78b11-32a0-42f1-bf6f-bdd10838f580,renewal,12,2026-02-01
9895fd25-57cb-467c-b4fe-dab4d011b85f,2026-03,2154.33,d6d107b8-5306-4e3e-ab80-a0c44022a4a4,29f78b11-32a0-42f1-bf6f-bdd10838f580,renewal,12,2026-03-01
9895fd25-57cb-467c-b4fe-dab4d011b85f,2026-04,2154.33,d6d107b8-5306-4e3e-ab80-a0c44022a4a4,29f78b11-32a0-42f1-bf6f-bdd10838f580,renewal,12,2026-04-01
9895fd25-57cb-467c-b4fe-dab4d011b85f,2026-05,2154.33,d6d107b8-5306-4e3e-ab80-a0c44022a4a4,29f78b11-32a0-42f1-bf6f-bdd10838f580,renewal,12,2026-05-01
9895fd25-57cb-467c-b4fe-dab4d011b85f,2026-06,2154.33,d6d107b8-5306-4e3e-ab80-a0c44022a4a4,29f78b11-32a0-42f1-bf6f-bdd10838f580,renewal,12,2026-06-01
9895fd25-57cb-467c-b4fe-dab4d011b85f,2026-07,2154.33,d6d107b8-5306-4e3e-ab80-a0c44022a4a4,29f78b11-32a0-42f1-bf6f-bdd10838f580,renewal,12,2026-07-01
9895fd25-57cb-467c-b4fe-dab4d011b85f,2026-08,2154.33,d6d107b8-5306-4e3e-ab80-a0c44022a4a4,29f78b11-32a0-42f1-bf6f-bdd10838f580,renewal,12,2026-08-01
9895fd25-57cb-467c-b4fe-dab4d011b85f,2026-09,2154.33,d6d107b8-5306-4e3e-ab80-a0c44022a4a4,29f78b11-32a0-42f1-bf6f-bdd10838f580,renewal,12,2026-09-01
0cbf9a48-fbf3-4c51-b5ec-ac820e68f0b5,2026-05,941.61,6bfb437e-fa0e-4531-a017-2d8671bbfd53,6eeea3d2-53dc-4370-86ba-59694142c2a1,churn,12,2026-05-01
0cbf9a48-fbf3-4c51-b5ec-ac820e68f0b5,2026-06,941.61,6bfb437e-fa0e-4531-a017-2d8671bbfd53,6eeea3d2-53dc-4370-86ba-59694142c2a1,churn,12,2026-06-01
0cbf9a48-fbf3-4c51-b5ec-ac820e68f0b5,2026-07,941.61,6bfb437e-fa0e-4531-a017-2d8671bbfd53,6eeea3d2-53dc-4370-86ba-59694142c2a1,churn,12,2026-07-01
0cbf9a48-fbf3-4c51-b5ec-ac820e68f0b5,2026-08,941.61,6bfb437e-fa0e-4531-a017-2d8671bbfd53,6eeea3d2-53dc-4370-86ba-59694142c2a1,churn,12,2026-08-01
0cbf9a48-fbf3-4c51-b5ec-ac820e68f0b5,2026-09,941.61,6bfb437e-fa0e-4531-a017-2d8671bbfd53,6eeea3d2-53dc-4370-86ba-59694142c2a1,churn,12,2026-09-01
f61e3218-5e2d-439b-8b66-aad1cb7e037e,2023-12,3010.52,0ae7a37f-fe9e-4719-a490-583643707dc2,b25b58ea-3cfe-4447-9feb-fbc5210382af,renewal,12,2023-12-01
f61e3218-5e2d-439b-8b66-aad1cb7e037e,2024-01,3010.52,0ae7a37f-fe9e-4719-a490-583643707dc2,b25b58ea-3cfe-4447-9feb-fbc5210382af,renewal,12,2024-01-01
f61e3218-5e2d-439b-8b66-aad1cb7e037e,2024-02,3010.52,0ae7a37f-fe9e-4719-a490-583643707dc2,b25b58ea-3cfe-4447-9feb-fbc5210382af,renewal,12,2024-02-01
f61e3218-5e2d-439b-8b66-aad1cb7e037e,2024-03,3010.52,0ae7a37f-fe9e-4719-a490-583643707dc2,b25b58ea-3cfe-4447-9feb-fbc5210382af,renewal,12,2024-03-01
f61e3218-5e2d-439b-8b66-aad1cb7e037e,2024-04,3010.52,0ae7a37f-fe9e-4719-a490-583643707dc2,b25b58ea-3cfe-4447-9feb-fbc5210382af,renewal,12,2024-04-01
f61e3218-5e2d-439b-8b66-aad1cb7e037e,2024-05,3010.52,0ae7a37f-fe9e-4719-a490-583643707dc2,b25b58ea-3cfe-4447-9feb-fbc5210382af,renewal,12,2024-05-01
f61e3218-5e2d-439b-8b66-aad1cb7e037e,2024-06,3010.52,0ae7a37f-fe9e-4719-a490-583643707dc2,b25b58ea-3cfe-4447-9feb-fbc5210382af,renewal,12,2024-06-01
f61e3218-5e2d-439b-8b66-aad1cb7e037e,2024-07,3010.52,0ae7a37f-fe9e-4719-a490-583643707dc2,b25b58ea-3cfe-4447-9feb-fbc5210382af,renewal,12,2024-07-01
f61e3218-5e2d-439b-8b66-aad1cb7e037e,2024-08,3010.52,0ae7a37f-fe9e-4719-a490-583643707dc2,b25b58ea-3cfe-4447-9feb-fbc5210382af,renewal,12,2024-08-01
f61e3218-5e2d-439b-8b66-aad1cb7e037e,2024-09,3010.52,0ae7a37f-fe9e-4719-a490-583643707dc2,b25b58ea-3cfe-4447-9feb-fbc5210382af,renewal,12,2024-09-01
f61e3218-5e2d-439b-8b66-aad1cb7e037e,2024-10,3010.52,0ae7a37f-fe9e-4719-a490-583643707dc2,b25b58ea-3cfe-4447-9feb-fbc5210382af,renewal,12,2024-10-01
f61e3218-5e2d-439b-8b66-aad1cb7e037e,2024-11,3010.52,0ae7a37f-fe9e-4719-a490-583643707dc2,b25b58ea-3cfe-4447-9feb-fbc5210382af,renewal,12,2024-11-01
e6e3da5c-10ac-46fc-bbd8-7e5378e7d631,2024-06,1250.1,189e9d2b-112f-443f-b430-267e8695b2e4,9f715f58-b7ff-4e89-8fcc-dc630e5a70e3,churn,12,2024-06-01
e6e3da5c-10ac-46fc-bbd8-7e5378e7d631,2024-07,1250.1,189e9d2b-112f-443f-b430-267e8695b2e4,9f715f58-b7ff-4e89-8fcc-dc630e5a70e3,churn,12,2024-07-01
e6e3da5c-10ac-46fc-bbd8-7e5378e7d631,2024-08,1250.1,189e9d2b-112f-443f-b430-267e8695b2e4,9f715f58-b7ff-4e89-8fcc-dc630e5a70e3,churn,12,2024-08-01
e6e3da5c-10ac-46fc-bbd8-7e5378e7d631,2024-09,1250.1,189e9d2b-112f-443f-b430-267e8695b2e4,9f715f58-b7ff-4e89-8fcc-dc630e5a70e3,churn,12,2024-09-01
e6e3da5c-10ac-46fc-bbd8-7e5378e7d631,2024-10,1250.1,189e9d2b-112f-443f-b430-267e8695b2e4,9f715f58-b7ff-4e89-8fcc-dc630e5a70e3,churn,12,2024-10-01
e6e3da5c-10ac-46fc-bbd8-7e5378e7d631,2024-11,1250.1,189e9d2b-112f-443f-b430-267e8695b2e4,9f715f58-b7ff-4e89-8fcc-dc630e5a70e3,churn,12,2024-11-01
e6e3da5c-10ac-46fc-bbd8-7e5378e7d631,2024-12,1250.1,189e9d2b-112f-443f-b430-267e8695b2e4,9f715f58-b7ff-4e89-8fcc-dc630e5a70e3,churn,12,2024-12-01
e6e3da5c-10ac-46fc-bbd8-7e5378e7d631,2025-01,1250.1,189e9d2b-112f-443f-b430-267e8695b2e4,9f715f58-b7ff-4e89-8fcc-dc630e5a70e3,churn,12,2025-01-01
e6e3da5c-10ac-46fc-bbd8-7e5378e7d631,2025-02,1250.1,189e9d2b-112f-443f-b430-267e8695b2e4,9f715f58-b7ff-4e89-8fcc-dc630e5a70e3,churn,12,2025-02-01
e6e3da5c-10ac-46fc-bbd8-7e5378e7d631,2025-03,1250.1,189e9d2b-112f-443f-b430-267e8695b2e4,9f715f58-b7ff-4e89-8fcc-dc630e5a70e3,churn,12,2025-03-01
e6e3da5c-10ac-46fc-bbd8-7e5378e7d631,2025-04,1250.1,189e9d2b-112f-443f-b430-267e8695b2e4,9f715f58-b7ff-4e89-8fcc-dc630e5a70e3,churn,12,2025-04-01
e6e3da5c-10ac-46fc-bbd8-7e5378e7d631,2025-05,1250.1,189e9d2b-112f-443f-b430-267e8695b2e4,9f715f58-b7ff-4e89-8fcc-dc630e5a70e3,churn,12,2025-05-01
ec847390-1f72-4f2c-aece-d6c8a794b9e6,2026-03,4380.84,71af002c-866b-4aeb-ae07-ea574de1325f,3d514a6d-6b05-453a-b718-213ca0b91c02,renewal,12,2026-03-01
ec847390-1f72-4f2c-aece-d6c8a794b9e6,2026-04,4380.84,71af002c-866b-4aeb-ae07-ea574de1325f,3d514a6d-6b05-453a-b718-213ca0b91c02,renewal,12,2026-04-01
ec847390-1f72-4f2c-aece-d6c8a794b9e6,2026-05,4380.84,71af002c-866b-4aeb-ae07-ea574de1325f,3d514a6d-6b05-453a-b718-213ca0b91c02,renewal,12,2026-05-01
ec847390-1f72-4f2c-aece-d6c8a794b9e6,2026-06,4380.84,71af002c-866b-4aeb-ae07-ea574de1325f,3d514a6d-6b05-453a-b718-213ca0b91c02,renewal,12,2026-06-01
ec847390-1f72-4f2c-aece-d6c8a794b9e6,2026-07,4380.84,71af002c-866b-4aeb-ae07-ea574de1325f,3d514a6d-6b05-453a-b718-213ca0b91c02,renewal,12,2026-07-01
ec847390-1f72-4f2c-aece-d6c8a794b9e6,2026-08,4380.84,71af002c-866b-4aeb-ae07-ea574de1325f,3d514a6d-6b05-453a-b718-213ca0b91c02,renewal,12,2026-08-01
ec847390-1f72-4f2c-aece-d6c8a794b9e6,2026-09,4380.84,71af002c-866b-4aeb-ae07-ea574de1325f,3d514a6d-6b05-453a-b718-213ca0b91c02,renewal,12,2026-09-01
2f57768e-edff-4eae-9153-eaeca2be9514,2024-01,2531.64,dce8d043-4f0b-47c5-adae-524087000f21,4fe16758-bec0-4ce5-a727-17cfdc19f4c7,new_logo,12,2024-01-01
2f57768e-edff-4eae-9153-eaeca2be9514,2024-02,2531.64,dce8d043-4f0b-47c5-adae-524087000f21,4fe16758-bec0-4ce5-a727-17cfdc19f4c7,new_logo,12,2024-02-01
2f57768e-edff-4eae-9153-eaeca2be9514,2024-03,2531.64,dce8d043-4f0b-47c5-adae-524087000f21,4fe16758-bec0-4ce5-a727-17cfdc19f4c7,new_logo,12,2024-03-01
2f57768e-edff-4eae-9153-eaeca2be9514,2024-04,2531.64,dce8d043-4f0b-47c5-adae-524087000f21,4fe16758-bec0-4ce5-a727-17cfdc19f4c7,new_logo,12,2024-04-01
2f57768e-edff-4eae-9153-eaeca2be9514,2024-05,2531.64,dce8d043-4f0b-47c5-adae-524087000f21,4fe16758-bec0-4ce5-a727-17cfdc19f4c7,new_logo,12,2024-05-01
2f57768e-edff-4eae-9153-eaeca2be9514,2024-06,2531.64,dce8d043-4f0b-47c5-adae-524087000f21,4fe16758-bec0-4ce5-a727-17cfdc19f4c7,new_logo,12,2024-06-01
2f57768e-edff-4eae-9153-eaeca2be9514,2024-07,2531.64,dce8d043-4f0b-47c5-adae-524087000f21,4fe16758-bec0-4ce5-a727-17cfdc19f4c7,new_logo,12,2024-07-01
2f57768e-edff-4eae-9153-eaeca2be9514,2024-08,2531.64,dce8d043-4f0b-47c5-adae-524087000f21,4fe16758-bec0-4ce5-a727-17cfdc19f4c7,new_logo,12,2024-08-01
2f57768e-edff-4eae-9153-eaeca2be9514,2024-09,2531.64,dce8d043-4f0b-47c5-adae-524087000f21,4fe16758-bec0-4ce5-a727-17cfdc19f4c7,new_logo,12,2024-09-01
2f57768e-edff-4eae-9153-eaeca2be9514,2024-10,2531.64,dce8d043-4f0b-47c5-adae-524087000f21,4fe16758-bec0-4ce5-a727-17cfdc19f4c7,new_logo,12,2024-10-01
2f57768e-edff-4eae-9153-eaeca2be9514,2024-11,2531.64,dce8d043-4f0b-47c5-adae-524087000f21,4fe16758-bec0-4ce5-a727-17cfdc19f4c7,new_logo,12,2024-11-01
2f57768e-edff-4eae-9153-eaeca2be9514,2024-12,2531.64,dce8d043-4f0b-47c5-adae-524087000f21,4fe16758-bec0-4ce5-a727-17cfdc19f4c7,new_logo,12,2024-12-01
e86a69d9-3595-4c07-9821-248f968e091d,2024-07,4909.45,dce8d043-4f0b-47c5-adae-524087000f21,040264e9-48f6-4c7f-8578-4628f80817b9,new_logo,12,2024-07-01
e86a69d9-3595-4c07-9821-248f968e091d,2024-08,4909.45,dce8d043-4f0b-47c5-adae-524087000f21,040264e9-48f6-4c7f-8578-4628f80817b9,new_logo,12,2024-08-01
e86a69d9-3595-4c07-9821-248f968e091d,2024-09,4909.45,dce8d043-4f0b-47c5-adae-524087000f21,040264e9-48f6-4c7f-8578-4628f80817b9,new_logo,12,2024-09-01
e86a69d9-3595-4c07-9821-248f968e091d,2024-10,4909.45,dce8d043-4f0b-47c5-adae-524087000f21,040264e9-48f6-4c7f-8578-4628f80817b9,new_logo,12,2024-10-01
e86a69d9-3595-4c07-9821-248f968e091d,2024-11,4909.45,dce8d043-4f0b-47c5-adae-524087000f21,040264e9-48f6-4c7f-8578-4628f80817b9,new_logo,12,2024-11-01
e86a69d9-3595-4c07-9821-248f968e091d,2024-12,4909.45,dce8d043-4f0b-47c5-adae-524087000f21,040264e9-48f6-4c7f-8578-4628f80817b9,new_logo,12,2024-12-01
e86a69d9-3595-4c07-9821-248f968e091d,2025-01,4909.45,dce8d043-4f0b-47c5-adae-524087000f21,040264e9-48f6-4c7f-8578-4628f80817b9,new_logo,12,2025-01-01
e86a69d9-3595-4c07-9821-248f968e091d,2025-02,4909.45,dce8d043-4f0b-47c5-adae-524087000f21,040264e9-48f6-4c7f-8578-4628f80817b9,new_logo,12,2025-02-01
e86a69d9-3595-4c07-9821-248f968e091d,2025-03,4909.45,dce8d043-4f0b-47c5-adae-524087000f21,040264e9-48f6-4c7f-8578-4628f80817b9,new_logo,12,2025-03-01
e86a69d9-3595-4c07-9821-248f968e091d,2025-04,4909.45,dce8d043-4f0b-47c5-adae-524087000f21,040264e9-48f6-4c7f-8578-4628f80817b9,new_logo,12,2025-04-01
e86a69d9-3595-4c07-9821-248f968e091d,2025-05,4909.45,dce8d043-4f0b-47c5-adae-524087000f21,040264e9-48f6-4c7f-8578-4628f80817b9,new_logo,12,2025-05-01
e86a69d9-3595-4c07-9821-248f968e091d,2025-06,4909.45,dce8d043-4f0b-47c5-adae-524087000f21,040264e9-48f6-4c7f-8578-4628f80817b9,new_logo,12,2025-06-01
f61e3218-5e2d-439b-8b66-aad1cb7e037e,2026-01,1682.8,88ac1ce4-07de-42a8-bb58-e4edab7c7048,af3997e3-83c9-4bfa-9ff7-13cfdfacc4cb,renewal,12,2026-01-01
f61e3218-5e2d-439b-8b66-aad1cb7e037e,2026-02,1682.8,88ac1ce4-07de-42a8-bb58-e4edab7c7048,af3997e3-83c9-4bfa-9ff7-13cfdfacc4cb,renewal,12,2026-02-01
f61e3218-5e2d-439b-8b66-aad1cb7e037e,2026-03,1682.8,88ac1ce4-07de-42a8-bb58-e4edab7c7048,af3997e3-83c9-4bfa-9ff7-13cfdfacc4cb,renewal,12,2026-03-01
f61e3218-5e2d-439b-8b66-aad1cb7e037e,2026-04,1682.8,88ac1ce4-07de-42a8-bb58-e4edab7c7048,af3997e3-83c9-4bfa-9ff7-13cfdfacc4cb,renewal,12,2026-04-01
f61e3218-5e2d-439b-8b66-aad1cb7e037e,2026-05,1682.8,88ac1ce4-07de-42a8-bb58-e4edab7c7048,af3997e3-83c9-4bfa-9ff7-13cfdfacc4cb,renewal,12,2026-05-01
f61e3218-5e2d-439b-8b66-aad1cb7e037e,2026-06,1682.8,88ac1ce4-07de-42a8-bb58-e4edab7c7048,af3997e3-83c9-4bfa-9ff7-13cfdfacc4cb,renewal,12,2026-06-01
f61e3218-5e2d-439b-8b66-aad1cb7e037e,2026-07,1682.8,88ac1ce4-07de-42a8-bb58-e4edab7c7048,af3997e3-83c9-4bfa-9ff7-13cfdfacc4cb,renewal,12,2026-07-01
f61e3218-5e2d-439b-8b66-aad1cb7e037e,2026-08,1682.8,88ac1ce4-07de-42a8-bb58-e4edab7c7048,af3997e3-83c9-4bfa-9ff7-13cfdfacc4cb,renewal,12,2026-08-01
f61e3218-5e2d-439b-8b66-aad1cb7e037e,2026-09,1682.8,88ac1ce4-07de-42a8-bb58-e4edab7c7048,af3997e3-83c9-4bfa-9ff7-13cfdfacc4cb,renewal,12,2026-09-01
0cbf9a48-fbf3-4c51-b5ec-ac820e68f0b5,2025-01,4423.37,bd5b64fe-cff4-457e-a820-9aff598bf702,966081c5-71c9-4a86-8283-fa2afe06a286,churn,12,2025-01-01
0cbf9a48-fbf3-4c51-b5ec-ac820e68f0b5,2025-02,4423.37,bd5b64fe-cff4-457e-a820-9aff598bf702,966081c5-71c9-4a86-8283-fa2afe06a286,churn,12,2025-02-01
0cbf9a48-fbf3-4c51-b5ec-ac820e68f0b5,2025-03,4423.37,bd5b64fe-cff4-457e-a820-9aff598bf702,966081c5-71c9-4a86-8283-fa2afe06a286,churn,12,2025-03-01
0cbf9a48-fbf3-4c51-b5ec-ac820e68f0b5,2025-04,4423.37,bd5b64fe-cff4-457e-a820-9aff598bf702,966081c5-71c9-4a86-8283-fa2afe06a286,churn,12,2025-04-01
0cbf9a48-fbf3-4c51-b5ec-ac820e68f0b5,2025-05,4423.37,bd5b64fe-cff4-457e-a820-9aff598bf702,966081c5-71c9-4a86-8283-fa2afe06a286,churn,12,2025-05-01
0cbf9a48-fbf3-4c51-b5ec-ac820e68f0b5,2025-06,4423.37,bd5b64fe-cff4-457e-a820-9aff598bf702,966081c5-71c9-4a86-8283-fa2afe06a286,churn,12,2025-06-01
0cbf9a48-fbf3-4c51-b5ec-ac820e68f0b5,2025-07,4423.37,bd5b64fe-cff4-457e-a820-9aff598bf702,966081c5-71c9-4a86-8283-fa2afe06a286,churn,12,2025-07-01
0cbf9a48-fbf3-4c51-b5ec-ac820e68f0b5,2025-08,4423.37,bd5b64fe-cff4-457e-a820-9aff598bf702,966081c5-71c9-4a86-8283-fa2afe06a286,churn,12,2025-08-01
0cbf9a48-fbf3-4c51-b5ec-ac820e68f0b5,2025-09,4423.37,bd5b64fe-cff4-457e-a820-9aff598bf702,966081c5-71c9-4a86-8283-fa2afe06a286,churn,12,2025-09-01
0cbf9a48-fbf3-4c51-b5ec-ac820e68f0b5,2025-10,4423.37,bd5b64fe-cff4-457e-a820-9aff598bf702,966081c5-71c9-4a86-8283-fa2afe06a286,churn,12,2025-10-01
0cbf9a48-fbf3-4c51-b5ec-ac820e68f0b5,2025-11,4423.37,bd5b64fe-cff4-457e-a820-9aff598bf702,966081c5-71c9-4a86-8283-fa2afe06a286,churn,12,2025-11-01
0cbf9a48-fbf3-4c51-b5ec-ac820e68f0b5,2025-12,4423.37,bd5b64fe-cff4-457e-a820-9aff598bf702,966081c5-71c9-4a86-8283-fa2afe06a286,churn,12,2025-12-01
ec847390-1f72-4f2c-aece-d6c8a794b9e6,2025-09,1631.35,c3b23987-4a7d-4002-a79c-cf27cf1f64e1,dc5c5772-feec-4ff9-948b-2f55318af7cf,renewal,12,2025-09-01
ec847390-1f72-4f2c-aece-d6c8a794b9e6,2025-10,1631.35,c3b23987-4a7d-4002-a79c-cf27cf1f64e1,dc5c5772-feec-4ff9-948b-2f55318af7cf,renewal,12,2025-10-01
ec847390-1f72-4f2c-aece-d6c8a794b9e6,2025-11,1631.35,c3b23987-4a7d-4002-a79c-cf27cf1f64e1,dc5c5772-feec-4ff9-948b-2f55318af7cf,renewal,12,2025-11-01
ec847390-1f72-4f2c-aece-d6c8a794b9e6,2025-12,1631.35,c3b23987-4a7d-4002-a79c-cf27cf1f64e1,dc5c5772-feec-4ff9-948b-2f55318af7cf,renewal,12,2025-12-01
ec847390-1f72-4f2c-aece-d6c8a794b9e6,2026-01,1631.35,c3b23987-4a7d-4002-a79c-cf27cf1f64e1,dc5c5772-feec-4ff9-948b-2f55318af7cf,renewal,12,2026-01-01
ec847390-1f72-4f2c-aece-d6c8a794b9e6,2026-02,1631.35,c3b23987-4a7d-4002-a79c-cf27cf1f64e1,dc5c5772-feec-4ff9-948b-2f55318af7cf,renewal,12,2026-02-01
ec847390-1f72-4f2c-aece-d6c8a794b9e6,2026-03,1631.35,c3b23987-4a7d-4002-a79c-cf27cf1f64e1,dc5c5772-feec-4ff9-948b-2f55318af7cf,renewal,12,2026-03-01
ec847390-1f72-4f2c-aece-d6c8a794b9e6,2026-04,1631.35,c3b23987-4a7d-4002-a79c-cf27cf1f64e1,dc5c5772-feec-4ff9-948b-2f55318af7cf,renewal,12,2026-04-01
ec847390-1f72-4f2c-aece-d6c8a794b9e6,2026-05,1631.35,c3b23987-4a7d-4002-a79c-cf27cf1f64e1,dc5c5772-feec-4ff9-948b-2f55318af7cf,renewal,12,2026-05-01
ec847390-1f72-4f2c-aece-d6c8a794b9e6,2026-06,1631.35,c3b23987-4a7d-4002-a79c-cf27cf1f64e1,dc5c5772-feec-4ff9-948b-2f55318af7cf,renewal,12,2026-06-01
ec847390-1f72-4f2c-aece-d6c8a794b9e6,2026-07,1631.35,c3b23987-4a7d-4002-a79c-cf27cf1f64e1,dc5c5772-feec-4ff9-948b-2f55318af7cf,renewal,12,2026-07-01
ec847390-1f72-4f2c-aece-d6c8a794b9e6,2026-08,1631.35,c3b23987-4a7d-4002-a79c-cf27cf1f64e1,dc5c5772-feec-4ff9-948b-2f55318af7cf,renewal,12,2026-08-01
ec847390-1f72-4f2c-aece-d6c8a794b9e6,2024-07,3257.01,2d01c096-8cc4-42ea-b8ba-4511010b0b8b,18d85bd6-434f-4849-a8ed-e849def21da9,new_logo,12,2024-07-01
ec847390-1f72-4f2c-aece-d6c8a794b9e6,2024-08,3257.01,2d01c096-8cc4-42ea-b8ba-4511010b0b8b,18d85bd6-434f-4849-a8ed-e849def21da9,new_logo,12,2024-08-01
ec847390-1f72-4f2c-aece-d6c8a794b9e6,2024-09,3257.01,2d01c096-8cc4-42ea-b8ba-4511010b0b8b,18d85bd6-434f-4849-a8ed-e849def21da9,new_logo,12,2024-09-01
ec847390-1f72-4f2c-aece-d6c8a794b9e6,2024-10,3257.01,2d01c096-8cc4-42ea-b8ba-4511010b0b8b,18d85bd6-434f-4849-a8ed-e849def21da9,new_logo,12,2024-10-01
ec847390-1f72-4f2c-aece-d6c8a794b9e6,2024-11,3257.01,2d01c096-8cc4-42ea-b8ba-4511010b0b8b,18d85bd6-434f-4849-a8ed-e849def21da9,new_logo,12,2024-11-01
ec847390-1f72-4f2c-aece-d6c8a794b9e6,2024-12,3257.01,2d01c096-8cc4-42ea-b8ba-4511010b0b8b,18d85bd6-434f-4849-a8ed-e849def21da9,new_logo,12,2024-12-01
ec847390-1f72-4f2c-aece-d6c8a794b9e6,2025-01,3257.01,2d01c096-8cc4-42ea-b8ba-4511010b0b8b,18d85bd6-434f-4849-a8ed-e849def21da9,new_logo,12,2025-01-01
ec847390-1f72-4f2c-aece-d6c8a794b9e6,2025-02,3257.01,2d01c096-8cc4-42ea-b8ba-4511010b0b8b,18d85bd6-434f-4849-a8ed-e849def21da9,new_logo,12,2025-02-01
ec847390-1f72-4f2c-aece-d6c8a794b9e6,2025-03,3257.01,2d01c096-8cc4-42ea-b8ba-4511010b0b8b,18d85bd6-434f-4849-a8ed-e849def21da9,new_logo,12,2025-03-01
ec847390-1f72-4f2c-aece-d6c8a794b9e6,2025-04,3257.01,2d01c096-8cc4-42ea-b8ba-4511010b0b8b,18d85bd6-434f-4849-a8ed-e849def21da9,new_logo,12,2025-04-01
ec847390-1f72-4f2c-aece-d6c8a794b9e6,2025-05,3257.01,2d01c096-8cc4-42ea-b8ba-4511010b0b8b,18d85bd6-434f-4849-a8ed-e849def21da9,new_logo,12,2025-05-01
ec847390-1f72-4f2c-aece-d6c8a794b9e6,2025-06,3257.01,2d01c096-8cc4-42ea-b8ba-4511010b0b8b,18d85bd6-434f-4849-a8ed-e849def21da9,new_logo,12,2025-06-01
f61e3218-5e2d-439b-8b66-aad1cb7e037e,2025-04,2093.51,271656b6-145b-43a3-aaf9-5ad846a1054b,902480f1-c6b9-4daa-a84d-873b6fb44cf9,renewal,12,2025-04-01
f61e3218-5e2d-439b-8b66-aad1cb7e037e,2025-05,2093.51,271656b6-145b-43a3-aaf9-5ad846a1054b,902480f1-c6b9-4daa-a84d-873b6fb44cf9,renewal,12,2025-05-01
f61e3218-5e2d-439b-8b66-aad1cb7e037e,2025-06,2093.51,271656b6-145b-43a3-aaf9-5ad846a1054b,902480f1-c6b9-4daa-a84d-873b6fb44cf9,renewal,12,2025-06-01
f61e3218-5e2d-439b-8b66-aad1cb7e037e,2025-07,2093.51,271656b6-145b-43a3-aaf9-5ad846a1054b,902480f1-c6b9-4daa-a84d-873b6fb44cf9,renewal,12,2025-07-01
f61e3218-5e2d-439b-8b66-aad1cb7e037e,2025-08,2093.51,271656b6-145b-43a3-aaf9-5ad846a1054b,902480f1-c6b9-4daa-a84d-873b6fb44cf9,renewal,12,2025-08-01
f61e3218-5e2d-439b-8b66-aad1cb7e037e,2025-09,2093.51,271656b6-145b-43a3-aaf9-5ad846a1054b,902480f1-c6b9-4daa-a84d-873b6fb44cf9,renewal,12,2025-09-01
f61e3218-5e2d-439b-8b66-aad1cb7e037e,2025-10,2093.51,271656b6-145b-43a3-aaf9-5ad846a1054b,902480f1-c6b9-4daa-a84d-873b6fb44cf9,renewal,12,2025-10-01
f61e3218-5e2d-439b-8b66-aad1cb7e037e,2025-11,2093.51,271656b6-145b-43a3-aaf9-5ad846a1054b,902480f1-c6b9-4daa-a84d-873b6fb44cf9,renewal,12,2025-11-01
f61e3218-5e2d-439b-8b66-aad1cb7e037e,2025-12,2093.51,271656b6-145b-43a3-aaf9-5ad846a1054b,902480f1-c6b9-4daa-a84d-873b6fb44cf9,renewal,12,2025-12-01
f61e3218-5e2d-439b-8b66-aad1cb7e037e,2026-01,2093.51,271656b6-145b-43a3-aaf9-5ad846a1054b,902480f1-c6b9-4daa-a84d-873b6fb44cf9,renewal,12,2026-01-01
f61e3218-5e2d-439b-8b66-aad1cb7e037e,2026-02,2093.51,271656b6-145b-43a3-aaf9-5ad846a1054b,902480f1-c6b9-4daa-a84d-873b6fb44cf9,renewal,12,2026-02-01
f61e3218-5e2d-439b-8b66-aad1cb7e037e,2026-03,2093.51,271656b6-145b-43a3-aaf9-5ad846a1054b,902480f1-c6b9-4daa-a84d-873b6fb44cf9,renewal,12,2026-03-01
f61e3218-5e2d-439b-8b66-aad1cb7e037e,2024-01,2563.19,b8d8224d-c0ff-45cb-99f6-45c78f117b3b,95b84996-af2e-4253-807b-e1f861178749,churn,12,2024-01-01
f61e3218-5e2d-439b-8b66-aad1cb7e037e,2024-02,2563.19,b8d8224d-c0ff-45cb-99f6-45c78f117b3b,95b84996-af2e-4253-807b-e1f861178749,churn,12,2024-02-01
f61e3218-5e2d-439b-8b66-aad1cb7e037e,2024-03,2563.19,b8d8224d-c0ff-45cb-99f6-45c78f117b3b,95b84996-af2e-4253-807b-e1f861178749,churn,12,2024-03-01
f61e3218-5e2d-439b-8b66-aad1cb7e037e,2024-04,2563.19,b8d8224d-c0ff-45cb-99f6-45c78f117b3b,95b84996-af2e-4253-807b-e1f861178749,churn,12,2024-04-01
f61e3218-5e2d-439b-8b66-aad1cb7e037e,2024-05,2563.19,b8d8224d-c0ff-45cb-99f6-45c78f117b3b,95b84996-af2e-4253-807b-e1f861178749,churn,12,2024-05-01
f61e3218-5e2d-439b-8b66-aad1cb7e037e,2024-06,2563.19,b8d8224d-c0ff-45cb-99f6-45c78f117b3b,95b84996-af2e-4253-807b-e1f861178749,churn,12,2024-06-01
f61e3218-5e2d-439b-8b66-aad1cb7e037e,2024-07,2563.19,b8d8224d-c0ff-45cb-99f6-45c78f117b3b,95b84996-af2e-4253-807b-e1f861178749,churn,12,2024-07-01
f61e3218-5e2d-439b-8b66-aad1cb7e037e,2024-08,2563.19,b8d8224d-c0ff-45cb-99f6-45c78f117b3b,95b84996-af2e-4253-807b-e1f861178749,churn,12,2024-08-01
f61e3218-5e2d-439b-8b66-aad1cb7e037e,2024-09,2563.19,b8d8224d-c0ff-45cb-99f6-45c78f117b3b,95b84996-af2e-4253-807b-e1f861178749,churn,12,2024-09-01
f61e3218-5e2d-439b-8b66-aad1cb7e037e,2024-10,2563.19,b8d8224d-c0ff-45cb-99f6-45c78f117b3b,95b84996-af2e-4253-807b-e1f861178749,churn,12,2024-10-01
f61e3218-5e2d-439b-8b66-aad1cb7e037e,2024-11,2563.19,b8d8224d-c0ff-45cb-99f6-45c78f117b3b,95b84996-af2e-4253-807b-e1f861178749,churn,12,2024-11-01
f61e3218-5e2d-439b-8b66-aad1cb7e037e,2024-12,2563.19,b8d8224d-c0ff-45cb-99f6-45c78f117b3b,95b84996-af2e-4253-807b-e1f861178749,churn,12,2024-12-01
29452830-c830-41dc-bde2-225c35008a56,2026-01,2827.89,2ad53939-f2e3-4e67-b526-227da738bd3c,5930d724-20f6-4114-8d25-8175365ea586,churn,12,2026-01-01
29452830-c830-41dc-bde2-225c35008a56,2026-02,2827.89,2ad53939-f2e3-4e67-b526-227da738bd3c,5930d724-20f6-4114-8d25-8175365ea586,churn,12,2026-02-01
29452830-c830-41dc-bde2-225c35008a56,2026-03,2827.89,2ad53939-f2e3-4e67-b526-227da738bd3c,5930d724-20f6-4114-8d25-8175365ea586,churn,12,2026-03-01
29452830-c830-41dc-bde2-225c35008a56,2026-04,2827.89,2ad53939-f2e3-4e67-b526-227da738bd3c,5930d724-20f6-4114-8d25-8175365ea586,churn,12,2026-04-01
29452830-c830-41dc-bde2-225c35008a56,2026-05,2827.89,2ad53939-f2e3-4e67-b526-227da738bd3c,5930d724-20f6-4114-8d25-8175365ea586,churn,12,2026-05-01
29452830-c830-41dc-bde2-225c35008a56,2026-06,2827.89,2ad53939-f2e3-4e67-b526-227da738bd3c,5930d724-20f6-4114-8d25-8175365ea586,churn,12,2026-06-01
29452830-c830-41dc-bde2-225c35008a56,2026-07,2827.89,2ad53939-f2e3-4e67-b526-227da738bd3c,5930d724-20f6-4114-8d25-8175365ea586,churn,12,2026-07-01
29452830-c830-41dc-bde2-225c35008a56,2026-08,2827.89,2ad53939-f2e3-4e67-b526-227da738bd3c,5930d724-20f6-4114-8d25-8175365ea586,churn,12,2026-08-01
29452830-c830-41dc-bde2-225c35008a56,2026-09,2827.89,2ad53939-f2e3-4e67-b526-227da738bd3c,5930d724-20f6-4114-8d25-8175365ea586,churn,12,2026-09-01
f61e3218-5e2d-439b-8b66-aad1cb7e037e,2026-05,4883.34,be40c0ca-500d-47a2-ad6d-d6c894a4b2bd,b88f946c-6601-464c-81de-a32e931a2b66,new_logo,12,2026-05-01
f61e3218-5e2d-439b-8b66-aad1cb7e037e,2026-06,4883.34,be40c0ca-500d-47a2-ad6d-d6c894a4b2bd,b88f946c-6601-464c-81de-a32e931a2b66,new_logo,12,2026-06-01
f61e3218-5e2d-439b-8b66-aad1cb7e037e,2026-07,4883.34,be40c0ca-500d-47a2-ad6d-d6c894a4b2bd,b88f946c-6601-464c-81de-a32e931a2b66,new_logo,12,2026-07-01
f61e3218-5e2d-439b-8b66-aad1cb7e037e,2026-08,4883.34,be40c0ca-500d-47a2-ad6d-d6c894a4b2bd,b88f946c-6601-464c-81de-a32e931a2b66,new_logo,12,2026-08-01
f61e3218-5e2d-439b-8b66-aad1cb7e037e,2026-09,4883.34,be40c0ca-500d-47a2-ad6d-d6c894a4b2bd,b88f946c-6601-464c-81de-a32e931a2b66,new_logo,12,2026-09-01
9895fd25-57cb-467c-b4fe-dab4d011b85f,2026-04,3249.74,164cb92b-86d2-440f-8dab-ce4af47b0644,2a6ea593-3db8-43e9-b7eb-59265fc34c63,renewal,12,2026-04-01
9895fd25-57cb-467c-b4fe-dab4d011b85f,2026-05,3249.74,164cb92b-86d2-440f-8dab-ce4af47b0644,2a6ea593-3db8-43e9-b7eb-59265fc34c63,renewal,12,2026-05-01
9895fd25-57cb-467c-b4fe-dab4d011b85f,2026-06,3249.74,164cb92b-86d2-440f-8dab-ce4af47b0644,2a6ea593-3db8-43e9-b7eb-59265fc34c63,renewal,12,2026-06-01
9895fd25-57cb-467c-b4fe-dab4d011b85f,2026-07,3249.74,164cb92b-86d2-440f-8dab-ce4af47b0644,2a6ea593-3db8-43e9-b7eb-59265fc34c63,renewal,12,2026-07-01
9895fd25-57cb-467c-b4fe-dab4d011b85f,2026-08,3249.74,164cb92b-86d2-440f-8dab-ce4af47b0644,2a6ea593-3db8-43e9-b7eb-59265fc34c63,renewal,12,2026-08-01
9895fd25-57cb-467c-b4fe-dab4d011b85f,2026-09,3249.74,164cb92b-86d2-440f-8dab-ce4af47b0644,2a6ea593-3db8-43e9-b7eb-59265fc34c63,renewal,12,2026-09-01
0cbf9a48-fbf3-4c51-b5ec-ac820e68f0b5,2026-09,3363.71,8a673a64-93e7-424f-b02e-b8cbed72774f,f5a37636-83f2-4981-acdb-578ebedca682,renewal,12,2026-09-01
0cbf9a48-fbf3-4c51-b5ec-ac820e68f0b5,2024-09,3127.34,6e72dfbc-9777-47b5-8699-58217ca73c91,36aa14a2-9dd4-48dd-a5af-83b599ed2258,churn,12,2024-09-01
0cbf9a48-fbf3-4c51-b5ec-ac820e68f0b5,2024-10,3127.34,6e72dfbc-9777-47b5-8699-58217ca73c91,36aa14a2-9dd4-48dd-a5af-83b599ed2258,churn,12,2024-10-01
0cbf9a48-fbf3-4c51-b5ec-ac820e68f0b5,2024-11,3127.34,6e72dfbc-9777-47b5-8699-58217ca73c91,36aa14a2-9dd4-48dd-a5af-83b599ed2258,churn,12,2024-11-01
0cbf9a48-fbf3-4c51-b5ec-ac820e68f0b5,2024-12,3127.34,6e72dfbc-9777-47b5-8699-58217ca73c91,36aa14a2-9dd4-48dd-a5af-83b599ed2258,churn,12,2024-12-01
0cbf9a48-fbf3-4c51-b5ec-ac820e68f0b5,2025-01,3127.34,6e72dfbc-9777-47b5-8699-58217ca73c91,36aa14a2-9dd4-48dd-a5af-83b599ed2258,churn,12,2025-01-01
0cbf9a48-fbf3-4c51-b5ec-ac820e68f0b5,2025-02,3127.34,6e72dfbc-9777-47b5-8699-58217ca73c91,36aa14a2-9dd4-48dd-a5af-83b599ed2258,churn,12,2025-02-01
0cbf9a48-fbf3-4c51-b5ec-ac820e68f0b5,2025-03,3127.34,6e72dfbc-9777-47b5-8699-58217ca73c91,36aa14a2-9dd4-48dd-a5af-83b599ed2258,churn,12,2025-03-01
0cbf9a48-fbf3-4c51-b5ec-ac820e68f0b5,2025-04,3127.34,6e72dfbc-9777-47b5-8699-58217ca73c91,36aa14a2-9dd4-48dd-a5af-83b599ed2258,churn,12,2025-04-01
0cbf9a48-fbf3-4c51-b5ec-ac820e68f0b5,2025-05,3127.34,6e72dfbc-9777-47b5-8699-58217ca73c91,36aa14a2-9dd4-48dd-a5af-83b599ed2258,churn,12,2025-05-01
0cbf9a48-fbf3-4c51-b5ec-ac820e68f0b5,2025-06,3127.34,6e72dfbc-9777-47b5-8699-58217ca73c91,36aa14a2-9dd4-48dd-a5af-83b599ed2258,churn,12,2025-06-01
0cbf9a48-fbf3-4c51-b5ec-ac820e68f0b5,2025-07,3127.34,6e72dfbc-9777-47b5-8699-58217ca73c91,36aa14a2-9dd4-48dd-a5af-83b599ed2258,churn,12,2025-07-01
0cbf9a48-fbf3-4c51-b5ec-ac820e68f0b5,2025-08,3127.34,6e72dfbc-9777-47b5-8699-58217ca73c91,36aa14a2-9dd4-48dd-a5af-83b599ed2258,churn,12,2025-08-01
f61e3218-5e2d-439b-8b66-aad1cb7e037e,2023-11,4466.88,10050498-068d-4743-b322-6680e9189a83,c08c1a5a-32cb-4d8b-95c5-614c916838eb,churn,12,2023-11-01
f61e3218-5e2d-439b-8b66-aad1cb7e037e,2023-12,4466.88,10050498-068d-4743-b322-6680e9189a83,c08c1a5a-32cb-4d8b-95c5-614c916838eb,churn,12,2023-12-01
f61e3218-5e2d-439b-8b66-aad1cb7e037e,2024-01,4466.88,10050498-068d-4743-b322-6680e9189a83,c08c1a5a-32cb-4d8b-95c5-614c916838eb,churn,12,2024-01-01
f61e3218-5e2d-439b-8b66-aad1cb7e037e,2024-02,4466.88,10050498-068d-4743-b322-6680e9189a83,c08c1a5a-32cb-4d8b-95c5-614c916838eb,churn,12,2024-02-01
f61e3218-5e2d-439b-8b66-aad1cb7e037e,2024-03,4466.88,10050498-068d-4743-b322-6680e9189a83,c08c1a5a-32cb-4d8b-95c5-614c916838eb,churn,12,2024-03-01
f61e3218-5e2d-439b-8b66-aad1cb7e037e,2024-04,4466.88,10050498-068d-4743-b322-6680e9189a83,c08c1a5a-32cb-4d8b-95c5-614c916838eb,churn,12,2024-04-01
f61e3218-5e2d-439b-8b66-aad1cb7e037e,2024-05,4466.88,10050498-068d-4743-b322-6680e9189a83,c08c1a5a-32cb-4d8b-95c5-614c916838eb,churn,12,2024-05-01
f61e3218-5e2d-439b-8b66-aad1cb7e037e,2024-06,4466.88,10050498-068d-4743-b322-6680e9189a83,c08c1a5a-32cb-4d8b-95c5-614c916838eb,churn,12,2024-06-01
f61e3218-5e2d-439b-8b66-aad1cb7e037e,2024-07,4466.88,10050498-068d-4743-b322-6680e9189a83,c08c1a5a-32cb-4d8b-95c5-614c916838eb,churn,12,2024-07-01
f61e3218-5e2d-439b-8b66-aad1cb7e037e,2024-08,4466.88,10050498-068d-4743-b322-6680e9189a83,c08c1a5a-32cb-4d8b-95c5-614c916838eb,churn,12,2024-08-01
f61e3218-5e2d-439b-8b66-aad1cb7e037e,2024-09,4466.88,10050498-068d-4743-b322-6680e9189a83,c08c1a5a-32cb-4d8b-95c5-614c916838eb,churn,12,2024-09-01
f61e3218-5e2d-439b-8b66-aad1cb7e037e,2024-10,4466.88,10050498-068d-4743-b322-6680e9189a83,c08c1a5a-32cb-4d8b-95c5-614c916838eb,churn,12,2024-10-01
f61e3218-5e2d-439b-8b66-aad1cb7e037e,2024-04,4124.78,64e2afd6-a308-40cc-b106-d4f2e94fce9f,b36d7a26-93dd-4618-b136-1e17c7662a01,new_logo,12,2024-04-01
f61e3218-5e2d-439b-8b66-aad1cb7e037e,2024-05,4124.78,64e2afd6-a308-40cc-b106-d4f2e94fce9f,b36d7a26-93dd-4618-b136-1e17c7662a01,new_logo,12,2024-05-01
f61e3218-5e2d-439b-8b66-aad1cb7e037e,2024-06,4124.78,64e2afd6-a308-40cc-b106-d4f2e94fce9f,b36d7a26-93dd-4618-b136-1e17c7662a01,new_logo,12,2024-06-01
f61e3218-5e2d-439b-8b66-aad1cb7e037e,2024-07,4124.78,64e2afd6-a308-40cc-b106-d4f2e94fce9f,b36d7a26-93dd-4618-b136-1e17c7662a01,new_logo,12,2024-07-01
f61e3218-5e2d-439b-8b66-aad1cb7e037e,2024-08,4124.78,64e2afd6-a308-40cc-b106-d4f2e94fce9f,b36d7a26-93dd-4618-b136-1e17c7662a01,new_logo,12,2024-08-01
f61e3218-5e2d-439b-8b66-aad1cb7e037e,2024-09,4124.78,64e2afd6-a308-40cc-b106-d4f2e94fce9f,b36d7a26-93dd-4618-b136-1e17c7662a01,new_logo,12,2024-09-01
f61e3218-5e2d-439b-8b66-aad1cb7e037e,2024-10,4124.78,64e2afd6-a308-40cc-b106-d4f2e94fce9f,b36d7a26-93dd-4618-b136-1e17c7662a01,new_logo,12,2024-10-01
f61e3218-5e2d-439b-8b66-aad1cb7e037e,2024-11,4124.78,64e2afd6-a308-40cc-b106-d4f2e94fce9f,b36d7a26-93dd-4618-b136-1e17c7662a01,new_logo,12,2024-11-01
f61e3218-5e2d-439b-8b66-aad1cb7e037e,2024-12,4124.78,64e2afd6-a308-40cc-b106-d4f2e94fce9f,b36d7a26-93dd-4618-b136-1e17c7662a01,new_logo,12,2024-12-01
f61e3218-5e2d-439b-8b66-aad1cb7e037e,2025-01,4124.78,64e2afd6-a308-40cc-b106-d4f2e94fce9f,b36d7a26-93dd-4618-b136-1e17c7662a01,new_logo,12,2025-01-01
f61e3218-5e2d-439b-8b66-aad1cb7e037e,2025-02,4124.78,64e2afd6-a308-40cc-b106-d4f2e94fce9f,b36d7a26-93dd-4618-b136-1e17c7662a01,new_logo,12,2025-02-01
f61e3218-5e2d-439b-8b66-aad1cb7e037e,2025-03,4124.78,64e2afd6-a308-40cc-b106-d4f2e94fce9f,b36d7a26-93dd-4618-b136-1e17c7662a01,new_logo,12,2025-03-01
0cbf9a48-fbf3-4c51-b5ec-ac820e68f0b5,2024-06,4009.08,6e72dfbc-9777-47b5-8699-58217ca73c91,3f3ebb3d-4a6a-468c-925a-2fbafda4c4aa,new_logo,12,2024-06-01
0cbf9a48-fbf3-4c51-b5ec-ac820e68f0b5,2024-07,4009.08,6e72dfbc-9777-47b5-8699-58217ca73c91,3f3ebb3d-4a6a-468c-925a-2fbafda4c4aa,new_logo,12,2024-07-01
0cbf9a48-fbf3-4c51-b5ec-ac820e68f0b5,2024-08,4009.08,6e72dfbc-9777-47b5-8699-58217ca73c91,3f3ebb3d-4a6a-468c-925a-2fbafda4c4aa,new_logo,12,2024-08-01
0cbf9a48-fbf3-4c51-b5ec-ac820e68f0b5,2024-09,4009.08,6e72dfbc-9777-47b5-8699-58217ca73c91,3f3ebb3d-4a6a-468c-925a-2fbafda4c4aa,new_logo,12,2024-09-01
0cbf9a48-fbf3-4c51-b5ec-ac820e68f0b5,2024-10,4009.08,6e72dfbc-9777-47b5-8699-58217ca73c91,3f3ebb3d-4a6a-468c-925a-2fbafda4c4aa,new_logo,12,2024-10-01
0cbf9a48-fbf3-4c51-b5ec-ac820e68f0b5,2024-11,4009.08,6e72dfbc-9777-47b5-8699-58217ca73c91,3f3ebb3d-4a6a-468c-925a-2fbafda4c4aa,new_logo,12,2024-11-01
0cbf9a48-fbf3-4c51-b5ec-ac820e68f0b5,2024-12,4009.08,6e72dfbc-9777-47b5-8699-58217ca73c91,3f3ebb3d-4a6a-468c-925a-2fbafda4c4aa,new_logo,12,2024-12-01
0cbf9a48-fbf3-4c51-b5ec-ac820e68f0b5,2025-01,4009.08,6e72dfbc-9777-47b5-8699-58217ca73c91,3f3ebb3d-4a6a-468c-925a-2fbafda4c4aa,new_logo,12,2025-01-01
0cbf9a48-fbf3-4c51-b5ec-ac820e68f0b5,2025-02,4009.08,6e72dfbc-9777-47b5-8699-58217ca73c91,3f3ebb3d-4a6a-468c-925a-2fbafda4c4aa,new_logo,12,2025-02-01
0cbf9a48-fbf3-4c51-b5ec-ac820e68f0b5,2025-03,4009.08,6e72dfbc-9777-47b5-8699-58217ca73c91,3f3ebb3d-4a6a-468c-925a-2fbafda4c4aa,new_logo,12,2025-03-01
0cbf9a48-fbf3-4c51-b5ec-ac820e68f0b5,2025-04,4009.08,6e72dfbc-9777-47b5-8699-58217ca73c91,3f3ebb3d-4a6a-468c-925a-2fbafda4c4aa,new_logo,12,2025-04-01
0cbf9a48-fbf3-4c51-b5ec-ac820e68f0b5,2025-05,4009.08,6e72dfbc-9777-47b5-8699-58217ca73c91,3f3ebb3d-4a6a-468c-925a-2fbafda4c4aa,new_logo,12,2025-05-01
0a6236fc-5bf0-447d-92fd-4eaca555dad6,2023-12,1639.14,7e0977d2-5159-42e5-98c3-e51d15dc70b6,2522088f-47ad-4d15-b128-79cdd5e9e7a2,new_logo,12,2023-12-01
0a6236fc-5bf0-447d-92fd-4eaca555dad6,2024-01,1639.14,7e0977d2-5159-42e5-98c3-e51d15dc70b6,2522088f-47ad-4d15-b128-79cdd5e9e7a2,new_logo,12,2024-01-01
0a6236fc-5bf0-447d-92fd-4eaca555dad6,2024-02,1639.14,7e0977d2-5159-42e5-98c3-e51d15dc70b6,2522088f-47ad-4d15-b128-79cdd5e9e7a2,new_logo,12,2024-02-01
0a6236fc-5bf0-447d-92fd-4eaca555dad6,2024-03,1639.14,7e0977d2-5159-42e5-98c3-e51d15dc70b6,2522088f-47ad-4d15-b128-79cdd5e9e7a2,new_logo,12,2024-03-01
0a6236fc-5bf0-447d-92fd-4eaca555dad6,2024-04,1639.14,7e0977d2-5159-42e5-98c3-e51d15dc70b6,2522088f-47ad-4d15-b128-79cdd5e9e7a2,new_logo,12,2024-04-01
0a6236fc-5bf0-447d-92fd-4eaca555dad6,2024-05,1639.14,7e0977d2-5159-42e5-98c3-e51d15dc70b6,2522088f-47ad-4d15-b128-79cdd5e9e7a2,new_logo,12,2024-05-01
0a6236fc-5bf0-447d-92fd-4eaca555dad6,2024-06,1639.14,7e0977d2-5159-42e5-98c3-e51d15dc70b6,2522088f-47ad-4d15-b128-79cdd5e9e7a2,new_logo,12,2024-06-01
0a6236fc-5bf0-447d-92fd-4eaca555dad6,2024-07,1639.14,7e0977d2-5159-42e5-98c3-e51d15dc70b6,2522088f-47ad-4d15-b128-79cdd5e9e7a2,new_logo,12,2024-07-01
0a6236fc-5bf0-447d-92fd-4eaca555dad6,2024-08,1639.14,7e0977d2-5159-42e5-98c3-e51d15dc70b6,2522088f-47ad-4d15-b128-79cdd5e9e7a2,new_logo,12,2024-08-01
0a6236fc-5bf0-447d-92fd-4eaca555dad6,2024-09,1639.14,7e0977d2-5159-42e5-98c3-e51d15dc70b6,2522088f-47ad-4d15-b128-79cdd5e9e7a2,new_logo,12,2024-09-01
0a6236fc-5bf0-447d-92fd-4eaca555dad6,2024-10,1639.14,7e0977d2-5159-42e5-98c3-e51d15dc70b6,2522088f-47ad-4d15-b128-79cdd5e9e7a2,new_logo,12,2024-10-01
0a6236fc-5bf0-447d-92fd-4eaca555dad6,2024-11,1639.14,7e0977d2-5159-42e5-98c3-e51d15dc70b6,2522088f-47ad-4d15-b128-79cdd5e9e7a2,new_logo,12,2024-11-01
564f69a7-9964-449d-a1ae-4e07a409b8a6,2025-01,3234.74,82045fe3-926b-44fd-9eb2-572107ca6ffc,c7b00d68-b165-403a-aa36-9fcaafa398be,churn,12,2025-01-01
564f69a7-9964-449d-a1ae-4e07a409b8a6,2025-02,3234.74,82045fe3-926b-44fd-9eb2-572107ca6ffc,c7b00d68-b165-403a-aa36-9fcaafa398be,churn,12,2025-02-01
564f69a7-9964-449d-a1ae-4e07a409b8a6,2025-03,3234.74,82045fe3-926b-44fd-9eb2-572107ca6ffc,c7b00d68-b165-403a-aa36-9fcaafa398be,churn,12,2025-03-01
564f69a7-9964-449d-a1ae-4e07a409b8a6,2025-04,3234.74,82045fe3-926b-44fd-9eb2-572107ca6ffc,c7b00d68-b165-403a-aa36-9fcaafa398be,churn,12,2025-04-01
564f69a7-9964-449d-a1ae-4e07a409b8a6,2025-05,3234.74,82045fe3-926b-44fd-9eb2-572107ca6ffc,c7b00d68-b165-403a-aa36-9fcaafa398be,churn,12,2025-05-01
564f69a7-9964-449d-a1ae-4e07a409b8a6,2025-06,3234.74,82045fe3-926b-44fd-9eb2-572107ca6ffc,c7b00d68-b165-403a-aa36-9fcaafa398be,churn,12,2025-06-01
564f69a7-9964-449d-a1ae-4e07a409b8a6,2025-07,3234.74,82045fe3-926b-44fd-9eb2-572107ca6ffc,c7b00d68-b165-403a-aa36-9fcaafa398be,churn,12,2025-07-01
564f69a7-9964-449d-a1ae-4e07a409b8a6,2025-08,3234.74,82045fe3-926b-44fd-9eb2-572107ca6ffc,c7b00d68-b165-403a-aa36-9fcaafa398be,churn,12,2025-08-01
564f69a7-9964-449d-a1ae-4e07a409b8a6,2025-09,3234.74,82045fe3-926b-44fd-9eb2-572107ca6ffc,c7b00d68-b165-403a-aa36-9fcaafa398be,churn,12,2025-09-01
564f69a7-9964-449d-a1ae-4e07a409b8a6,2025-10,3234.74,82045fe3-926b-44fd-9eb2-572107ca6ffc,c7b00d68-b165-403a-aa36-9fcaafa398be,churn,12,2025-10-01
564f69a7-9964-449d-a1ae-4e07a409b8a6,2025-11,3234.74,82045fe3-926b-44fd-9eb2-572107ca6ffc,c7b00d68-b165-403a-aa36-9fcaafa398be,churn,12,2025-11-01
564f69a7-9964-449d-a1ae-4e07a409b8a6,2025-12,3234.74,82045fe3-926b-44fd-9eb2-572107ca6ffc,c7b00d68-b165-403a-aa36-9fcaafa398be,churn,12,2025-12-01
2f57768e-edff-4eae-9153-eaeca2be9514,2025-04,1501.71,fcc13cf5-a9e0-4123-8cb9-95a63efa50c6,d7701524-9298-461d-81c3-52d0e66c3a90,renewal,12,2025-04-01
2f57768e-edff-4eae-9153-eaeca2be9514,2025-05,1501.71,fcc13cf5-a9e0-4123-8cb9-95a63efa50c6,d7701524-9298-461d-81c3-52d0e66c3a90,renewal,12,2025-05-01
2f57768e-edff-4eae-9153-eaeca2be9514,2025-06,1501.71,fcc13cf5-a9e0-4123-8cb9-95a63efa50c6,d7701524-9298-461d-81c3-52d0e66c3a90,renewal,12,2025-06-01
2f57768e-edff-4eae-9153-eaeca2be9514,2025-07,1501.71,fcc13cf5-a9e0-4123-8cb9-95a63efa50c6,d7701524-9298-461d-81c3-52d0e66c3a90,renewal,12,2025-07-01
2f57768e-edff-4eae-9153-eaeca2be9514,2025-08,1501.71,fcc13cf5-a9e0-4123-8cb9-95a63efa50c6,d7701524-9298-461d-81c3-52d0e66c3a90,renewal,12,2025-08-01
2f57768e-edff-4eae-9153-eaeca2be9514,2025-09,1501.71,fcc13cf5-a9e0-4123-8cb9-95a63efa50c6,d7701524-9298-461d-81c3-52d0e66c3a90,renewal,12,2025-09-01
2f57768e-edff-4eae-9153-eaeca2be9514,2025-10,1501.71,fcc13cf5-a9e0-4123-8cb9-95a63efa50c6,d7701524-9298-461d-81c3-52d0e66c3a90,renewal,12,2025-10-01
2f57768e-edff-4eae-9153-eaeca2be9514,2025-11,1501.71,fcc13cf5-a9e0-4123-8cb9-95a63efa50c6,d7701524-9298-461d-81c3-52d0e66c3a90,renewal,12,2025-11-01
2f57768e-edff-4eae-9153-eaeca2be9514,2025-12,1501.71,fcc13cf5-a9e0-4123-8cb9-95a63efa50c6,d7701524-9298-461d-81c3-52d0e66c3a90,renewal,12,2025-12-01
2f57768e-edff-4eae-9153-eaeca2be9514,2026-01,1501.71,fcc13cf5-a9e0-4123-8cb9-95a63efa50c6,d7701524-9298-461d-81c3-52d0e66c3a90,renewal,12,2026-01-01
2f57768e-edff-4eae-9153-eaeca2be9514,2026-02,1501.71,fcc13cf5-a9e0-4123-8cb9-95a63efa50c6,d7701524-9298-461d-81c3-52d0e66c3a90,renewal,12,2026-02-01
2f57768e-edff-4eae-9153-eaeca2be9514,2026-03,1501.71,fcc13cf5-a9e0-4123-8cb9-95a63efa50c6,d7701524-9298-461d-81c3-52d0e66c3a90,renewal,12,2026-03-01
fc933254-1509-4dc5-9dbf-67455f3bd728,2025-05,4227.21,23ee1932-d4b2-4523-8b55-2d9140936bf7,c7bfc19a-66eb-4cc6-9551-27f2c736ad60,churn,12,2025-05-01
fc933254-1509-4dc5-9dbf-67455f3bd728,2025-06,4227.21,23ee1932-d4b2-4523-8b55-2d9140936bf7,c7bfc19a-66eb-4cc6-9551-27f2c736ad60,churn,12,2025-06-01
fc933254-1509-4dc5-9dbf-67455f3bd728,2025-07,4227.21,23ee1932-d4b2-4523-8b55-2d9140936bf7,c7bfc19a-66eb-4cc6-9551-27f2c736ad60,churn,12,2025-07-01
fc933254-1509-4dc5-9dbf-67455f3bd728,2025-08,4227.21,23ee1932-d4b2-4523-8b55-2d9140936bf7,c7bfc19a-66eb-4cc6-9551-27f2c736ad60,churn,12,2025-08-01
fc933254-1509-4dc5-9dbf-67455f3bd728,2025-09,4227.21,23ee1932-d4b2-4523-8b55-2d9140936bf7,c7bfc19a-66eb-4cc6-9551-27f2c736ad60,churn,12,2025-09-01
fc933254-1509-4dc5-9dbf-67455f3bd728,2025-10,4227.21,23ee1932-d4b2-4523-8b55-2d9140936bf7,c7bfc19a-66eb-4cc6-9551-27f2c736ad60,churn,12,2025-10-01
fc933254-1509-4dc5-9dbf-67455f3bd728,2025-11,4227.21,23ee1932-d4b2-4523-8b55-2d9140936bf7,c7bfc19a-66eb-4cc6-9551-27f2c736ad60,churn,12,2025-11-01
fc933254-1509-4dc5-9dbf-67455f3bd728,2025-12,4227.21,23ee1932-d4b2-4523-8b55-2d9140936bf7,c7bfc19a-66eb-4cc6-9551-27f2c736ad60,churn,12,2025-12-01
fc933254-1509-4dc5-9dbf-67455f3bd728,2026-01,4227.21,23ee1932-d4b2-4523-8b55-2d9140936bf7,c7bfc19a-66eb-4cc6-9551-27f2c736ad60,churn,12,2026-01-01
fc933254-1509-4dc5-9dbf-67455f3bd728,2026-02,4227.21,23ee1932-d4b2-4523-8b55-2d9140936bf7,c7bfc19a-66eb-4cc6-9551-27f2c736ad60,churn,12,2026-02-01
fc933254-1509-4dc5-9dbf-67455f3bd728,2026-03,4227.21,23ee1932-d4b2-4523-8b55-2d9140936bf7,c7bfc19a-66eb-4cc6-9551-27f2c736ad60,churn,12,2026-03-01
fc933254-1509-4dc5-9dbf-67455f3bd728,2026-04,4227.21,23ee1932-d4b2-4523-8b55-2d9140936bf7,c7bfc19a-66eb-4cc6-9551-27f2c736ad60,churn,12,2026-04-01
9895fd25-57cb-467c-b4fe-dab4d011b85f,2025-09,3720.9,b8f3dd83-baae-49f3-aae1-6bc1f9f9bdcf,dee4559b-cbe3-4439-bddb-c912840c15e1,churn,12,2025-09-01
9895fd25-57cb-467c-b4fe-dab4d011b85f,2025-10,3720.9,b8f3dd83-baae-49f3-aae1-6bc1f9f9bdcf,dee4559b-cbe3-4439-bddb-c912840c15e1,churn,12,2025-10-01
9895fd25-57cb-467c-b4fe-dab4d011b85f,2025-11,3720.9,b8f3dd83-baae-49f3-aae1-6bc1f9f9bdcf,dee4559b-cbe3-4439-bddb-c912840c15e1,churn,12,2025-11-01
9895fd25-57cb-467c-b4fe-dab4d011b85f,2025-12,3720.9,b8f3dd83-baae-49f3-aae1-6bc1f9f9bdcf,dee4559b-cbe3-4439-bddb-c912840c15e1,churn,12,2025-12-01
9895fd25-57cb-467c-b4fe-dab4d011b85f,2026-01,3720.9,b8f3dd83-baae-49f3-aae1-6bc1f9f9bdcf,dee4559b-cbe3-4439-bddb-c912840c15e1,churn,12,2026-01-01
9895fd25-57cb-467c-b4fe-dab4d011b85f,2026-02,3720.9,b8f3dd83-baae-49f3-aae1-6bc1f9f9bdcf,dee4559b-cbe3-4439-bddb-c912840c15e1,churn,12,2026-02-01
9895fd25-57cb-467c-b4fe-dab4d011b85f,2026-03,3720.9,b8f3dd83-baae-49f3-aae1-6bc1f9f9bdcf,dee4559b-cbe3-4439-bddb-c912840c15e1,churn,12,2026-03-01
9895fd25-57cb-467c-b4fe-dab4d011b85f,2026-04,3720.9,b8f3dd83-baae-49f3-aae1-6bc1f9f9bdcf,dee4559b-cbe3-4439-bddb-c912840c15e1,churn,12,2026-04-01
9895fd25-57cb-467c-b4fe-dab4d011b85f,2026-05,3720.9,b8f3dd83-baae-49f3-aae1-6bc1f9f9bdcf,dee4559b-cbe3-4439-bddb-c912840c15e1,churn,12,2026-05-01
9895fd25-57cb-467c-b4fe-dab4d011b85f,2026-06,3720.9,b8f3dd83-baae-49f3-aae1-6bc1f9f9bdcf,dee4559b-cbe3-4439-bddb-c912840c15e1,churn,12,2026-06-01
9895fd25-57cb-467c-b4fe-dab4d011b85f,2026-07,3720.9,b8f3dd83-baae-49f3-aae1-6bc1f9f9bdcf,dee4559b-cbe3-4439-bddb-c912840c15e1,churn,12,2026-07-01
9895fd25-57cb-467c-b4fe-dab4d011b85f,2026-08,3720.9,b8f3dd83-baae-49f3-aae1-6bc1f9f9bdcf,dee4559b-cbe3-4439-bddb-c912840c15e1,churn,12,2026-08-01
29452830-c830-41dc-bde2-225c35008a56,2026-07,778.89,c3b23987-4a7d-4002-a79c-cf27cf1f64e1,401d5059-4aa3-4a9a-ab70-87b0e5b43fb1,new_logo,12,2026-07-01
29452830-c830-41dc-bde2-225c35008a56,2026-08,778.89,c3b23987-4a7d-4002-a79c-cf27cf1f64e1,401d5059-4aa3-4a9a-ab70-87b0e5b43fb1,new_logo,12,2026-08-01
29452830-c830-41dc-bde2-225c35008a56,2026-09,778.89,c3b23987-4a7d-4002-a79c-cf27cf1f64e1,401d5059-4aa3-4a9a-ab70-87b0e5b43fb1,new_logo,12,2026-09-01
2f57768e-edff-4eae-9153-eaeca2be9514,2024-04,2604.97,574b29ba-56c2-48aa-a8a1-0cd881f61288,a0ec9839-08c6-4bec-a936-a38d5e3790e4,new_logo,12,2024-04-01
2f57768e-edff-4eae-9153-eaeca2be9514,2024-05,2604.97,574b29ba-56c2-48aa-a8a1-0cd881f61288,a0ec9839-08c6-4bec-a936-a38d5e3790e4,new_logo,12,2024-05-01
2f57768e-edff-4eae-9153-eaeca2be9514,2024-06,2604.97,574b29ba-56c2-48aa-a8a1-0cd881f61288,a0ec9839-08c6-4bec-a936-a38d5e3790e4,new_logo,12,2024-06-01
2f57768e-edff-4eae-9153-eaeca2be9514,2024-07,2604.97,574b29ba-56c2-48aa-a8a1-0cd881f61288,a0ec9839-08c6-4bec-a936-a38d5e3790e4,new_logo,12,2024-07-01
2f57768e-edff-4eae-9153-eaeca2be9514,2024-08,2604.97,574b29ba-56c2-48aa-a8a1-0cd881f61288,a0ec9839-08c6-4bec-a936-a38d5e3790e4,new_logo,12,2024-08-01
2f57768e-edff-4eae-9153-eaeca2be9514,2024-09,2604.97,574b29ba-56c2-48aa-a8a1-0cd881f61288,a0ec9839-08c6-4bec-a936-a38d5e3790e4,new_logo,12,2024-09-01
2f57768e-edff-4eae-9153-eaeca2be9514,2024-10,2604.97,574b29ba-56c2-48aa-a8a1-0cd881f61288,a0ec9839-08c6-4bec-a936-a38d5e3790e4,new_logo,12,2024-10-01
2f57768e-edff-4eae-9153-eaeca2be9514,2024-11,2604.97,574b29ba-56c2-48aa-a8a1-0cd881f61288,a0ec9839-08c6-4bec-a936-a38d5e3790e4,new_logo,12,2024-11-01
2f57768e-edff-4eae-9153-eaeca2be9514,2024-12,2604.97,574b29ba-56c2-48aa-a8a1-0cd881f61288,a0ec9839-08c6-4bec-a936-a38d5e3790e4,new_logo,12,2024-12-01
2f57768e-edff-4eae-9153-eaeca2be9514,2025-01,2604.97,574b29ba-56c2-48aa-a8a1-0cd881f61288,a0ec9839-08c6-4bec-a936-a38d5e3790e4,new_logo,12,2025-01-01
2f57768e-edff-4eae-9153-eaeca2be9514,2025-02,2604.97,574b29ba-56c2-48aa-a8a1-0cd881f61288,a0ec9839-08c6-4bec-a936-a38d5e3790e4,new_logo,12,2025-02-01
2f57768e-edff-4eae-9153-eaeca2be9514,2025-03,2604.97,574b29ba-56c2-48aa-a8a1-0cd881f61288,a0ec9839-08c6-4bec-a936-a38d5e3790e4,new_logo,12,2025-03-01
0cbf9a48-fbf3-4c51-b5ec-ac820e68f0b5,2026-01,4485.76,8fda775a-2d1c-423f-a783-114f385cf6bf,f91feb2b-701e-4330-a54f-d4942bbbad75,new_logo,12,2026-01-01
0cbf9a48-fbf3-4c51-b5ec-ac820e68f0b5,2026-02,4485.76,8fda775a-2d1c-423f-a783-114f385cf6bf,f91feb2b-701e-4330-a54f-d4942bbbad75,new_logo,12,2026-02-01
0cbf9a48-fbf3-4c51-b5ec-ac820e68f0b5,2026-03,4485.76,8fda775a-2d1c-423f-a783-114f385cf6bf,f91feb2b-701e-4330-a54f-d4942bbbad75,new_logo,12,2026-03-01
0cbf9a48-fbf3-4c51-b5ec-ac820e68f0b5,2026-04,4485.76,8fda775a-2d1c-423f-a783-114f385cf6bf,f91feb2b-701e-4330-a54f-d4942bbbad75,new_logo,12,2026-04-01
0cbf9a48-fbf3-4c51-b5ec-ac820e68f0b5,2026-05,4485.76,8fda775a-2d1c-423f-a783-114f385cf6bf,f91feb2b-701e-4330-a54f-d4942bbbad75,new_logo,12,2026-05-01
0cbf9a48-fbf3-4c51-b5ec-ac820e68f0b5,2026-06,4485.76,8fda775a-2d1c-423f-a783-114f385cf6bf,f91feb2b-701e-4330-a54f-d4942bbbad75,new_logo,12,2026-06-01
0cbf9a48-fbf3-4c51-b5ec-ac820e68f0b5,2026-07,4485.76,8fda775a-2d1c-423f-a783-114f385cf6bf,f91feb2b-701e-4330-a54f-d4942bbbad75,new_logo,12,2026-07-01
0cbf9a48-fbf3-4c51-b5ec-ac820e68f0b5,2026-08,4485.76,8fda775a-2d1c-423f-a783-114f385cf6bf,f91feb2b-701e-4330-a54f-d4942bbbad75,new_logo,12,2026-08-01
0cbf9a48-fbf3-4c51-b5ec-ac820e68f0b5,2026-09,4485.76,8fda775a-2d1c-423f-a783-114f385cf6bf,f91feb2b-701e-4330-a54f-d4942bbbad75,new_logo,12,2026-09-01
2f57768e-edff-4eae-9153-eaeca2be9514,2026-09,3882.49,164cb92b-86d2-440f-8dab-ce4af47b0644,c64e7042-6f00-4f74-a136-db627f0ad325,churn,12,2026-09-01
2f57768e-edff-4eae-9153-eaeca2be9514,2025-10,4594.73,da846000-e859-4ee2-9c06-9bd273059b85,b2dc29b5-3cff-4e22-aa8c-a6f0098fe53f,renewal,12,2025-10-01
2f57768e-edff-4eae-9153-eaeca2be9514,2025-11,4594.73,da846000-e859-4ee2-9c06-9bd273059b85,b2dc29b5-3cff-4e22-aa8c-a6f0098fe53f,renewal,12,2025-11-01
2f57768e-edff-4eae-9153-eaeca2be9514,2025-12,4594.73,da846000-e859-4ee2-9c06-9bd273059b85,b2dc29b5-3cff-4e22-aa8c-a6f0098fe53f,renewal,12,2025-12-01
2f57768e-edff-4eae-9153-eaeca2be9514,2026-01,4594.73,da846000-e859-4ee2-9c06-9bd273059b85,b2dc29b5-3cff-4e22-aa8c-a6f0098fe53f,renewal,12,2026-01-01
2f57768e-edff-4eae-9153-eaeca2be9514,2026-02,4594.73,da846000-e859-4ee2-9c06-9bd273059b85,b2dc29b5-3cff-4e22-aa8c-a6f0098fe53f,renewal,12,2026-02-01
2f57768e-edff-4eae-9153-eaeca2be9514,2026-03,4594.73,da846000-e859-4ee2-9c06-9bd273059b85,b2dc29b5-3cff-4e22-aa8c-a6f0098fe53f,renewal,12,2026-03-01
2f57768e-edff-4eae-9153-eaeca2be9514,2026-04,4594.73,da846000-e859-4ee2-9c06-9bd273059b85,b2dc29b5-3cff-4e22-aa8c-a6f0098fe53f,renewal,12,2026-04-01
2f57768e-edff-4eae-9153-eaeca2be9514,2026-05,4594.73,da846000-e859-4ee2-9c06-9bd273059b85,b2dc29b5-3cff-4e22-aa8c-a6f0098fe53f,renewal,12,2026-05-01
2f57768e-edff-4eae-9153-eaeca2be9514,2026-06,4594.73,da846000-e859-4ee2-9c06-9bd273059b85,b2dc29b5-3cff-4e22-aa8c-a6f0098fe53f,renewal,12,2026-06-01
2f57768e-edff-4eae-9153-eaeca2be9514,2026-07,4594.73,da846000-e859-4ee2-9c06-9bd273059b85,b2dc29b5-3cff-4e22-aa8c-a6f0098fe53f,renewal,12,2026-07-01
2f57768e-edff-4eae-9153-eaeca2be9514,2026-08,4594.73,da846000-e859-4ee2-9c06-9bd273059b85,b2dc29b5-3cff-4e22-aa8c-a6f0098fe53f,renewal,12,2026-08-01
2f57768e-edff-4eae-9153-eaeca2be9514,2026-09,4594.73,da846000-e859-4ee2-9c06-9bd273059b85,b2dc29b5-3cff-4e22-aa8c-a6f0098fe53f,renewal,12,2026-09-01
564f69a7-9964-449d-a1ae-4e07a409b8a6,2025-07,4609.23,164cb92b-86d2-440f-8dab-ce4af47b0644,1e063f0a-72a3-4e8d-b9a2-1ec0c0f2f2bc,renewal,12,2025-07-01
564f69a7-9964-449d-a1ae-4e07a409b8a6,2025-08,4609.23,164cb92b-86d2-440f-8dab-ce4af47b0644,1e063f0a-72a3-4e8d-b9a2-1ec0c0f2f2bc,renewal,12,2025-08-01
564f69a7-9964-449d-a1ae-4e07a409b8a6,2025-09,4609.23,164cb92b-86d2-440f-8dab-ce4af47b0644,1e063f0a-72a3-4e8d-b9a2-1ec0c0f2f2bc,renewal,12,2025-09-01
564f69a7-9964-449d-a1ae-4e07a409b8a6,2025-10,4609.23,164cb92b-86d2-440f-8dab-ce4af47b0644,1e063f0a-72a3-4e8d-b9a2-1ec0c0f2f2bc,renewal,12,2025-10-01
564f69a7-9964-449d-a1ae-4e07a409b8a6,2025-11,4609.23,164cb92b-86d2-440f-8dab-ce4af47b0644,1e063f0a-72a3-4e8d-b9a2-1ec0c0f2f2bc,renewal,12,2025-11-01
564f69a7-9964-449d-a1ae-4e07a409b8a6,2025-12,4609.23,164cb92b-86d2-440f-8dab-ce4af47b0644,1e063f0a-72a3-4e8d-b9a2-1ec0c0f2f2bc,renewal,12,2025-12-01
564f69a7-9964-449d-a1ae-4e07a409b8a6,2026-01,4609.23,164cb92b-86d2-440f-8dab-ce4af47b0644,1e063f0a-72a3-4e8d-b9a2-1ec0c0f2f2bc,renewal,12,2026-01-01
564f69a7-9964-449d-a1ae-4e07a409b8a6,2026-02,4609.23,164cb92b-86d2-440f-8dab-ce4af47b0644,1e063f0a-72a3-4e8d-b9a2-1ec0c0f2f2bc,renewal,12,2026-02-01
564f69a7-9964-449d-a1ae-4e07a409b8a6,2026-03,4609.23,164cb92b-86d2-440f-8dab-ce4af47b0644,1e063f0a-72a3-4e8d-b9a2-1ec0c0f2f2bc,renewal,12,2026-03-01
564f69a7-9964-449d-a1ae-4e07a409b8a6,2026-04,4609.23,164cb92b-86d2-440f-8dab-ce4af47b0644,1e063f0a-72a3-4e8d-b9a2-1ec0c0f2f2bc,renewal,12,2026-04-01
564f69a7-9964-449d-a1ae-4e07a409b8a6,2026-05,4609.23,164cb92b-86d2-440f-8dab-ce4af47b0644,1e063f0a-72a3-4e8d-b9a2-1ec0c0f2f2bc,renewal,12,2026-05-01
564f69a7-9964-449d-a1ae-4e07a409b8a6,2026-06,4609.23,164cb92b-86d2-440f-8dab-ce4af47b0644,1e063f0a-72a3-4e8d-b9a2-1ec0c0f2f2bc,renewal,12,2026-06-01
0a6236fc-5bf0-447d-92fd-4eaca555dad6,2026-04,2552.52,94627d71-c503-41f8-b721-d031cc8cf4c4,1dfcbd6d-a584-4bfc-85f0-b7a1b0c7e434,renewal,12,2026-04-01
0a6236fc-5bf0-447d-92fd-4eaca555dad6,2026-05,2552.52,94627d71-c503-41f8-b721-d031cc8cf4c4,1dfcbd6d-a584-4bfc-85f0-b7a1b0c7e434,renewal,12,2026-05-01
0a6236fc-5bf0-447d-92fd-4eaca555dad6,2026-06,2552.52,94627d71-c503-41f8-b721-d031cc8cf4c4,1dfcbd6d-a584-4bfc-85f0-b7a1b0c7e434,renewal,12,2026-06-01
0a6236fc-5bf0-447d-92fd-4eaca555dad6,2026-07,2552.52,94627d71-c503-41f8-b721-d031cc8cf4c4,1dfcbd6d-a584-4bfc-85f0-b7a1b0c7e434,renewal,12,2026-07-01
0a6236fc-5bf0-447d-92fd-4eaca555dad6,2026-08,2552.52,94627d71-c503-41f8-b721-d031cc8cf4c4,1dfcbd6d-a584-4bfc-85f0-b7a1b0c7e434,renewal,12,2026-08-01
0a6236fc-5bf0-447d-92fd-4eaca555dad6,2026-09,2552.52,94627d71-c503-41f8-b721-d031cc8cf4c4,1dfcbd6d-a584-4bfc-85f0-b7a1b0c7e434,renewal,12,2026-09-01
29452830-c830-41dc-bde2-225c35008a56,2023-10,3814.07,a60f4ecc-7166-45ec-a983-94600a12fdd1,d0cc89af-9b36-4397-85f6-4d80714ed286,renewal,12,2023-10-01
29452830-c830-41dc-bde2-225c35008a56,2023-11,3814.07,a60f4ecc-7166-45ec-a983-94600a12fdd1,d0cc89af-9b36-4397-85f6-4d80714ed286,renewal,12,2023-11-01
29452830-c830-41dc-bde2-225c35008a56,2023-12,3814.07,a60f4ecc-7166-45ec-a983-94600a12fdd1,d0cc89af-9b36-4397-85f6-4d80714ed286,renewal,12,2023-12-01
29452830-c830-41dc-bde2-225c35008a56,2024-01,3814.07,a60f4ecc-7166-45ec-a983-94600a12fdd1,d0cc89af-9b36-4397-85f6-4d80714ed286,renewal,12,2024-01-01
29452830-c830-41dc-bde2-225c35008a56,2024-02,3814.07,a60f4ecc-7166-45ec-a983-94600a12fdd1,d0cc89af-9b36-4397-85f6-4d80714ed286,renewal,12,2024-02-01
29452830-c830-41dc-bde2-225c35008a56,2024-03,3814.07,a60f4ecc-7166-45ec-a983-94600a12fdd1,d0cc89af-9b36-4397-85f6-4d80714ed286,renewal,12,2024-03-01
29452830-c830-41dc-bde2-225c35008a56,2024-04,3814.07,a60f4ecc-7166-45ec-a983-94600a12fdd1,d0cc89af-9b36-4397-85f6-4d80714ed286,renewal,12,2024-04-01
29452830-c830-41dc-bde2-225c35008a56,2024-05,3814.07,a60f4ecc-7166-45ec-a983-94600a12fdd1,d0cc89af-9b36-4397-85f6-4d80714ed286,renewal,12,2024-05-01
29452830-c830-41dc-bde2-225c35008a56,2024-06,3814.07,a60f4ecc-7166-45ec-a983-94600a12fdd1,d0cc89af-9b36-4397-85f6-4d80714ed286,renewal,12,2024-06-01
29452830-c830-41dc-bde2-225c35008a56,2024-07,3814.07,a60f4ecc-7166-45ec-a983-94600a12fdd1,d0cc89af-9b36-4397-85f6-4d80714ed286,renewal,12,2024-07-01
29452830-c830-41dc-bde2-225c35008a56,2024-08,3814.07,a60f4ecc-7166-45ec-a983-94600a12fdd1,d0cc89af-9b36-4397-85f6-4d80714ed286,renewal,12,2024-08-01
29452830-c830-41dc-bde2-225c35008a56,2024-09,3814.07,a60f4ecc-7166-45ec-a983-94600a12fdd1,d0cc89af-9b36-4397-85f6-4d80714ed286,renewal,12,2024-09-01
9895fd25-57cb-467c-b4fe-dab4d011b85f,2026-09,778.84,91673b2f-f560-409a-8cea-485640602877,53ada2f9-d00b-489d-8d43-d099acc2dc73,churn,12,2026-09-01
e86a69d9-3595-4c07-9821-248f968e091d,2025-03,4484.62,8eebf9cf-856e-45b4-9dd1-4b523a956a25,efe25d77-8003-40e7-bb26-89dc188cfa17,new_logo,12,2025-03-01
e86a69d9-3595-4c07-9821-248f968e091d,2025-04,4484.62,8eebf9cf-856e-45b4-9dd1-4b523a956a25,efe25d77-8003-40e7-bb26-89dc188cfa17,new_logo,12,2025-04-01
e86a69d9-3595-4c07-9821-248f968e091d,2025-05,4484.62,8eebf9cf-856e-45b4-9dd1-4b523a956a25,efe25d77-8003-40e7-bb26-89dc188cfa17,new_logo,12,2025-05-01
e86a69d9-3595-4c07-9821-248f968e091d,2025-06,4484.62,8eebf9cf-856e-45b4-9dd1-4b523a956a25,efe25d77-8003-40e7-bb26-89dc188cfa17,new_logo,12,2025-06-01
e86a69d9-3595-4c07-9821-248f968e091d,2025-07,4484.62,8eebf9cf-856e-45b4-9dd1-4b523a956a25,efe25d77-8003-40e7-bb26-89dc188cfa17,new_logo,12,2025-07-01
e86a69d9-3595-4c07-9821-248f968e091d,2025-08,4484.62,8eebf9cf-856e-45b4-9dd1-4b523a956a25,efe25d77-8003-40e7-bb26-89dc188cfa17,new_logo,12,2025-08-01
e86a69d9-3595-4c07-9821-248f968e091d,2025-09,4484.62,8eebf9cf-856e-45b4-9dd1-4b523a956a25,efe25d77-8003-40e7-bb26-89dc188cfa17,new_logo,12,2025-09-01
e86a69d9-3595-4c07-9821-248f968e091d,2025-10,4484.62,8eebf9cf-856e-45b4-9dd1-4b523a956a25,efe25d77-8003-40e7-bb26-89dc188cfa17,new_logo,12,2025-10-01
e86a69d9-3595-4c07-9821-248f968e091d,2025-11,4484.62,8eebf9cf-856e-45b4-9dd1-4b523a956a25,efe25d77-8003-40e7-bb26-89dc188cfa17,new_logo,12,2025-11-01
e86a69d9-3595-4c07-9821-248f968e091d,2025-12,4484.62,8eebf9cf-856e-45b4-9dd1-4b523a956a25,efe25d77-8003-40e7-bb26-89dc188cfa17,new_logo,12,2025-12-01
e86a69d9-3595-4c07-9821-248f968e091d,2026-01,4484.62,8eebf9cf-856e-45b4-9dd1-4b523a956a25,efe25d77-8003-40e7-bb26-89dc188cfa17,new_logo,12,2026-01-01
e86a69d9-3595-4c07-9821-248f968e091d,2026-02,4484.62,8eebf9cf-856e-45b4-9dd1-4b523a956a25,efe25d77-8003-40e7-bb26-89dc188cfa17,new_logo,12,2026-02-01
d446139e-1ade-41f0-b434-bfe1859dccfe,2026-08,1357.36,189e9d2b-112f-443f-b430-267e8695b2e4,2e1dbb23-a984-42ee-8fc7-df5678875f3b,new_logo,12,2026-08-01
d446139e-1ade-41f0-b434-bfe1859dccfe,2026-09,1357.36,189e9d2b-112f-443f-b430-267e8695b2e4,2e1dbb23-a984-42ee-8fc7-df5678875f3b,new_logo,12,2026-09-01
e6e3da5c-10ac-46fc-bbd8-7e5378e7d631,2023-12,2409.04,2b56be94-9289-404a-824c-997e5baa6c7c,4026ac51-932f-447e-b82d-d2b9264464f4,renewal,12,2023-12-01
e6e3da5c-10ac-46fc-bbd8-7e5378e7d631,2024-01,2409.04,2b56be94-9289-404a-824c-997e5baa6c7c,4026ac51-932f-447e-b82d-d2b9264464f4,renewal,12,2024-01-01
e6e3da5c-10ac-46fc-bbd8-7e5378e7d631,2024-02,2409.04,2b56be94-9289-404a-824c-997e5baa6c7c,4026ac51-932f-447e-b82d-d2b9264464f4,renewal,12,2024-02-01
e6e3da5c-10ac-46fc-bbd8-7e5378e7d631,2024-03,2409.04,2b56be94-9289-404a-824c-997e5baa6c7c,4026ac51-932f-447e-b82d-d2b9264464f4,renewal,12,2024-03-01
e6e3da5c-10ac-46fc-bbd8-7e5378e7d631,2024-04,2409.04,2b56be94-9289-404a-824c-997e5baa6c7c,4026ac51-932f-447e-b82d-d2b9264464f4,renewal,12,2024-04-01
e6e3da5c-10ac-46fc-bbd8-7e5378e7d631,2024-05,2409.04,2b56be94-9289-404a-824c-997e5baa6c7c,4026ac51-932f-447e-b82d-d2b9264464f4,renewal,12,2024-05-01
e6e3da5c-10ac-46fc-bbd8-7e5378e7d631,2024-06,2409.04,2b56be94-9289-404a-824c-997e5baa6c7c,4026ac51-932f-447e-b82d-d2b9264464f4,renewal,12,2024-06-01
e6e3da5c-10ac-46fc-bbd8-7e5378e7d631,2024-07,2409.04,2b56be94-9289-404a-824c-997e5baa6c7c,4026ac51-932f-447e-b82d-d2b9264464f4,renewal,12,2024-07-01
e6e3da5c-10ac-46fc-bbd8-7e5378e7d631,2024-08,2409.04,2b56be94-9289-404a-824c-997e5baa6c7c,4026ac51-932f-447e-b82d-d2b9264464f4,renewal,12,2024-08-01
e6e3da5c-10ac-46fc-bbd8-7e5378e7d631,2024-09,2409.04,2b56be94-9289-404a-824c-997e5baa6c7c,4026ac51-932f-447e-b82d-d2b9264464f4,renewal,12,2024-09-01
e6e3da5c-10ac-46fc-bbd8-7e5378e7d631,2024-10,2409.04,2b56be94-9289-404a-824c-997e5baa6c7c,4026ac51-932f-447e-b82d-d2b9264464f4,renewal,12,2024-10-01
e6e3da5c-10ac-46fc-bbd8-7e5378e7d631,2024-11,2409.04,2b56be94-9289-404a-824c-997e5baa6c7c,4026ac51-932f-447e-b82d-d2b9264464f4,renewal,12,2024-11-01
29452830-c830-41dc-bde2-225c35008a56,2023-12,325.44,9b0539c0-04d0-4be0-9bdd-8e450a1c46a1,a07c95fe-2040-43b1-be76-35cf295ca2fd,churn,12,2023-12-01
29452830-c830-41dc-bde2-225c35008a56,2024-01,325.44,9b0539c0-04d0-4be0-9bdd-8e450a1c46a1,a07c95fe-2040-43b1-be76-35cf295ca2fd,churn,12,2024-01-01
29452830-c830-41dc-bde2-225c35008a56,2024-02,325.44,9b0539c0-04d0-4be0-9bdd-8e450a1c46a1,a07c95fe-2040-43b1-be76-35cf295ca2fd,churn,12,2024-02-01
29452830-c830-41dc-bde2-225c35008a56,2024-03,325.44,9b0539c0-04d0-4be0-9bdd-8e450a1c46a1,a07c95fe-2040-43b1-be76-35cf295ca2fd,churn,12,2024-03-01
29452830-c830-41dc-bde2-225c35008a56,2024-04,325.44,9b0539c0-04d0-4be0-9bdd-8e450a1c46a1,a07c95fe-2040-43b1-be76-35cf295ca2fd,churn,12,2024-04-01
29452830-c830-41dc-bde2-225c35008a56,2024-05,325.44,9b0539c0-04d0-4be0-9bdd-8e450a1c46a1,a07c95fe-2040-43b1-be76-35cf295ca2fd,churn,12,2024-05-01
29452830-c830-41dc-bde2-225c35008a56,2024-06,325.44,9b0539c0-04d0-4be0-9bdd-8e450a1c46a1,a07c95fe-2040-43b1-be76-35cf295ca2fd,churn,12,2024-06-01
29452830-c830-41dc-bde2-225c35008a56,2024-07,325.44,9b0539c0-04d0-4be0-9bdd-8e450a1c46a1,a07c95fe-2040-43b1-be76-35cf295ca2fd,churn,12,2024-07-01
29452830-c830-41dc-bde2-225c35008a56,2024-08,325.44,9b0539c0-04d0-4be0-9bdd-8e450a1c46a1,a07c95fe-2040-43b1-be76-35cf295ca2fd,churn,12,2024-08-01
29452830-c830-41dc-bde2-225c35008a56,2024-09,325.44,9b0539c0-04d0-4be0-9bdd-8e450a1c46a1,a07c95fe-2040-43b1-be76-35cf295ca2fd,churn,12,2024-09-01
29452830-c830-41dc-bde2-225c35008a56,2024-10,325.44,9b0539c0-04d0-4be0-9bdd-8e450a1c46a1,a07c95fe-2040-43b1-be76-35cf295ca2fd,churn,12,2024-10-01
29452830-c830-41dc-bde2-225c35008a56,2024-11,325.44,9b0539c0-04d0-4be0-9bdd-8e450a1c46a1,a07c95fe-2040-43b1-be76-35cf295ca2fd,churn,12,2024-11-01
ec847390-1f72-4f2c-aece-d6c8a794b9e6,2026-01,711.21,f6ce7c39-fee3-4e75-8016-e55078e69ee0,a4bcd2c6-1752-43e9-8d82-008b8b65496f,renewal,12,2026-01-01
ec847390-1f72-4f2c-aece-d6c8a794b9e6,2026-02,711.21,f6ce7c39-fee3-4e75-8016-e55078e69ee0,a4bcd2c6-1752-43e9-8d82-008b8b65496f,renewal,12,2026-02-01
ec847390-1f72-4f2c-aece-d6c8a794b9e6,2026-03,711.21,f6ce7c39-fee3-4e75-8016-e55078e69ee0,a4bcd2c6-1752-43e9-8d82-008b8b65496f,renewal,12,2026-03-01
ec847390-1f72-4f2c-aece-d6c8a794b9e6,2026-04,711.21,f6ce7c39-fee3-4e75-8016-e55078e69ee0,a4bcd2c6-1752-43e9-8d82-008b8b65496f,renewal,12,2026-04-01
ec847390-1f72-4f2c-aece-d6c8a794b9e6,2026-05,711.21,f6ce7c39-fee3-4e75-8016-e55078e69ee0,a4bcd2c6-1752-43e9-8d82-008b8b65496f,renewal,12,2026-05-01
ec847390-1f72-4f2c-aece-d6c8a794b9e6,2026-06,711.21,f6ce7c39-fee3-4e75-8016-e55078e69ee0,a4bcd2c6-1752-43e9-8d82-008b8b65496f,renewal,12,2026-06-01
ec847390-1f72-4f2c-aece-d6c8a794b9e6,2026-07,711.21,f6ce7c39-fee3-4e75-8016-e55078e69ee0,a4bcd2c6-1752-43e9-8d82-008b8b65496f,renewal,12,2026-07-01
ec847390-1f72-4f2c-aece-d6c8a794b9e6,2026-08,711.21,f6ce7c39-fee3-4e75-8016-e55078e69ee0,a4bcd2c6-1752-43e9-8d82-008b8b65496f,renewal,12,2026-08-01
ec847390-1f72-4f2c-aece-d6c8a794b9e6,2026-09,711.21,f6ce7c39-fee3-4e75-8016-e55078e69ee0,a4bcd2c6-1752-43e9-8d82-008b8b65496f,renewal,12,2026-09-01
e86a69d9-3595-4c07-9821-248f968e091d,2024-07,512.22,9497d49d-6749-4847-896d-a5c06160c14e,a879402e-0ac2-48e7-8e8e-6fa59753d8ad,renewal,12,2024-07-01
e86a69d9-3595-4c07-9821-248f968e091d,2024-08,512.22,9497d49d-6749-4847-896d-a5c06160c14e,a879402e-0ac2-48e7-8e8e-6fa59753d8ad,renewal,12,2024-08-01
e86a69d9-3595-4c07-9821-248f968e091d,2024-09,512.22,9497d49d-6749-4847-896d-a5c06160c14e,a879402e-0ac2-48e7-8e8e-6fa59753d8ad,renewal,12,2024-09-01
e86a69d9-3595-4c07-9821-248f968e091d,2024-10,512.22,9497d49d-6749-4847-896d-a5c06160c14e,a879402e-0ac2-48e7-8e8e-6fa59753d8ad,renewal,12,2024-10-01
e86a69d9-3595-4c07-9821-248f968e091d,2024-11,512.22,9497d49d-6749-4847-896d-a5c06160c14e,a879402e-0ac2-48e7-8e8e-6fa59753d8ad,renewal,12,2024-11-01
e86a69d9-3595-4c07-9821-248f968e091d,2024-12,512.22,9497d49d-6749-4847-896d-a5c06160c14e,a879402e-0ac2-48e7-8e8e-6fa59753d8ad,renewal,12,2024-12-01
e86a69d9-3595-4c07-9821-248f968e091d,2025-01,512.22,9497d49d-6749-4847-896d-a5c06160c14e,a879402e-0ac2-48e7-8e8e-6fa59753d8ad,renewal,12,2025-01-01
e86a69d9-3595-4c07-9821-248f968e091d,2025-02,512.22,9497d49d-6749-4847-896d-a5c06160c14e,a879402e-0ac2-48e7-8e8e-6fa59753d8ad,renewal,12,2025-02-01
e86a69d9-3595-4c07-9821-248f968e091d,2025-03,512.22,9497d49d-6749-4847-896d-a5c06160c14e,a879402e-0ac2-48e7-8e8e-6fa59753d8ad,renewal,12,2025-03-01
e86a69d9-3595-4c07-9821-248f968e091d,2025-04,512.22,9497d49d-6749-4847-896d-a5c06160c14e,a879402e-0ac2-48e7-8e8e-6fa59753d8ad,renewal,12,2025-04-01
e86a69d9-3595-4c07-9821-248f968e091d,2025-05,512.22,9497d49d-6749-4847-896d-a5c06160c14e,a879402e-0ac2-48e7-8e8e-6fa59753d8ad,renewal,12,2025-05-01
e86a69d9-3595-4c07-9821-248f968e091d,2025-06,512.22,9497d49d-6749-4847-896d-a5c06160c14e,a879402e-0ac2-48e7-8e8e-6fa59753d8ad,renewal,12,2025-06-01
645d5f16-eab8-4b66-b614-b170c42fcd94,2024-04,866.96,3e6c1e03-5424-4289-876f-badbf912f4ac,a56edfe0-7720-41c1-a5ab-40c1f50f7631,churn,12,2024-04-01
645d5f16-eab8-4b66-b614-b170c42fcd94,2024-05,866.96,3e6c1e03-5424-4289-876f-badbf912f4ac,a56edfe0-7720-41c1-a5ab-40c1f50f7631,churn,12,2024-05-01
645d5f16-eab8-4b66-b614-b170c42fcd94,2024-06,866.96,3e6c1e03-5424-4289-876f-badbf912f4ac,a56edfe0-7720-41c1-a5ab-40c1f50f7631,churn,12,2024-06-01
645d5f16-eab8-4b66-b614-b170c42fcd94,2024-07,866.96,3e6c1e03-5424-4289-876f-badbf912f4ac,a56edfe0-7720-41c1-a5ab-40c1f50f7631,churn,12,2024-07-01
645d5f16-eab8-4b66-b614-b170c42fcd94,2024-08,866.96,3e6c1e03-5424-4289-876f-badbf912f4ac,a56edfe0-7720-41c1-a5ab-40c1f50f7631,churn,12,2024-08-01
645d5f16-eab8-4b66-b614-b170c42fcd94,2024-09,866.96,3e6c1e03-5424-4289-876f-badbf912f4ac,a56edfe0-7720-41c1-a5ab-40c1f50f7631,churn,12,2024-09-01
645d5f16-eab8-4b66-b614-b170c42fcd94,2024-10,866.96,3e6c1e03-5424-4289-876f-badbf912f4ac,a56edfe0-7720-41c1-a5ab-40c1f50f7631,churn,12,2024-10-01
645d5f16-eab8-4b66-b614-b170c42fcd94,2024-11,866.96,3e6c1e03-5424-4289-876f-badbf912f4ac,a56edfe0-7720-41c1-a5ab-40c1f50f7631,churn,12,2024-11-01
645d5f16-eab8-4b66-b614-b170c42fcd94,2024-12,866.96,3e6c1e03-5424-4289-876f-badbf912f4ac,a56edfe0-7720-41c1-a5ab-40c1f50f7631,churn,12,2024-12-01
645d5f16-eab8-4b66-b614-b170c42fcd94,2025-01,866.96,3e6c1e03-5424-4289-876f-badbf912f4ac,a56edfe0-7720-41c1-a5ab-40c1f50f7631,churn,12,2025-01-01
645d5f16-eab8-4b66-b614-b170c42fcd94,2025-02,866.96,3e6c1e03-5424-4289-876f-badbf912f4ac,a56edfe0-7720-41c1-a5ab-40c1f50f7631,churn,12,2025-02-01
645d5f16-eab8-4b66-b614-b170c42fcd94,2025-03,866.96,3e6c1e03-5424-4289-876f-badbf912f4ac,a56edfe0-7720-41c1-a5ab-40c1f50f7631,churn,12,2025-03-01
9895fd25-57cb-467c-b4fe-dab4d011b85f,2025-01,1643.23,b0434ec3-722b-4500-ae38-e48eaebe148f,1ac74d8e-bcd9-4bac-b46b-3020c1aa692d,renewal,12,2025-01-01
9895fd25-57cb-467c-b4fe-dab4d011b85f,2025-02,1643.23,b0434ec3-722b-4500-ae38-e48eaebe148f,1ac74d8e-bcd9-4bac-b46b-3020c1aa692d,renewal,12,2025-02-01
9895fd25-57cb-467c-b4fe-dab4d011b85f,2025-03,1643.23,b0434ec3-722b-4500-ae38-e48eaebe148f,1ac74d8e-bcd9-4bac-b46b-3020c1aa692d,renewal,12,2025-03-01
9895fd25-57cb-467c-b4fe-dab4d011b85f,2025-04,1643.23,b0434ec3-722b-4500-ae38-e48eaebe148f,1ac74d8e-bcd9-4bac-b46b-3020c1aa692d,renewal,12,2025-04-01
9895fd25-57cb-467c-b4fe-dab4d011b85f,2025-05,1643.23,b0434ec3-722b-4500-ae38-e48eaebe148f,1ac74d8e-bcd9-4bac-b46b-3020c1aa692d,renewal,12,2025-05-01
9895fd25-57cb-467c-b4fe-dab4d011b85f,2025-06,1643.23,b0434ec3-722b-4500-ae38-e48eaebe148f,1ac74d8e-bcd9-4bac-b46b-3020c1aa692d,renewal,12,2025-06-01
9895fd25-57cb-467c-b4fe-dab4d011b85f,2025-07,1643.23,b0434ec3-722b-4500-ae38-e48eaebe148f,1ac74d8e-bcd9-4bac-b46b-3020c1aa692d,renewal,12,2025-07-01
9895fd25-57cb-467c-b4fe-dab4d011b85f,2025-08,1643.23,b0434ec3-722b-4500-ae38-e48eaebe148f,1ac74d8e-bcd9-4bac-b46b-3020c1aa692d,renewal,12,2025-08-01
9895fd25-57cb-467c-b4fe-dab4d011b85f,2025-09,1643.23,b0434ec3-722b-4500-ae38-e48eaebe148f,1ac74d8e-bcd9-4bac-b46b-3020c1aa692d,renewal,12,2025-09-01
9895fd25-57cb-467c-b4fe-dab4d011b85f,2025-10,1643.23,b0434ec3-722b-4500-ae38-e48eaebe148f,1ac74d8e-bcd9-4bac-b46b-3020c1aa692d,renewal,12,2025-10-01
9895fd25-57cb-467c-b4fe-dab4d011b85f,2025-11,1643.23,b0434ec3-722b-4500-ae38-e48eaebe148f,1ac74d8e-bcd9-4bac-b46b-3020c1aa692d,renewal,12,2025-11-01
9895fd25-57cb-467c-b4fe-dab4d011b85f,2025-12,1643.23,b0434ec3-722b-4500-ae38-e48eaebe148f,1ac74d8e-bcd9-4bac-b46b-3020c1aa692d,renewal,12,2025-12-01
0a6236fc-5bf0-447d-92fd-4eaca555dad6,2025-06,2819.28,05f6b4e4-ab16-4eb9-a584-53876aba9ee7,8c932d47-ce16-4bae-9390-413d94fb3884,new_logo,12,2025-06-01
0a6236fc-5bf0-447d-92fd-4eaca555dad6,2025-07,2819.28,05f6b4e4-ab16-4eb9-a584-53876aba9ee7,8c932d47-ce16-4bae-9390-413d94fb3884,new_logo,12,2025-07-01
0a6236fc-5bf0-447d-92fd-4eaca555dad6,2025-08,2819.28,05f6b4e4-ab16-4eb9-a584-53876aba9ee7,8c932d47-ce16-4bae-9390-413d94fb3884,new_logo,12,2025-08-01
0a6236fc-5bf0-447d-92fd-4eaca555dad6,2025-09,2819.28,05f6b4e4-ab16-4eb9-a584-53876aba9ee7,8c932d47-ce16-4bae-9390-413d94fb3884,new_logo,12,2025-09-01
0a6236fc-5bf0-447d-92fd-4eaca555dad6,2025-10,2819.28,05f6b4e4-ab16-4eb9-a584-53876aba9ee7,8c932d47-ce16-4bae-9390-413d94fb3884,new_logo,12,2025-10-01
0a6236fc-5bf0-447d-92fd-4eaca555dad6,2025-11,2819.28,05f6b4e4-ab16-4eb9-a584-53876aba9ee7,8c932d47-ce16-4bae-9390-413d94fb3884,new_logo,12,2025-11-01
0a6236fc-5bf0-447d-92fd-4eaca555dad6,2025-12,2819.28,05f6b4e4-ab16-4eb9-a584-53876aba9ee7,8c932d47-ce16-4bae-9390-413d94fb3884,new_logo,12,2025-12-01
0a6236fc-5bf0-447d-92fd-4eaca555dad6,2026-01,2819.28,05f6b4e4-ab16-4eb9-a584-53876aba9ee7,8c932d47-ce16-4bae-9390-413d94fb3884,new_logo,12,2026-01-01
0a6236fc-5bf0-447d-92fd-4eaca555dad6,2026-02,2819.28,05f6b4e4-ab16-4eb9-a584-53876aba9ee7,8c932d47-ce16-4bae-9390-413d94fb3884,new_logo,12,2026-02-01
0a6236fc-5bf0-447d-92fd-4eaca555dad6,2026-03,2819.28,05f6b4e4-ab16-4eb9-a584-53876aba9ee7,8c932d47-ce16-4bae-9390-413d94fb3884,new_logo,12,2026-03-01
0a6236fc-5bf0-447d-92fd-4eaca555dad6,2026-04,2819.28,05f6b4e4-ab16-4eb9-a584-53876aba9ee7,8c932d47-ce16-4bae-9390-413d94fb3884,new_logo,12,2026-04-01
0a6236fc-5bf0-447d-92fd-4eaca555dad6,2026-05,2819.28,05f6b4e4-ab16-4eb9-a584-53876aba9ee7,8c932d47-ce16-4bae-9390-413d94fb3884,new_logo,12,2026-05-01
fc933254-1509-4dc5-9dbf-67455f3bd728,2025-02,1642.62,b090d383-340d-42b5-962e-ea45dadf031c,7a0584b2-d6b2-4361-9f78-3ef39001ade7,churn,12,2025-02-01
fc933254-1509-4dc5-9dbf-67455f3bd728,2025-03,1642.62,b090d383-340d-42b5-962e-ea45dadf031c,7a0584b2-d6b2-4361-9f78-3ef39001ade7,churn,12,2025-03-01
fc933254-1509-4dc5-9dbf-67455f3bd728,2025-04,1642.62,b090d383-340d-42b5-962e-ea45dadf031c,7a0584b2-d6b2-4361-9f78-3ef39001ade7,churn,12,2025-04-01
fc933254-1509-4dc5-9dbf-67455f3bd728,2025-05,1642.62,b090d383-340d-42b5-962e-ea45dadf031c,7a0584b2-d6b2-4361-9f78-3ef39001ade7,churn,12,2025-05-01
fc933254-1509-4dc5-9dbf-67455f3bd728,2025-06,1642.62,b090d383-340d-42b5-962e-ea45dadf031c,7a0584b2-d6b2-4361-9f78-3ef39001ade7,churn,12,2025-06-01
fc933254-1509-4dc5-9dbf-67455f3bd728,2025-07,1642.62,b090d383-340d-42b5-962e-ea45dadf031c,7a0584b2-d6b2-4361-9f78-3ef39001ade7,churn,12,2025-07-01
fc933254-1509-4dc5-9dbf-67455f3bd728,2025-08,1642.62,b090d383-340d-42b5-962e-ea45dadf031c,7a0584b2-d6b2-4361-9f78-3ef39001ade7,churn,12,2025-08-01
fc933254-1509-4dc5-9dbf-67455f3bd728,2025-09,1642.62,b090d383-340d-42b5-962e-ea45dadf031c,7a0584b2-d6b2-4361-9f78-3ef39001ade7,churn,12,2025-09-01
fc933254-1509-4dc5-9dbf-67455f3bd728,2025-10,1642.62,b090d383-340d-42b5-962e-ea45dadf031c,7a0584b2-d6b2-4361-9f78-3ef39001ade7,churn,12,2025-10-01
fc933254-1509-4dc5-9dbf-67455f3bd728,2025-11,1642.62,b090d383-340d-42b5-962e-ea45dadf031c,7a0584b2-d6b2-4361-9f78-3ef39001ade7,churn,12,2025-11-01
fc933254-1509-4dc5-9dbf-67455f3bd728,2025-12,1642.62,b090d383-340d-42b5-962e-ea45dadf031c,7a0584b2-d6b2-4361-9f78-3ef39001ade7,churn,12,2025-12-01
fc933254-1509-4dc5-9dbf-67455f3bd728,2026-01,1642.62,b090d383-340d-42b5-962e-ea45dadf031c,7a0584b2-d6b2-4361-9f78-3ef39001ade7,churn,12,2026-01-01
0cbf9a48-fbf3-4c51-b5ec-ac820e68f0b5,2026-03,1187.88,3b9a200e-7a11-4444-9e86-d94946c00979,b1aba0c3-0e7f-4ec8-818a-1f1786ca974c,renewal,12,2026-03-01
0cbf9a48-fbf3-4c51-b5ec-ac820e68f0b5,2026-04,1187.88,3b9a200e-7a11-4444-9e86-d94946c00979,b1aba0c3-0e7f-4ec8-818a-1f1786ca974c,renewal,12,2026-04-01
0cbf9a48-fbf3-4c51-b5ec-ac820e68f0b5,2026-05,1187.88,3b9a200e-7a11-4444-9e86-d94946c00979,b1aba0c3-0e7f-4ec8-818a-1f1786ca974c,renewal,12,2026-05-01
0cbf9a48-fbf3-4c51-b5ec-ac820e68f0b5,2026-06,1187.88,3b9a200e-7a11-4444-9e86-d94946c00979,b1aba0c3-0e7f-4ec8-818a-1f1786ca974c,renewal,12,2026-06-01
0cbf9a48-fbf3-4c51-b5ec-ac820e68f0b5,2026-07,1187.88,3b9a200e-7a11-4444-9e86-d94946c00979,b1aba0c3-0e7f-4ec8-818a-1f1786ca974c,renewal,12,2026-07-01
0cbf9a48-fbf3-4c51-b5ec-ac820e68f0b5,2026-08,1187.88,3b9a200e-7a11-4444-9e86-d94946c00979,b1aba0c3-0e7f-4ec8-818a-1f1786ca974c,renewal,12,2026-08-01
0cbf9a48-fbf3-4c51-b5ec-ac820e68f0b5,2026-09,1187.88,3b9a200e-7a11-4444-9e86-d94946c00979,b1aba0c3-0e7f-4ec8-818a-1f1786ca974c,renewal,12,2026-09-01
564f69a7-9964-449d-a1ae-4e07a409b8a6,2024-09,835.24,b8f3dd83-baae-49f3-aae1-6bc1f9f9bdcf,ca1eb6ef-a548-4346-b086-8aa1a44ebf82,new_logo,12,2024-09-01
564f69a7-9964-449d-a1ae-4e07a409b8a6,2024-10,835.24,b8f3dd83-baae-49f3-aae1-6bc1f9f9bdcf,ca1eb6ef-a548-4346-b086-8aa1a44ebf82,new_logo,12,2024-10-01
564f69a7-9964-449d-a1ae-4e07a409b8a6,2024-11,835.24,b8f3dd83-baae-49f3-aae1-6bc1f9f9bdcf,ca1eb6ef-a548-4346-b086-8aa1a44ebf82,new_logo,12,2024-11-01
564f69a7-9964-449d-a1ae-4e07a409b8a6,2024-12,835.24,b8f3dd83-baae-49f3-aae1-6bc1f9f9bdcf,ca1eb6ef-a548-4346-b086-8aa1a44ebf82,new_logo,12,2024-12-01
564f69a7-9964-449d-a1ae-4e07a409b8a6,2025-01,835.24,b8f3dd83-baae-49f3-aae1-6bc1f9f9bdcf,ca1eb6ef-a548-4346-b086-8aa1a44ebf82,new_logo,12,2025-01-01
564f69a7-9964-449d-a1ae-4e07a409b8a6,2025-02,835.24,b8f3dd83-baae-49f3-aae1-6bc1f9f9bdcf,ca1eb6ef-a548-4346-b086-8aa1a44ebf82,new_logo,12,2025-02-01
564f69a7-9964-449d-a1ae-4e07a409b8a6,2025-03,835.24,b8f3dd83-baae-49f3-aae1-6bc1f9f9bdcf,ca1eb6ef-a548-4346-b086-8aa1a44ebf82,new_logo,12,2025-03-01
564f69a7-9964-449d-a1ae-4e07a409b8a6,2025-04,835.24,b8f3dd83-baae-49f3-aae1-6bc1f9f9bdcf,ca1eb6ef-a548-4346-b086-8aa1a44ebf82,new_logo,12,2025-04-01
564f69a7-9964-449d-a1ae-4e07a409b8a6,2025-05,835.24,b8f3dd83-baae-49f3-aae1-6bc1f9f9bdcf,ca1eb6ef-a548-4346-b086-8aa1a44ebf82,new_logo,12,2025-05-01
564f69a7-9964-449d-a1ae-4e07a409b8a6,2025-06,835.24,b8f3dd83-baae-49f3-aae1-6bc1f9f9bdcf,ca1eb6ef-a548-4346-b086-8aa1a44ebf82,new_logo,12,2025-06-01
564f69a7-9964-449d-a1ae-4e07a409b8a6,2025-07,835.24,b8f3dd83-baae-49f3-aae1-6bc1f9f9bdcf,ca1eb6ef-a548-4346-b086-8aa1a44ebf82,new_logo,12,2025-07-01
564f69a7-9964-449d-a1ae-4e07a409b8a6,2025-08,835.24,b8f3dd83-baae-49f3-aae1-6bc1f9f9bdcf,ca1eb6ef-a548-4346-b086-8aa1a44ebf82,new_logo,12,2025-08-01
a3b7910e-fd2c-4344-a297-b8c11b639e56,2026-01,1823.31,1afef069-efb6-4fe3-82d1-7ff11d2ab19d,4035b501-7727-4677-a476-a1189d6f1fc4,churn,12,2026-01-01
a3b7910e-fd2c-4344-a297-b8c11b639e56,2026-02,1823.31,1afef069-efb6-4fe3-82d1-7ff11d2ab19d,4035b501-7727-4677-a476-a1189d6f1fc4,churn,12,2026-02-01
a3b7910e-fd2c-4344-a297-b8c11b639e56,2026-03,1823.31,1afef069-efb6-4fe3-82d1-7ff11d2ab19d,4035b501-7727-4677-a476-a1189d6f1fc4,churn,12,2026-03-01
a3b7910e-fd2c-4344-a297-b8c11b639e56,2026-04,1823.31,1afef069-efb6-4fe3-82d1-7ff11d2ab19d,4035b501-7727-4677-a476-a1189d6f1fc4,churn,12,2026-04-01
a3b7910e-fd2c-4344-a297-b8c11b639e56,2026-05,1823.31,1afef069-efb6-4fe3-82d1-7ff11d2ab19d,4035b501-7727-4677-a476-a1189d6f1fc4,churn,12,2026-05-01
a3b7910e-fd2c-4344-a297-b8c11b639e56,2026-06,1823.31,1afef069-efb6-4fe3-82d1-7ff11d2ab19d,4035b501-7727-4677-a476-a1189d6f1fc4,churn,12,2026-06-01
a3b7910e-fd2c-4344-a297-b8c11b639e56,2026-07,1823.31,1afef069-efb6-4fe3-82d1-7ff11d2ab19d,4035b501-7727-4677-a476-a1189d6f1fc4,churn,12,2026-07-01
a3b7910e-fd2c-4344-a297-b8c11b639e56,2026-08,1823.31,1afef069-efb6-4fe3-82d1-7ff11d2ab19d,4035b501-7727-4677-a476-a1189d6f1fc4,churn,12,2026-08-01
a3b7910e-fd2c-4344-a297-b8c11b639e56,2026-09,1823.31,1afef069-efb6-4fe3-82d1-7ff11d2ab19d,4035b501-7727-4677-a476-a1189d6f1fc4,churn,12,2026-09-01
f61e3218-5e2d-439b-8b66-aad1cb7e037e,2025-02,1813.05,a60f4ecc-7166-45ec-a983-94600a12fdd1,6d2ebc69-60e0-4705-bb25-0d1a235e782c,renewal,12,2025-02-01
f61e3218-5e2d-439b-8b66-aad1cb7e037e,2025-03,1813.05,a60f4ecc-7166-45ec-a983-94600a12fdd1,6d2ebc69-60e0-4705-bb25-0d1a235e782c,renewal,12,2025-03-01
f61e3218-5e2d-439b-8b66-aad1cb7e037e,2025-04,1813.05,a60f4ecc-7166-45ec-a983-94600a12fdd1,6d2ebc69-60e0-4705-bb25-0d1a235e782c,renewal,12,2025-04-01
f61e3218-5e2d-439b-8b66-aad1cb7e037e,2025-05,1813.05,a60f4ecc-7166-45ec-a983-94600a12fdd1,6d2ebc69-60e0-4705-bb25-0d1a235e782c,renewal,12,2025-05-01
f61e3218-5e2d-439b-8b66-aad1cb7e037e,2025-06,1813.05,a60f4ecc-7166-45ec-a983-94600a12fdd1,6d2ebc69-60e0-4705-bb25-0d1a235e782c,renewal,12,2025-06-01
f61e3218-5e2d-439b-8b66-aad1cb7e037e,2025-07,1813.05,a60f4ecc-7166-45ec-a983-94600a12fdd1,6d2ebc69-60e0-4705-bb25-0d1a235e782c,renewal,12,2025-07-01
f61e3218-5e2d-439b-8b66-aad1cb7e037e,2025-08,1813.05,a60f4ecc-7166-45ec-a983-94600a12fdd1,6d2ebc69-60e0-4705-bb25-0d1a235e782c,renewal,12,2025-08-01
f61e3218-5e2d-439b-8b66-aad1cb7e037e,2025-09,1813.05,a60f4ecc-7166-45ec-a983-94600a12fdd1,6d2ebc69-60e0-4705-bb25-0d1a235e782c,renewal,12,2025-09-01
f61e3218-5e2d-439b-8b66-aad1cb7e037e,2025-10,1813.05,a60f4ecc-7166-45ec-a983-94600a12fdd1,6d2ebc69-60e0-4705-bb25-0d1a235e782c,renewal,12,2025-10-01
f61e3218-5e2d-439b-8b66-aad1cb7e037e,2025-11,1813.05,a60f4ecc-7166-45ec-a983-94600a12fdd1,6d2ebc69-60e0-4705-bb25-0d1a235e782c,renewal,12,2025-11-01
f61e3218-5e2d-439b-8b66-aad1cb7e037e,2025-12,1813.05,a60f4ecc-7166-45ec-a983-94600a12fdd1,6d2ebc69-60e0-4705-bb25-0d1a235e782c,renewal,12,2025-12-01
f61e3218-5e2d-439b-8b66-aad1cb7e037e,2026-01,1813.05,a60f4ecc-7166-45ec-a983-94600a12fdd1,6d2ebc69-60e0-4705-bb25-0d1a235e782c,renewal,12,2026-01-01
2f57768e-edff-4eae-9153-eaeca2be9514,2024-06,1218.96,574b29ba-56c2-48aa-a8a1-0cd881f61288,71afe91b-f2eb-4d3f-8500-1f058ac2cc88,renewal,12,2024-06-01
2f57768e-edff-4eae-9153-eaeca2be9514,2024-07,1218.96,574b29ba-56c2-48aa-a8a1-0cd881f61288,71afe91b-f2eb-4d3f-8500-1f058ac2cc88,renewal,12,2024-07-01
2f57768e-edff-4eae-9153-eaeca2be9514,2024-08,1218.96,574b29ba-56c2-48aa-a8a1-0cd881f61288,71afe91b-f2eb-4d3f-8500-1f058ac2cc88,renewal,12,2024-08-01
2f57768e-edff-4eae-9153-eaeca2be9514,2024-09,1218.96,574b29ba-56c2-48aa-a8a1-0cd881f61288,71afe91b-f2eb-4d3f-8500-1f058ac2cc88,renewal,12,2024-09-01
2f57768e-edff-4eae-9153-eaeca2be9514,2024-10,1218.96,574b29ba-56c2-48aa-a8a1-0cd881f61288,71afe91b-f2eb-4d3f-8500-1f058ac2cc88,renewal,12,2024-10-01
2f57768e-edff-4eae-9153-eaeca2be9514,2024-11,1218.96,574b29ba-56c2-48aa-a8a1-0cd881f61288,71afe91b-f2eb-4d3f-8500-1f058ac2cc88,renewal,12,2024-11-01
2f57768e-edff-4eae-9153-eaeca2be9514,2024-12,1218.96,574b29ba-56c2-48aa-a8a1-0cd881f61288,71afe91b-f2eb-4d3f-8500-1f058ac2cc88,renewal,12,2024-12-01
2f57768e-edff-4eae-9153-eaeca2be9514,2025-01,1218.96,574b29ba-56c2-48aa-a8a1-0cd881f61288,71afe91b-f2eb-4d3f-8500-1f058ac2cc88,renewal,12,2025-01-01
2f57768e-edff-4eae-9153-eaeca2be9514,2025-02,1218.96,574b29ba-56c2-48aa-a8a1-0cd881f61288,71afe91b-f2eb-4d3f-8500-1f058ac2cc88,renewal,12,2025-02-01
2f57768e-edff-4eae-9153-eaeca2be9514,2025-03,1218.96,574b29ba-56c2-48aa-a8a1-0cd881f61288,71afe91b-f2eb-4d3f-8500-1f058ac2cc88,renewal,12,2025-03-01
2f57768e-edff-4eae-9153-eaeca2be9514,2025-04,1218.96,574b29ba-56c2-48aa-a8a1-0cd881f61288,71afe91b-f2eb-4d3f-8500-1f058ac2cc88,renewal,12,2025-04-01
2f57768e-edff-4eae-9153-eaeca2be9514,2025-05,1218.96,574b29ba-56c2-48aa-a8a1-0cd881f61288,71afe91b-f2eb-4d3f-8500-1f058ac2cc88,renewal,12,2025-05-01
d446139e-1ade-41f0-b434-bfe1859dccfe,2026-07,447.66,40f4fac8-ee7c-41dd-bb54-69dcec3e9e9f,c68b7fe6-9915-4459-9892-da64dfd2999b,new_logo,12,2026-07-01
d446139e-1ade-41f0-b434-bfe1859dccfe,2026-08,447.66,40f4fac8-ee7c-41dd-bb54-69dcec3e9e9f,c68b7fe6-9915-4459-9892-da64dfd2999b,new_logo,12,2026-08-01
d446139e-1ade-41f0-b434-bfe1859dccfe,2026-09,447.66,40f4fac8-ee7c-41dd-bb54-69dcec3e9e9f,c68b7fe6-9915-4459-9892-da64dfd2999b,new_logo,12,2026-09-01
d446139e-1ade-41f0-b434-bfe1859dccfe,2026-04,343.34,c3b23987-4a7d-4002-a79c-cf27cf1f64e1,3850d136-3ede-4b84-95bf-d3e29fb3aef4,churn,12,2026-04-01
d446139e-1ade-41f0-b434-bfe1859dccfe,2026-05,343.34,c3b23987-4a7d-4002-a79c-cf27cf1f64e1,3850d136-3ede-4b84-95bf-d3e29fb3aef4,churn,12,2026-05-01
d446139e-1ade-41f0-b434-bfe1859dccfe,2026-06,343.34,c3b23987-4a7d-4002-a79c-cf27cf1f64e1,3850d136-3ede-4b84-95bf-d3e29fb3aef4,churn,12,2026-06-01
d446139e-1ade-41f0-b434-bfe1859dccfe,2026-07,343.34,c3b23987-4a7d-4002-a79c-cf27cf1f64e1,3850d136-3ede-4b84-95bf-d3e29fb3aef4,churn,12,2026-07-01
d446139e-1ade-41f0-b434-bfe1859dccfe,2026-08,343.34,c3b23987-4a7d-4002-a79c-cf27cf1f64e1,3850d136-3ede-4b84-95bf-d3e29fb3aef4,churn,12,2026-08-01
d446139e-1ade-41f0-b434-bfe1859dccfe,2026-09,343.34,c3b23987-4a7d-4002-a79c-cf27cf1f64e1,3850d136-3ede-4b84-95bf-d3e29fb3aef4,churn,12,2026-09-01
d446139e-1ade-41f0-b434-bfe1859dccfe,2026-01,465.24,b8d8224d-c0ff-45cb-99f6-45c78f117b3b,83f00f15-75a3-498d-a2a8-a9bb6f5078f6,renewal,12,2026-01-01
d446139e-1ade-41f0-b434-bfe1859dccfe,2026-02,465.24,b8d8224d-c0ff-45cb-99f6-45c78f117b3b,83f00f15-75a3-498d-a2a8-a9bb6f5078f6,renewal,12,2026-02-01
d446139e-1ade-41f0-b434-bfe1859dccfe,2026-03,465.24,b8d8224d-c0ff-45cb-99f6-45c78f117b3b,83f00f15-75a3-498d-a2a8-a9bb6f5078f6,renewal,12,2026-03-01
d446139e-1ade-41f0-b434-bfe1859dccfe,2026-04,465.24,b8d8224d-c0ff-45cb-99f6-45c78f117b3b,83f00f15-75a3-498d-a2a8-a9bb6f5078f6,renewal,12,2026-04-01
d446139e-1ade-41f0-b434-bfe1859dccfe,2026-05,465.24,b8d8224d-c0ff-45cb-99f6-45c78f117b3b,83f00f15-75a3-498d-a2a8-a9bb6f5078f6,renewal,12,2026-05-01
d446139e-1ade-41f0-b434-bfe1859dccfe,2026-06,465.24,b8d8224d-c0ff-45cb-99f6-45c78f117b3b,83f00f15-75a3-498d-a2a8-a9bb6f5078f6,renewal,12,2026-06-01
d446139e-1ade-41f0-b434-bfe1859dccfe,2026-07,465.24,b8d8224d-c0ff-45cb-99f6-45c78f117b3b,83f00f15-75a3-498d-a2a8-a9bb6f5078f6,renewal,12,2026-07-01
d446139e-1ade-41f0-b434-bfe1859dccfe,2026-08,465.24,b8d8224d-c0ff-45cb-99f6-45c78f117b3b,83f00f15-75a3-498d-a2a8-a9bb6f5078f6,renewal,12,2026-08-01
d446139e-1ade-41f0-b434-bfe1859dccfe,2026-09,465.24,b8d8224d-c0ff-45cb-99f6-45c78f117b3b,83f00f15-75a3-498d-a2a8-a9bb6f5078f6,renewal,12,2026-09-01
d446139e-1ade-41f0-b434-bfe1859dccfe,2026-06,464.76,c728d490-209d-4942-b6fb-2848945a0c4c,b9348f3e-df71-40d4-9dfd-6d8916f84d8f,new_logo,12,2026-06-01
d446139e-1ade-41f0-b434-bfe1859dccfe,2026-07,464.76,c728d490-209d-4942-b6fb-2848945a0c4c,b9348f3e-df71-40d4-9dfd-6d8916f84d8f,new_logo,12,2026-07-01
d446139e-1ade-41f0-b434-bfe1859dccfe,2026-08,464.76,c728d490-209d-4942-b6fb-2848945a0c4c,b9348f3e-df71-40d4-9dfd-6d8916f84d8f,new_logo,12,2026-08-01
d446139e-1ade-41f0-b434-bfe1859dccfe,2026-09,464.76,c728d490-209d-4942-b6fb-2848945a0c4c,b9348f3e-df71-40d4-9dfd-6d8916f84d8f,new_logo,12,2026-09-01
d446139e-1ade-41f0-b434-bfe1859dccfe,2025-12,336.89,2d01c096-8cc4-42ea-b8ba-4511010b0b8b,e8a01b65-31bf-41ca-a4f1-d44fba3d5b99,new_logo,12,2025-12-01
d446139e-1ade-41f0-b434-bfe1859dccfe,2026-01,336.89,2d01c096-8cc4-42ea-b8ba-4511010b0b8b,e8a01b65-31bf-41ca-a4f1-d44fba3d5b99,new_logo,12,2026-01-01
d446139e-1ade-41f0-b434-bfe1859dccfe,2026-02,336.89,2d01c096-8cc4-42ea-b8ba-4511010b0b8b,e8a01b65-31bf-41ca-a4f1-d44fba3d5b99,new_logo,12,2026-02-01
d446139e-1ade-41f0-b434-bfe1859dccfe,2026-03,336.89,2d01c096-8cc4-42ea-b8ba-4511010b0b8b,e8a01b65-31bf-41ca-a4f1-d44fba3d5b99,new_logo,12,2026-03-01
d446139e-1ade-41f0-b434-bfe1859dccfe,2026-04,336.89,2d01c096-8cc4-42ea-b8ba-4511010b0b8b,e8a01b65-31bf-41ca-a4f1-d44fba3d5b99,new_logo,12,2026-04-01
d446139e-1ade-41f0-b434-bfe1859dccfe,2026-05,336.89,2d01c096-8cc4-42ea-b8ba-4511010b0b8b,e8a01b65-31bf-41ca-a4f1-d44fba3d5b99,new_logo,12,2026-05-01
d446139e-1ade-41f0-b434-bfe1859dccfe,2026-06,336.89,2d01c096-8cc4-42ea-b8ba-4511010b0b8b,e8a01b65-31bf-41ca-a4f1-d44fba3d5b99,new_logo,12,2026-06-01
d446139e-1ade-41f0-b434-bfe1859dccfe,2026-07,336.89,2d01c096-8cc4-42ea-b8ba-4511010b0b8b,e8a01b65-31bf-41ca-a4f1-d44fba3d5b99,new_logo,12,2026-07-01
d446139e-1ade-41f0-b434-bfe1859dccfe,2026-08,336.89,2d01c096-8cc4-42ea-b8ba-4511010b0b8b,e8a01b65-31bf-41ca-a4f1-d44fba3d5b99,new_logo,12,2026-08-01
d446139e-1ade-41f0-b434-bfe1859dccfe,2026-09,336.89,2d01c096-8cc4-42ea-b8ba-4511010b0b8b,e8a01b65-31bf-41ca-a4f1-d44fba3d5b99,new_logo,12,2026-09-01
e6e3da5c-10ac-46fc-bbd8-7e5378e7d631,2026-05,1155.6,271656b6-145b-43a3-aaf9-5ad846a1054b,8996d6d7-d1ea-4c97-9a9c-61f8b7d1d144,renewal,12,2026-05-01
e6e3da5c-10ac-46fc-bbd8-7e5378e7d631,2026-06,1155.6,271656b6-145b-43a3-aaf9-5ad846a1054b,8996d6d7-d1ea-4c97-9a9c-61f8b7d1d144,renewal,12,2026-06-01
e6e3da5c-10ac-46fc-bbd8-7e5378e7d631,2026-07,1155.6,271656b6-145b-43a3-aaf9-5ad846a1054b,8996d6d7-d1ea-4c97-9a9c-61f8b7d1d144,renewal,12,2026-07-01
e6e3da5c-10ac-46fc-bbd8-7e5378e7d631,2026-08,1155.6,271656b6-145b-43a3-aaf9-5ad846a1054b,8996d6d7-d1ea-4c97-9a9c-61f8b7d1d144,renewal,12,2026-08-01
e6e3da5c-10ac-46fc-bbd8-7e5378e7d631,2026-09,1155.6,271656b6-145b-43a3-aaf9-5ad846a1054b,8996d6d7-d1ea-4c97-9a9c-61f8b7d1d144,renewal,12,2026-09-01
e6e3da5c-10ac-46fc-bbd8-7e5378e7d631,2025-09,1013.7,7e0977d2-5159-42e5-98c3-e51d15dc70b6,032a76cb-752d-40da-b3cd-fd4f51aeef30,renewal,12,2025-09-01
e6e3da5c-10ac-46fc-bbd8-7e5378e7d631,2025-10,1013.7,7e0977d2-5159-42e5-98c3-e51d15dc70b6,032a76cb-752d-40da-b3cd-fd4f51aeef30,renewal,12,2025-10-01
e6e3da5c-10ac-46fc-bbd8-7e5378e7d631,2025-11,1013.7,7e0977d2-5159-42e5-98c3-e51d15dc70b6,032a76cb-752d-40da-b3cd-fd4f51aeef30,renewal,12,2025-11-01
e6e3da5c-10ac-46fc-bbd8-7e5378e7d631,2025-12,1013.7,7e0977d2-5159-42e5-98c3-e51d15dc70b6,032a76cb-752d-40da-b3cd-fd4f51aeef30,renewal,12,2025-12-01
e6e3da5c-10ac-46fc-bbd8-7e5378e7d631,2026-01,1013.7,7e0977d2-5159-42e5-98c3-e51d15dc70b6,032a76cb-752d-40da-b3cd-fd4f51aeef30,renewal,12,2026-01-01
e6e3da5c-10ac-46fc-bbd8-7e5378e7d631,2026-02,1013.7,7e0977d2-5159-42e5-98c3-e51d15dc70b6,032a76cb-752d-40da-b3cd-fd4f51aeef30,renewal,12,2026-02-01
e6e3da5c-10ac-46fc-bbd8-7e5378e7d631,2026-03,1013.7,7e0977d2-5159-42e5-98c3-e51d15dc70b6,032a76cb-752d-40da-b3cd-fd4f51aeef30,renewal,12,2026-03-01
e6e3da5c-10ac-46fc-bbd8-7e5378e7d631,2026-04,1013.7,7e0977d2-5159-42e5-98c3-e51d15dc70b6,032a76cb-752d-40da-b3cd-fd4f51aeef30,renewal,12,2026-04-01
e6e3da5c-10ac-46fc-bbd8-7e5378e7d631,2026-05,1013.7,7e0977d2-5159-42e5-98c3-e51d15dc70b6,032a76cb-752d-40da-b3cd-fd4f51aeef30,renewal,12,2026-05-01
e6e3da5c-10ac-46fc-bbd8-7e5378e7d631,2026-06,1013.7,7e0977d2-5159-42e5-98c3-e51d15dc70b6,032a76cb-752d-40da-b3cd-fd4f51aeef30,renewal,12,2026-06-01
e6e3da5c-10ac-46fc-bbd8-7e5378e7d631,2026-07,1013.7,7e0977d2-5159-42e5-98c3-e51d15dc70b6,032a76cb-752d-40da-b3cd-fd4f51aeef30,renewal,12,2026-07-01
e6e3da5c-10ac-46fc-bbd8-7e5378e7d631,2026-08,1013.7,7e0977d2-5159-42e5-98c3-e51d15dc70b6,032a76cb-752d-40da-b3cd-fd4f51aeef30,renewal,12,2026-08-01
e6e3da5c-10ac-46fc-bbd8-7e5378e7d631,2026-02,935.94,973e7b08-7129-4ca1-939b-a3496e83db0f,8f9a904c-5737-4afa-bdad-ad9844cfffa2,churn,12,2026-02-01
e6e3da5c-10ac-46fc-bbd8-7e5378e7d631,2026-03,935.94,973e7b08-7129-4ca1-939b-a3496e83db0f,8f9a904c-5737-4afa-bdad-ad9844cfffa2,churn,12,2026-03-01
e6e3da5c-10ac-46fc-bbd8-7e5378e7d631,2026-04,935.94,973e7b08-7129-4ca1-939b-a3496e83db0f,8f9a904c-5737-4afa-bdad-ad9844cfffa2,churn,12,2026-04-01
e6e3da5c-10ac-46fc-bbd8-7e5378e7d631,2026-05,935.94,973e7b08-7129-4ca1-939b-a3496e83db0f,8f9a904c-5737-4afa-bdad-ad9844cfffa2,churn,12,2026-05-01
e6e3da5c-10ac-46fc-bbd8-7e5378e7d631,2026-06,935.94,973e7b08-7129-4ca1-939b-a3496e83db0f,8f9a904c-5737-4afa-bdad-ad9844cfffa2,churn,12,2026-06-01
e6e3da5c-10ac-46fc-bbd8-7e5378e7d631,2026-07,935.94,973e7b08-7129-4ca1-939b-a3496e83db0f,8f9a904c-5737-4afa-bdad-ad9844cfffa2,churn,12,2026-07-01
e6e3da5c-10ac-46fc-bbd8-7e5378e7d631,2026-08,935.94,973e7b08-7129-4ca1-939b-a3496e83db0f,8f9a904c-5737-4afa-bdad-ad9844cfffa2,churn,12,2026-08-01
e6e3da5c-10ac-46fc-bbd8-7e5378e7d631,2026-09,935.94,973e7b08-7129-4ca1-939b-a3496e83db0f,8f9a904c-5737-4afa-bdad-ad9844cfffa2,churn,12,2026-09-01
e6e3da5c-10ac-46fc-bbd8-7e5378e7d631,2025-10,1161.9,a60f4ecc-7166-45ec-a983-94600a12fdd1,f88f49c7-7608-43e6-8d13-6cd1eb8532f7,new_logo,12,2025-10-01
e6e3da5c-10ac-46fc-bbd8-7e5378e7d631,2025-11,1161.9,a60f4ecc-7166-45ec-a983-94600a12fdd1,f88f49c7-7608-43e6-8d13-6cd1eb8532f7,new_logo,12,2025-11-01
e6e3da5c-10ac-46fc-bbd8-7e5378e7d631,2025-12,1161.9,a60f4ecc-7166-45ec-a983-94600a12fdd1,f88f49c7-7608-43e6-8d13-6cd1eb8532f7,new_logo,12,2025-12-01
e6e3da5c-10ac-46fc-bbd8-7e5378e7d631,2026-01,1161.9,a60f4ecc-7166-45ec-a983-94600a12fdd1,f88f49c7-7608-43e6-8d13-6cd1eb8532f7,new_logo,12,2026-01-01
e6e3da5c-10ac-46fc-bbd8-7e5378e7d631,2026-02,1161.9,a60f4ecc-7166-45ec-a983-94600a12fdd1,f88f49c7-7608-43e6-8d13-6cd1eb8532f7,new_logo,12,2026-02-01
e6e3da5c-10ac-46fc-bbd8-7e5378e7d631,2026-03,1161.9,a60f4ecc-7166-45ec-a983-94600a12fdd1,f88f49c7-7608-43e6-8d13-6cd1eb8532f7,new_logo,12,2026-03-01
e6e3da5c-10ac-46fc-bbd8-7e5378e7d631,2026-04,1161.9,a60f4ecc-7166-45ec-a983-94600a12fdd1,f88f49c7-7608-43e6-8d13-6cd1eb8532f7,new_logo,12,2026-04-01
e6e3da5c-10ac-46fc-bbd8-7e5378e7d631,2026-05,1161.9,a60f4ecc-7166-45ec-a983-94600a12fdd1,f88f49c7-7608-43e6-8d13-6cd1eb8532f7,new_logo,12,2026-05-01
e6e3da5c-10ac-46fc-bbd8-7e5378e7d631,2026-06,1161.9,a60f4ecc-7166-45ec-a983-94600a12fdd1,f88f49c7-7608-43e6-8d13-6cd1eb8532f7,new_logo,12,2026-06-01
e6e3da5c-10ac-46fc-bbd8-7e5378e7d631,2026-07,1161.9,a60f4ecc-7166-45ec-a983-94600a12fdd1,f88f49c7-7608-43e6-8d13-6cd1eb8532f7,new_logo,12,2026-07-01
e6e3da5c-10ac-46fc-bbd8-7e5378e7d631,2026-08,1161.9,a60f4ecc-7166-45ec-a983-94600a12fdd1,f88f49c7-7608-43e6-8d13-6cd1eb8532f7,new_logo,12,2026-08-01
e6e3da5c-10ac-46fc-bbd8-7e5378e7d631,2026-09,1161.9,a60f4ecc-7166-45ec-a983-94600a12fdd1,f88f49c7-7608-43e6-8d13-6cd1eb8532f7,new_logo,12,2026-09-01
e6e3da5c-10ac-46fc-bbd8-7e5378e7d631,2026-02,976.49,a931bccb-944b-4137-bf11-b4634e750398,298b2b2c-5dbc-4682-aff3-58aaaafccbcf,new_logo,12,2026-02-01
e6e3da5c-10ac-46fc-bbd8-7e5378e7d631,2026-03,976.49,a931bccb-944b-4137-bf11-b4634e750398,298b2b2c-5dbc-4682-aff3-58aaaafccbcf,new_logo,12,2026-03-01
e6e3da5c-10ac-46fc-bbd8-7e5378e7d631,2026-04,976.49,a931bccb-944b-4137-bf11-b4634e750398,298b2b2c-5dbc-4682-aff3-58aaaafccbcf,new_logo,12,2026-04-01
e6e3da5c-10ac-46fc-bbd8-7e5378e7d631,2026-05,976.49,a931bccb-944b-4137-bf11-b4634e750398,298b2b2c-5dbc-4682-aff3-58aaaafccbcf,new_logo,12,2026-05-01
e6e3da5c-10ac-46fc-bbd8-7e5378e7d631,2026-06,976.49,a931bccb-944b-4137-bf11-b4634e750398,298b2b2c-5dbc-4682-aff3-58aaaafccbcf,new_logo,12,2026-06-01
e6e3da5c-10ac-46fc-bbd8-7e5378e7d631,2026-07,976.49,a931bccb-944b-4137-bf11-b4634e750398,298b2b2c-5dbc-4682-aff3-58aaaafccbcf,new_logo,12,2026-07-01
e6e3da5c-10ac-46fc-bbd8-7e5378e7d631,2026-08,976.49,a931bccb-944b-4137-bf11-b4634e750398,298b2b2c-5dbc-4682-aff3-58aaaafccbcf,new_logo,12,2026-08-01
e6e3da5c-10ac-46fc-bbd8-7e5378e7d631,2026-09,976.49,a931bccb-944b-4137-bf11-b4634e750398,298b2b2c-5dbc-4682-aff3-58aaaafccbcf,new_logo,12,2026-09-01
29452830-c830-41dc-bde2-225c35008a56,2025-12,1106.67,d6d107b8-5306-4e3e-ab80-a0c44022a4a4,f5e09941-becb-491b-905c-b7307f9b39fc,churn,12,2025-12-01
29452830-c830-41dc-bde2-225c35008a56,2026-01,1106.67,d6d107b8-5306-4e3e-ab80-a0c44022a4a4,f5e09941-becb-491b-905c-b7307f9b39fc,churn,12,2026-01-01
29452830-c830-41dc-bde2-225c35008a56,2026-02,1106.67,d6d107b8-5306-4e3e-ab80-a0c44022a4a4,f5e09941-becb-491b-905c-b7307f9b39fc,churn,12,2026-02-01
29452830-c830-41dc-bde2-225c35008a56,2026-03,1106.67,d6d107b8-5306-4e3e-ab80-a0c44022a4a4,f5e09941-becb-491b-905c-b7307f9b39fc,churn,12,2026-03-01
29452830-c830-41dc-bde2-225c35008a56,2026-04,1106.67,d6d107b8-5306-4e3e-ab80-a0c44022a4a4,f5e09941-becb-491b-905c-b7307f9b39fc,churn,12,2026-04-01
29452830-c830-41dc-bde2-225c35008a56,2026-05,1106.67,d6d107b8-5306-4e3e-ab80-a0c44022a4a4,f5e09941-becb-491b-905c-b7307f9b39fc,churn,12,2026-05-01
29452830-c830-41dc-bde2-225c35008a56,2026-06,1106.67,d6d107b8-5306-4e3e-ab80-a0c44022a4a4,f5e09941-becb-491b-905c-b7307f9b39fc,churn,12,2026-06-01
29452830-c830-41dc-bde2-225c35008a56,2026-07,1106.67,d6d107b8-5306-4e3e-ab80-a0c44022a4a4,f5e09941-becb-491b-905c-b7307f9b39fc,churn,12,2026-07-01
29452830-c830-41dc-bde2-225c35008a56,2026-08,1106.67,d6d107b8-5306-4e3e-ab80-a0c44022a4a4,f5e09941-becb-491b-905c-b7307f9b39fc,churn,12,2026-08-01
29452830-c830-41dc-bde2-225c35008a56,2026-09,1106.67,d6d107b8-5306-4e3e-ab80-a0c44022a4a4,f5e09941-becb-491b-905c-b7307f9b39fc,churn,12,2026-09-01
29452830-c830-41dc-bde2-225c35008a56,2026-05,1044.4,95a7e0aa-8fb0-4729-afd9-18c0643a41be,955868a7-0018-4713-a0fc-31ed13c0f37b,renewal,12,2026-05-01
29452830-c830-41dc-bde2-225c35008a56,2026-06,1044.4,95a7e0aa-8fb0-4729-afd9-18c0643a41be,955868a7-0018-4713-a0fc-31ed13c0f37b,renewal,12,2026-06-01
29452830-c830-41dc-bde2-225c35008a56,2026-07,1044.4,95a7e0aa-8fb0-4729-afd9-18c0643a41be,955868a7-0018-4713-a0fc-31ed13c0f37b,renewal,12,2026-07-01
29452830-c830-41dc-bde2-225c35008a56,2026-08,1044.4,95a7e0aa-8fb0-4729-afd9-18c0643a41be,955868a7-0018-4713-a0fc-31ed13c0f37b,renewal,12,2026-08-01
29452830-c830-41dc-bde2-225c35008a56,2026-09,1044.4,95a7e0aa-8fb0-4729-afd9-18c0643a41be,955868a7-0018-4713-a0fc-31ed13c0f37b,renewal,12,2026-09-01
29452830-c830-41dc-bde2-225c35008a56,2026-08,1084.77,b2d9aee6-5a52-43d6-85a8-d28703e82cb9,476e80c1-3b29-4ac4-bdd4-81312ce39507,churn,12,2026-08-01
29452830-c830-41dc-bde2-225c35008a56,2026-09,1084.77,b2d9aee6-5a52-43d6-85a8-d28703e82cb9,476e80c1-3b29-4ac4-bdd4-81312ce39507,churn,12,2026-09-01
29452830-c830-41dc-bde2-225c35008a56,2026-02,873.03,a60f4ecc-7166-45ec-a983-94600a12fdd1,fc3e00d9-34cb-402d-8a34-0c6e8ac91c18,churn,12,2026-02-01
29452830-c830-41dc-bde2-225c35008a56,2026-03,873.03,a60f4ecc-7166-45ec-a983-94600a12fdd1,fc3e00d9-34cb-402d-8a34-0c6e8ac91c18,churn,12,2026-03-01
29452830-c830-41dc-bde2-225c35008a56,2026-04,873.03,a60f4ecc-7166-45ec-a983-94600a12fdd1,fc3e00d9-34cb-402d-8a34-0c6e8ac91c18,churn,12,2026-04-01
29452830-c830-41dc-bde2-225c35008a56,2026-05,873.03,a60f4ecc-7166-45ec-a983-94600a12fdd1,fc3e00d9-34cb-402d-8a34-0c6e8ac91c18,churn,12,2026-05-01
29452830-c830-41dc-bde2-225c35008a56,2026-06,873.03,a60f4ecc-7166-45ec-a983-94600a12fdd1,fc3e00d9-34cb-402d-8a34-0c6e8ac91c18,churn,12,2026-06-01
29452830-c830-41dc-bde2-225c35008a56,2026-07,873.03,a60f4ecc-7166-45ec-a983-94600a12fdd1,fc3e00d9-34cb-402d-8a34-0c6e8ac91c18,churn,12,2026-07-01
29452830-c830-41dc-bde2-225c35008a56,2026-08,873.03,a60f4ecc-7166-45ec-a983-94600a12fdd1,fc3e00d9-34cb-402d-8a34-0c6e8ac91c18,churn,12,2026-08-01
29452830-c830-41dc-bde2-225c35008a56,2026-09,873.03,a60f4ecc-7166-45ec-a983-94600a12fdd1,fc3e00d9-34cb-402d-8a34-0c6e8ac91c18,churn,12,2026-09-01
29452830-c830-41dc-bde2-225c35008a56,2025-12,1041.73,3b9a200e-7a11-4444-9e86-d94946c00979,64586071-0cb7-4902-9c4b-b677fa64e489,churn,12,2025-12-01
29452830-c830-41dc-bde2-225c35008a56,2026-01,1041.73,3b9a200e-7a11-4444-9e86-d94946c00979,64586071-0cb7-4902-9c4b-b677fa64e489,churn,12,2026-01-01
29452830-c830-41dc-bde2-225c35008a56,2026-02,1041.73,3b9a200e-7a11-4444-9e86-d94946c00979,64586071-0cb7-4902-9c4b-b677fa64e489,churn,12,2026-02-01
29452830-c830-41dc-bde2-225c35008a56,2026-03,1041.73,3b9a200e-7a11-4444-9e86-d94946c00979,64586071-0cb7-4902-9c4b-b677fa64e489,churn,12,2026-03-01
29452830-c830-41dc-bde2-225c35008a56,2026-04,1041.73,3b9a200e-7a11-4444-9e86-d94946c00979,64586071-0cb7-4902-9c4b-b677fa64e489,churn,12,2026-04-01
29452830-c830-41dc-bde2-225c35008a56,2026-05,1041.73,3b9a200e-7a11-4444-9e86-d94946c00979,64586071-0cb7-4902-9c4b-b677fa64e489,churn,12,2026-05-01
29452830-c830-41dc-bde2-225c35008a56,2026-06,1041.73,3b9a200e-7a11-4444-9e86-d94946c00979,64586071-0cb7-4902-9c4b-b677fa64e489,churn,12,2026-06-01
29452830-c830-41dc-bde2-225c35008a56,2026-07,1041.73,3b9a200e-7a11-4444-9e86-d94946c00979,64586071-0cb7-4902-9c4b-b677fa64e489,churn,12,2026-07-01
29452830-c830-41dc-bde2-225c35008a56,2026-08,1041.73,3b9a200e-7a11-4444-9e86-d94946c00979,64586071-0cb7-4902-9c4b-b677fa64e489,churn,12,2026-08-01
29452830-c830-41dc-bde2-225c35008a56,2026-09,1041.73,3b9a200e-7a11-4444-9e86-d94946c00979,64586071-0cb7-4902-9c4b-b677fa64e489,churn,12,2026-09-01
ec847390-1f72-4f2c-aece-d6c8a794b9e6,2025-08,2089.27,ef4eae54-db6e-4aa0-bbfb-86561cebf8c3,49274357-ab04-4ec3-b2b1-79ee7657b255,churn,12,2025-08-01
ec847390-1f72-4f2c-aece-d6c8a794b9e6,2025-09,2089.27,ef4eae54-db6e-4aa0-bbfb-86561cebf8c3,49274357-ab04-4ec3-b2b1-79ee7657b255,churn,12,2025-09-01
ec847390-1f72-4f2c-aece-d6c8a794b9e6,2025-10,2089.27,ef4eae54-db6e-4aa0-bbfb-86561cebf8c3,49274357-ab04-4ec3-b2b1-79ee7657b255,churn,12,2025-10-01
ec847390-1f72-4f2c-aece-d6c8a794b9e6,2025-11,2089.27,ef4eae54-db6e-4aa0-bbfb-86561cebf8c3,49274357-ab04-4ec3-b2b1-79ee7657b255,churn,12,2025-11-01
ec847390-1f72-4f2c-aece-d6c8a794b9e6,2025-12,2089.27,ef4eae54-db6e-4aa0-bbfb-86561cebf8c3,49274357-ab04-4ec3-b2b1-79ee7657b255,churn,12,2025-12-01
ec847390-1f72-4f2c-aece-d6c8a794b9e6,2026-01,2089.27,ef4eae54-db6e-4aa0-bbfb-86561cebf8c3,49274357-ab04-4ec3-b2b1-79ee7657b255,churn,12,2026-01-01
ec847390-1f72-4f2c-aece-d6c8a794b9e6,2026-02,2089.27,ef4eae54-db6e-4aa0-bbfb-86561cebf8c3,49274357-ab04-4ec3-b2b1-79ee7657b255,churn,12,2026-02-01
ec847390-1f72-4f2c-aece-d6c8a794b9e6,2026-03,2089.27,ef4eae54-db6e-4aa0-bbfb-86561cebf8c3,49274357-ab04-4ec3-b2b1-79ee7657b255,churn,12,2026-03-01
ec847390-1f72-4f2c-aece-d6c8a794b9e6,2026-04,2089.27,ef4eae54-db6e-4aa0-bbfb-86561cebf8c3,49274357-ab04-4ec3-b2b1-79ee7657b255,churn,12,2026-04-01
ec847390-1f72-4f2c-aece-d6c8a794b9e6,2026-05,2089.27,ef4eae54-db6e-4aa0-bbfb-86561cebf8c3,49274357-ab04-4ec3-b2b1-79ee7657b255,churn,12,2026-05-01
ec847390-1f72-4f2c-aece-d6c8a794b9e6,2026-06,2089.27,ef4eae54-db6e-4aa0-bbfb-86561cebf8c3,49274357-ab04-4ec3-b2b1-79ee7657b255,churn,12,2026-06-01
ec847390-1f72-4f2c-aece-d6c8a794b9e6,2026-07,2089.27,ef4eae54-db6e-4aa0-bbfb-86561cebf8c3,49274357-ab04-4ec3-b2b1-79ee7657b255,churn,12,2026-07-01
ec847390-1f72-4f2c-aece-d6c8a794b9e6,2025-08,2863.91,3e6c1e03-5424-4289-876f-badbf912f4ac,9990a7ca-dc6b-4a21-b636-52fcd1dd9462,churn,12,2025-08-01
ec847390-1f72-4f2c-aece-d6c8a794b9e6,2025-09,2863.91,3e6c1e03-5424-4289-876f-badbf912f4ac,9990a7ca-dc6b-4a21-b636-52fcd1dd9462,churn,12,2025-09-01
ec847390-1f72-4f2c-aece-d6c8a794b9e6,2025-10,2863.91,3e6c1e03-5424-4289-876f-badbf912f4ac,9990a7ca-dc6b-4a21-b636-52fcd1dd9462,churn,12,2025-10-01
ec847390-1f72-4f2c-aece-d6c8a794b9e6,2025-11,2863.91,3e6c1e03-5424-4289-876f-badbf912f4ac,9990a7ca-dc6b-4a21-b636-52fcd1dd9462,churn,12,2025-11-01
ec847390-1f72-4f2c-aece-d6c8a794b9e6,2025-12,2863.91,3e6c1e03-5424-4289-876f-badbf912f4ac,9990a7ca-dc6b-4a21-b636-52fcd1dd9462,churn,12,2025-12-01
ec847390-1f72-4f2c-aece-d6c8a794b9e6,2026-01,2863.91,3e6c1e03-5424-4289-876f-badbf912f4ac,9990a7ca-dc6b-4a21-b636-52fcd1dd9462,churn,12,2026-01-01
ec847390-1f72-4f2c-aece-d6c8a794b9e6,2026-02,2863.91,3e6c1e03-5424-4289-876f-badbf912f4ac,9990a7ca-dc6b-4a21-b636-52fcd1dd9462,churn,12,2026-02-01
ec847390-1f72-4f2c-aece-d6c8a794b9e6,2026-03,2863.91,3e6c1e03-5424-4289-876f-badbf912f4ac,9990a7ca-dc6b-4a21-b636-52fcd1dd9462,churn,12,2026-03-01
ec847390-1f72-4f2c-aece-d6c8a794b9e6,2026-04,2863.91,3e6c1e03-5424-4289-876f-badbf912f4ac,9990a7ca-dc6b-4a21-b636-52fcd1dd9462,churn,12,2026-04-01
ec847390-1f72-4f2c-aece-d6c8a794b9e6,2026-05,2863.91,3e6c1e03-5424-4289-876f-badbf912f4ac,9990a7ca-dc6b-4a21-b636-52fcd1dd9462,churn,12,2026-05-01
ec847390-1f72-4f2c-aece-d6c8a794b9e6,2026-06,2863.91,3e6c1e03-5424-4289-876f-badbf912f4ac,9990a7ca-dc6b-4a21-b636-52fcd1dd9462,churn,12,2026-06-01
ec847390-1f72-4f2c-aece-d6c8a794b9e6,2026-07,2863.91,3e6c1e03-5424-4289-876f-badbf912f4ac,9990a7ca-dc6b-4a21-b636-52fcd1dd9462,churn,12,2026-07-01
ec847390-1f72-4f2c-aece-d6c8a794b9e6,2026-06,2025.04,ecf8195f-7b2b-4256-904b-6acacf411616,fdde670e-8a4c-4d9b-ad0d-cb29c098980e,new_logo,12,2026-06-01
ec847390-1f72-4f2c-aece-d6c8a794b9e6,2026-07,2025.04,ecf8195f-7b2b-4256-904b-6acacf411616,fdde670e-8a4c-4d9b-ad0d-cb29c098980e,new_logo,12,2026-07-01
ec847390-1f72-4f2c-aece-d6c8a794b9e6,2026-08,2025.04,ecf8195f-7b2b-4256-904b-6acacf411616,fdde670e-8a4c-4d9b-ad0d-cb29c098980e,new_logo,12,2026-08-01
ec847390-1f72-4f2c-aece-d6c8a794b9e6,2026-09,2025.04,ecf8195f-7b2b-4256-904b-6acacf411616,fdde670e-8a4c-4d9b-ad0d-cb29c098980e,new_logo,12,2026-09-01
ec847390-1f72-4f2c-aece-d6c8a794b9e6,2026-03,2517.4,82045fe3-926b-44fd-9eb2-572107ca6ffc,c19023e6-3a2f-4f4f-b77a-0c1b10610b27,renewal,12,2026-03-01
ec847390-1f72-4f2c-aece-d6c8a794b9e6,2026-04,2517.4,82045fe3-926b-44fd-9eb2-572107ca6ffc,c19023e6-3a2f-4f4f-b77a-0c1b10610b27,renewal,12,2026-04-01
ec847390-1f72-4f2c-aece-d6c8a794b9e6,2026-05,2517.4,82045fe3-926b-44fd-9eb2-572107ca6ffc,c19023e6-3a2f-4f4f-b77a-0c1b10610b27,renewal,12,2026-05-01
ec847390-1f72-4f2c-aece-d6c8a794b9e6,2026-06,2517.4,82045fe3-926b-44fd-9eb2-572107ca6ffc,c19023e6-3a2f-4f4f-b77a-0c1b10610b27,renewal,12,2026-06-01
ec847390-1f72-4f2c-aece-d6c8a794b9e6,2026-07,2517.4,82045fe3-926b-44fd-9eb2-572107ca6ffc,c19023e6-3a2f-4f4f-b77a-0c1b10610b27,renewal,12,2026-07-01
ec847390-1f72-4f2c-aece-d6c8a794b9e6,2026-08,2517.4,82045fe3-926b-44fd-9eb2-572107ca6ffc,c19023e6-3a2f-4f4f-b77a-0c1b10610b27,renewal,12,2026-08-01
ec847390-1f72-4f2c-aece-d6c8a794b9e6,2026-09,2517.4,82045fe3-926b-44fd-9eb2-572107ca6ffc,c19023e6-3a2f-4f4f-b77a-0c1b10610b27,renewal,12,2026-09-01
ec847390-1f72-4f2c-aece-d6c8a794b9e6,2025-08,2213.32,bd5b64fe-cff4-457e-a820-9aff598bf702,d321c610-fdd1-4eb4-9f4a-71b60f3d28c3,new_logo,12,2025-08-01
ec847390-1f72-4f2c-aece-d6c8a794b9e6,2025-09,2213.32,bd5b64fe-cff4-457e-a820-9aff598bf702,d321c610-fdd1-4eb4-9f4a-71b60f3d28c3,new_logo,12,2025-09-01
ec847390-1f72-4f2c-aece-d6c8a794b9e6,2025-10,2213.32,bd5b64fe-cff4-457e-a820-9aff598bf702,d321c610-fdd1-4eb4-9f4a-71b60f3d28c3,new_logo,12,2025-10-01
ec847390-1f72-4f2c-aece-d6c8a794b9e6,2025-11,2213.32,bd5b64fe-cff4-457e-a820-9aff598bf702,d321c610-fdd1-4eb4-9f4a-71b60f3d28c3,new_logo,12,2025-11-01
ec847390-1f72-4f2c-aece-d6c8a794b9e6,2025-12,2213.32,bd5b64fe-cff4-457e-a820-9aff598bf702,d321c610-fdd1-4eb4-9f4a-71b60f3d28c3,new_logo,12,2025-12-01
ec847390-1f72-4f2c-aece-d6c8a794b9e6,2026-01,2213.32,bd5b64fe-cff4-457e-a820-9aff598bf702,d321c610-fdd1-4eb4-9f4a-71b60f3d28c3,new_logo,12,2026-01-01
ec847390-1f72-4f2c-aece-d6c8a794b9e6,2026-02,2213.32,bd5b64fe-cff4-457e-a820-9aff598bf702,d321c610-fdd1-4eb4-9f4a-71b60f3d28c3,new_logo,12,2026-02-01
ec847390-1f72-4f2c-aece-d6c8a794b9e6,2026-03,2213.32,bd5b64fe-cff4-457e-a820-9aff598bf702,d321c610-fdd1-4eb4-9f4a-71b60f3d28c3,new_logo,12,2026-03-01
ec847390-1f72-4f2c-aece-d6c8a794b9e6,2026-04,2213.32,bd5b64fe-cff4-457e-a820-9aff598bf702,d321c610-fdd1-4eb4-9f4a-71b60f3d28c3,new_logo,12,2026-04-01
ec847390-1f72-4f2c-aece-d6c8a794b9e6,2026-05,2213.32,bd5b64fe-cff4-457e-a820-9aff598bf702,d321c610-fdd1-4eb4-9f4a-71b60f3d28c3,new_logo,12,2026-05-01
ec847390-1f72-4f2c-aece-d6c8a794b9e6,2026-06,2213.32,bd5b64fe-cff4-457e-a820-9aff598bf702,d321c610-fdd1-4eb4-9f4a-71b60f3d28c3,new_logo,12,2026-06-01
ec847390-1f72-4f2c-aece-d6c8a794b9e6,2026-07,2213.32,bd5b64fe-cff4-457e-a820-9aff598bf702,d321c610-fdd1-4eb4-9f4a-71b60f3d28c3,new_logo,12,2026-07-01
e86a69d9-3595-4c07-9821-248f968e091d,2026-01,2483.1,a53c6fad-3819-461d-a5d8-e814d502ab60,0d495e39-0451-4d28-9862-18913107fdfc,churn,12,2026-01-01
e86a69d9-3595-4c07-9821-248f968e091d,2026-02,2483.1,a53c6fad-3819-461d-a5d8-e814d502ab60,0d495e39-0451-4d28-9862-18913107fdfc,churn,12,2026-02-01
e86a69d9-3595-4c07-9821-248f968e091d,2026-03,2483.1,a53c6fad-3819-461d-a5d8-e814d502ab60,0d495e39-0451-4d28-9862-18913107fdfc,churn,12,2026-03-01
e86a69d9-3595-4c07-9821-248f968e091d,2026-04,2483.1,a53c6fad-3819-461d-a5d8-e814d502ab60,0d495e39-0451-4d28-9862-18913107fdfc,churn,12,2026-04-01
e86a69d9-3595-4c07-9821-248f968e091d,2026-05,2483.1,a53c6fad-3819-461d-a5d8-e814d502ab60,0d495e39-0451-4d28-9862-18913107fdfc,churn,12,2026-05-01
e86a69d9-3595-4c07-9821-248f968e091d,2026-06,2483.1,a53c6fad-3819-461d-a5d8-e814d502ab60,0d495e39-0451-4d28-9862-18913107fdfc,churn,12,2026-06-01
e86a69d9-3595-4c07-9821-248f968e091d,2026-07,2483.1,a53c6fad-3819-461d-a5d8-e814d502ab60,0d495e39-0451-4d28-9862-18913107fdfc,churn,12,2026-07-01
e86a69d9-3595-4c07-9821-248f968e091d,2026-08,2483.1,a53c6fad-3819-461d-a5d8-e814d502ab60,0d495e39-0451-4d28-9862-18913107fdfc,churn,12,2026-08-01
e86a69d9-3595-4c07-9821-248f968e091d,2026-09,2483.1,a53c6fad-3819-461d-a5d8-e814d502ab60,0d495e39-0451-4d28-9862-18913107fdfc,churn,12,2026-09-01
e86a69d9-3595-4c07-9821-248f968e091d,2026-07,2353.06,a53c6fad-3819-461d-a5d8-e814d502ab60,0d4c7070-64ac-44e6-b826-e214ca66a9d5,new_logo,12,2026-07-01
e86a69d9-3595-4c07-9821-248f968e091d,2026-08,2353.06,a53c6fad-3819-461d-a5d8-e814d502ab60,0d4c7070-64ac-44e6-b826-e214ca66a9d5,new_logo,12,2026-08-01
e86a69d9-3595-4c07-9821-248f968e091d,2026-09,2353.06,a53c6fad-3819-461d-a5d8-e814d502ab60,0d4c7070-64ac-44e6-b826-e214ca66a9d5,new_logo,12,2026-09-01
e86a69d9-3595-4c07-9821-248f968e091d,2026-01,2814.23,0b466d14-eff2-4a7d-8cda-c9b7b6a7611b,90fc7497-2b58-46ca-b0f0-8d4d08f24966,renewal,12,2026-01-01
e86a69d9-3595-4c07-9821-248f968e091d,2026-02,2814.23,0b466d14-eff2-4a7d-8cda-c9b7b6a7611b,90fc7497-2b58-46ca-b0f0-8d4d08f24966,renewal,12,2026-02-01
e86a69d9-3595-4c07-9821-248f968e091d,2026-03,2814.23,0b466d14-eff2-4a7d-8cda-c9b7b6a7611b,90fc7497-2b58-46ca-b0f0-8d4d08f24966,renewal,12,2026-03-01
e86a69d9-3595-4c07-9821-248f968e091d,2026-04,2814.23,0b466d14-eff2-4a7d-8cda-c9b7b6a7611b,90fc7497-2b58-46ca-b0f0-8d4d08f24966,renewal,12,2026-04-01
e86a69d9-3595-4c07-9821-248f968e091d,2026-05,2814.23,0b466d14-eff2-4a7d-8cda-c9b7b6a7611b,90fc7497-2b58-46ca-b0f0-8d4d08f24966,renewal,12,2026-05-01
e86a69d9-3595-4c07-9821-248f968e091d,2026-06,2814.23,0b466d14-eff2-4a7d-8cda-c9b7b6a7611b,90fc7497-2b58-46ca-b0f0-8d4d08f24966,renewal,12,2026-06-01
e86a69d9-3595-4c07-9821-248f968e091d,2026-07,2814.23,0b466d14-eff2-4a7d-8cda-c9b7b6a7611b,90fc7497-2b58-46ca-b0f0-8d4d08f24966,renewal,12,2026-07-01
e86a69d9-3595-4c07-9821-248f968e091d,2026-08,2814.23,0b466d14-eff2-4a7d-8cda-c9b7b6a7611b,90fc7497-2b58-46ca-b0f0-8d4d08f24966,renewal,12,2026-08-01
e86a69d9-3595-4c07-9821-248f968e091d,2026-09,2814.23,0b466d14-eff2-4a7d-8cda-c9b7b6a7611b,90fc7497-2b58-46ca-b0f0-8d4d08f24966,renewal,12,2026-09-01
e86a69d9-3595-4c07-9821-248f968e091d,2026-08,2825.01,71af002c-866b-4aeb-ae07-ea574de1325f,871d9718-639f-4937-ade2-557ba070e67b,renewal,12,2026-08-01
e86a69d9-3595-4c07-9821-248f968e091d,2026-09,2825.01,71af002c-866b-4aeb-ae07-ea574de1325f,871d9718-639f-4937-ade2-557ba070e67b,renewal,12,2026-09-01
e86a69d9-3595-4c07-9821-248f968e091d,2025-11,2090.13,c728d490-209d-4942-b6fb-2848945a0c4c,326066ab-fabd-4899-a6a2-9542d0d38f34,churn,12,2025-11-01
e86a69d9-3595-4c07-9821-248f968e091d,2025-12,2090.13,c728d490-209d-4942-b6fb-2848945a0c4c,326066ab-fabd-4899-a6a2-9542d0d38f34,churn,12,2025-12-01
e86a69d9-3595-4c07-9821-248f968e091d,2026-01,2090.13,c728d490-209d-4942-b6fb-2848945a0c4c,326066ab-fabd-4899-a6a2-9542d0d38f34,churn,12,2026-01-01
e86a69d9-3595-4c07-9821-248f968e091d,2026-02,2090.13,c728d490-209d-4942-b6fb-2848945a0c4c,326066ab-fabd-4899-a6a2-9542d0d38f34,churn,12,2026-02-01
e86a69d9-3595-4c07-9821-248f968e091d,2026-03,2090.13,c728d490-209d-4942-b6fb-2848945a0c4c,326066ab-fabd-4899-a6a2-9542d0d38f34,churn,12,2026-03-01
e86a69d9-3595-4c07-9821-248f968e091d,2026-04,2090.13,c728d490-209d-4942-b6fb-2848945a0c4c,326066ab-fabd-4899-a6a2-9542d0d38f34,churn,12,2026-04-01
e86a69d9-3595-4c07-9821-248f968e091d,2026-05,2090.13,c728d490-209d-4942-b6fb-2848945a0c4c,326066ab-fabd-4899-a6a2-9542d0d38f34,churn,12,2026-05-01
e86a69d9-3595-4c07-9821-248f968e091d,2026-06,2090.13,c728d490-209d-4942-b6fb-2848945a0c4c,326066ab-fabd-4899-a6a2-9542d0d38f34,churn,12,2026-06-01
e86a69d9-3595-4c07-9821-248f968e091d,2026-07,2090.13,c728d490-209d-4942-b6fb-2848945a0c4c,326066ab-fabd-4899-a6a2-9542d0d38f34,churn,12,2026-07-01
e86a69d9-3595-4c07-9821-248f968e091d,2026-08,2090.13,c728d490-209d-4942-b6fb-2848945a0c4c,326066ab-fabd-4899-a6a2-9542d0d38f34,churn,12,2026-08-01
e86a69d9-3595-4c07-9821-248f968e091d,2026-09,2090.13,c728d490-209d-4942-b6fb-2848945a0c4c,326066ab-fabd-4899-a6a2-9542d0d38f34,churn,12,2026-09-01
645d5f16-eab8-4b66-b614-b170c42fcd94,2025-11,546.45,ef4eae54-db6e-4aa0-bbfb-86561cebf8c3,8fe2ef5b-7a11-4514-9e27-ae6a5519ab15,renewal,12,2025-11-01
645d5f16-eab8-4b66-b614-b170c42fcd94,2025-12,546.45,ef4eae54-db6e-4aa0-bbfb-86561cebf8c3,8fe2ef5b-7a11-4514-9e27-ae6a5519ab15,renewal,12,2025-12-01
645d5f16-eab8-4b66-b614-b170c42fcd94,2026-01,546.45,ef4eae54-db6e-4aa0-bbfb-86561cebf8c3,8fe2ef5b-7a11-4514-9e27-ae6a5519ab15,renewal,12,2026-01-01
645d5f16-eab8-4b66-b614-b170c42fcd94,2026-02,546.45,ef4eae54-db6e-4aa0-bbfb-86561cebf8c3,8fe2ef5b-7a11-4514-9e27-ae6a5519ab15,renewal,12,2026-02-01
645d5f16-eab8-4b66-b614-b170c42fcd94,2026-03,546.45,ef4eae54-db6e-4aa0-bbfb-86561cebf8c3,8fe2ef5b-7a11-4514-9e27-ae6a5519ab15,renewal,12,2026-03-01
645d5f16-eab8-4b66-b614-b170c42fcd94,2026-04,546.45,ef4eae54-db6e-4aa0-bbfb-86561cebf8c3,8fe2ef5b-7a11-4514-9e27-ae6a5519ab15,renewal,12,2026-04-01
645d5f16-eab8-4b66-b614-b170c42fcd94,2026-05,546.45,ef4eae54-db6e-4aa0-bbfb-86561cebf8c3,8fe2ef5b-7a11-4514-9e27-ae6a5519ab15,renewal,12,2026-05-01
645d5f16-eab8-4b66-b614-b170c42fcd94,2026-06,546.45,ef4eae54-db6e-4aa0-bbfb-86561cebf8c3,8fe2ef5b-7a11-4514-9e27-ae6a5519ab15,renewal,12,2026-06-01
645d5f16-eab8-4b66-b614-b170c42fcd94,2026-07,546.45,ef4eae54-db6e-4aa0-bbfb-86561cebf8c3,8fe2ef5b-7a11-4514-9e27-ae6a5519ab15,renewal,12,2026-07-01
645d5f16-eab8-4b66-b614-b170c42fcd94,2026-08,546.45,ef4eae54-db6e-4aa0-bbfb-86561cebf8c3,8fe2ef5b-7a11-4514-9e27-ae6a5519ab15,renewal,12,2026-08-01
645d5f16-eab8-4b66-b614-b170c42fcd94,2026-09,546.45,ef4eae54-db6e-4aa0-bbfb-86561cebf8c3,8fe2ef5b-7a11-4514-9e27-ae6a5519ab15,renewal,12,2026-09-01
645d5f16-eab8-4b66-b614-b170c42fcd94,2025-12,637.47,674e63d2-4259-4899-9529-6fdb5c5089c9,8f9853ca-a25c-497b-8064-4c59d5e1f086,renewal,12,2025-12-01
645d5f16-eab8-4b66-b614-b170c42fcd94,2026-01,637.47,674e63d2-4259-4899-9529-6fdb5c5089c9,8f9853ca-a25c-497b-8064-4c59d5e1f086,renewal,12,2026-01-01
645d5f16-eab8-4b66-b614-b170c42fcd94,2026-02,637.47,674e63d2-4259-4899-9529-6fdb5c5089c9,8f9853ca-a25c-497b-8064-4c59d5e1f086,renewal,12,2026-02-01
645d5f16-eab8-4b66-b614-b170c42fcd94,2026-03,637.47,674e63d2-4259-4899-9529-6fdb5c5089c9,8f9853ca-a25c-497b-8064-4c59d5e1f086,renewal,12,2026-03-01
645d5f16-eab8-4b66-b614-b170c42fcd94,2026-04,637.47,674e63d2-4259-4899-9529-6fdb5c5089c9,8f9853ca-a25c-497b-8064-4c59d5e1f086,renewal,12,2026-04-01
645d5f16-eab8-4b66-b614-b170c42fcd94,2026-05,637.47,674e63d2-4259-4899-9529-6fdb5c5089c9,8f9853ca-a25c-497b-8064-4c59d5e1f086,renewal,12,2026-05-01
645d5f16-eab8-4b66-b614-b170c42fcd94,2026-06,637.47,674e63d2-4259-4899-9529-6fdb5c5089c9,8f9853ca-a25c-497b-8064-4c59d5e1f086,renewal,12,2026-06-01
645d5f16-eab8-4b66-b614-b170c42fcd94,2026-07,637.47,674e63d2-4259-4899-9529-6fdb5c5089c9,8f9853ca-a25c-497b-8064-4c59d5e1f086,renewal,12,2026-07-01
645d5f16-eab8-4b66-b614-b170c42fcd94,2026-08,637.47,674e63d2-4259-4899-9529-6fdb5c5089c9,8f9853ca-a25c-497b-8064-4c59d5e1f086,renewal,12,2026-08-01
645d5f16-eab8-4b66-b614-b170c42fcd94,2026-09,637.47,674e63d2-4259-4899-9529-6fdb5c5089c9,8f9853ca-a25c-497b-8064-4c59d5e1f086,renewal,12,2026-09-01
645d5f16-eab8-4b66-b614-b170c42fcd94,2026-02,641.99,4e6fbf38-350c-4d07-9c0c-6ef53b83d75b,8a066e4d-553f-4351-a9f0-8580bd63a8fc,churn,12,2026-02-01
645d5f16-eab8-4b66-b614-b170c42fcd94,2026-03,641.99,4e6fbf38-350c-4d07-9c0c-6ef53b83d75b,8a066e4d-553f-4351-a9f0-8580bd63a8fc,churn,12,2026-03-01
645d5f16-eab8-4b66-b614-b170c42fcd94,2026-04,641.99,4e6fbf38-350c-4d07-9c0c-6ef53b83d75b,8a066e4d-553f-4351-a9f0-8580bd63a8fc,churn,12,2026-04-01
645d5f16-eab8-4b66-b614-b170c42fcd94,2026-05,641.99,4e6fbf38-350c-4d07-9c0c-6ef53b83d75b,8a066e4d-553f-4351-a9f0-8580bd63a8fc,churn,12,2026-05-01
645d5f16-eab8-4b66-b614-b170c42fcd94,2026-06,641.99,4e6fbf38-350c-4d07-9c0c-6ef53b83d75b,8a066e4d-553f-4351-a9f0-8580bd63a8fc,churn,12,2026-06-01
645d5f16-eab8-4b66-b614-b170c42fcd94,2026-07,641.99,4e6fbf38-350c-4d07-9c0c-6ef53b83d75b,8a066e4d-553f-4351-a9f0-8580bd63a8fc,churn,12,2026-07-01
645d5f16-eab8-4b66-b614-b170c42fcd94,2026-08,641.99,4e6fbf38-350c-4d07-9c0c-6ef53b83d75b,8a066e4d-553f-4351-a9f0-8580bd63a8fc,churn,12,2026-08-01
645d5f16-eab8-4b66-b614-b170c42fcd94,2026-09,641.99,4e6fbf38-350c-4d07-9c0c-6ef53b83d75b,8a066e4d-553f-4351-a9f0-8580bd63a8fc,churn,12,2026-09-01
645d5f16-eab8-4b66-b614-b170c42fcd94,2026-05,718.3,86ef8c2b-ef4e-4a5e-b079-2b0b19231263,578e2970-992b-47ae-95ff-73323a4050cb,new_logo,12,2026-05-01
645d5f16-eab8-4b66-b614-b170c42fcd94,2026-06,718.3,86ef8c2b-ef4e-4a5e-b079-2b0b19231263,578e2970-992b-47ae-95ff-73323a4050cb,new_logo,12,2026-06-01
645d5f16-eab8-4b66-b614-b170c42fcd94,2026-07,718.3,86ef8c2b-ef4e-4a5e-b079-2b0b19231263,578e2970-992b-47ae-95ff-73323a4050cb,new_logo,12,2026-07-01
645d5f16-eab8-4b66-b614-b170c42fcd94,2026-08,718.3,86ef8c2b-ef4e-4a5e-b079-2b0b19231263,578e2970-992b-47ae-95ff-73323a4050cb,new_logo,12,2026-08-01
645d5f16-eab8-4b66-b614-b170c42fcd94,2026-09,718.3,86ef8c2b-ef4e-4a5e-b079-2b0b19231263,578e2970-992b-47ae-95ff-73323a4050cb,new_logo,12,2026-09-01
645d5f16-eab8-4b66-b614-b170c42fcd94,2025-10,624.09,9497d49d-6749-4847-896d-a5c06160c14e,2725236a-b827-4fb7-90ed-87297f52a6d4,new_logo,12,2025-10-01
645d5f16-eab8-4b66-b614-b170c42fcd94,2025-11,624.09,9497d49d-6749-4847-896d-a5c06160c14e,2725236a-b827-4fb7-90ed-87297f52a6d4,new_logo,12,2025-11-01
645d5f16-eab8-4b66-b614-b170c42fcd94,2025-12,624.09,9497d49d-6749-4847-896d-a5c06160c14e,2725236a-b827-4fb7-90ed-87297f52a6d4,new_logo,12,2025-12-01
645d5f16-eab8-4b66-b614-b170c42fcd94,2026-01,624.09,9497d49d-6749-4847-896d-a5c06160c14e,2725236a-b827-4fb7-90ed-87297f52a6d4,new_logo,12,2026-01-01
645d5f16-eab8-4b66-b614-b170c42fcd94,2026-02,624.09,9497d49d-6749-4847-896d-a5c06160c14e,2725236a-b827-4fb7-90ed-87297f52a6d4,new_logo,12,2026-02-01
645d5f16-eab8-4b66-b614-b170c42fcd94,2026-03,624.09,9497d49d-6749-4847-896d-a5c06160c14e,2725236a-b827-4fb7-90ed-87297f52a6d4,new_logo,12,2026-03-01
645d5f16-eab8-4b66-b614-b170c42fcd94,2026-04,624.09,9497d49d-6749-4847-896d-a5c06160c14e,2725236a-b827-4fb7-90ed-87297f52a6d4,new_logo,12,2026-04-01
645d5f16-eab8-4b66-b614-b170c42fcd94,2026-05,624.09,9497d49d-6749-4847-896d-a5c06160c14e,2725236a-b827-4fb7-90ed-87297f52a6d4,new_logo,12,2026-05-01
645d5f16-eab8-4b66-b614-b170c42fcd94,2026-06,624.09,9497d49d-6749-4847-896d-a5c06160c14e,2725236a-b827-4fb7-90ed-87297f52a6d4,new_logo,12,2026-06-01
645d5f16-eab8-4b66-b614-b170c42fcd94,2026-07,624.09,9497d49d-6749-4847-896d-a5c06160c14e,2725236a-b827-4fb7-90ed-87297f52a6d4,new_logo,12,2026-07-01
645d5f16-eab8-4b66-b614-b170c42fcd94,2026-08,624.09,9497d49d-6749-4847-896d-a5c06160c14e,2725236a-b827-4fb7-90ed-87297f52a6d4,new_logo,12,2026-08-01
645d5f16-eab8-4b66-b614-b170c42fcd94,2026-09,624.09,9497d49d-6749-4847-896d-a5c06160c14e,2725236a-b827-4fb7-90ed-87297f52a6d4,new_logo,12,2026-09-01
9895fd25-57cb-467c-b4fe-dab4d011b85f,2026-02,730.93,6e72dfbc-9777-47b5-8699-58217ca73c91,749a63d2-eb86-494f-a869-a3dc5dd3c195,churn,12,2026-02-01
9895fd25-57cb-467c-b4fe-dab4d011b85f,2026-03,730.93,6e72dfbc-9777-47b5-8699-58217ca73c91,749a63d2-eb86-494f-a869-a3dc5dd3c195,churn,12,2026-03-01
9895fd25-57cb-467c-b4fe-dab4d011b85f,2026-04,730.93,6e72dfbc-9777-47b5-8699-58217ca73c91,749a63d2-eb86-494f-a869-a3dc5dd3c195,churn,12,2026-04-01
9895fd25-57cb-467c-b4fe-dab4d011b85f,2026-05,730.93,6e72dfbc-9777-47b5-8699-58217ca73c91,749a63d2-eb86-494f-a869-a3dc5dd3c195,churn,12,2026-05-01
9895fd25-57cb-467c-b4fe-dab4d011b85f,2026-06,730.93,6e72dfbc-9777-47b5-8699-58217ca73c91,749a63d2-eb86-494f-a869-a3dc5dd3c195,churn,12,2026-06-01
9895fd25-57cb-467c-b4fe-dab4d011b85f,2026-07,730.93,6e72dfbc-9777-47b5-8699-58217ca73c91,749a63d2-eb86-494f-a869-a3dc5dd3c195,churn,12,2026-07-01
9895fd25-57cb-467c-b4fe-dab4d011b85f,2026-08,730.93,6e72dfbc-9777-47b5-8699-58217ca73c91,749a63d2-eb86-494f-a869-a3dc5dd3c195,churn,12,2026-08-01
9895fd25-57cb-467c-b4fe-dab4d011b85f,2026-09,730.93,6e72dfbc-9777-47b5-8699-58217ca73c91,749a63d2-eb86-494f-a869-a3dc5dd3c195,churn,12,2026-09-01
9895fd25-57cb-467c-b4fe-dab4d011b85f,2026-01,601.08,95a7e0aa-8fb0-4729-afd9-18c0643a41be,da3971f9-d3ac-4ccc-b2c3-e43a860ea8c1,new_logo,12,2026-01-01
9895fd25-57cb-467c-b4fe-dab4d011b85f,2026-02,601.08,95a7e0aa-8fb0-4729-afd9-18c0643a41be,da3971f9-d3ac-4ccc-b2c3-e43a860ea8c1,new_logo,12,2026-02-01
9895fd25-57cb-467c-b4fe-dab4d011b85f,2026-03,601.08,95a7e0aa-8fb0-4729-afd9-18c0643a41be,da3971f9-d3ac-4ccc-b2c3-e43a860ea8c1,new_logo,12,2026-03-01
9895fd25-57cb-467c-b4fe-dab4d011b85f,2026-04,601.08,95a7e0aa-8fb0-4729-afd9-18c0643a41be,da3971f9-d3ac-4ccc-b2c3-e43a860ea8c1,new_logo,12,2026-04-01
9895fd25-57cb-467c-b4fe-dab4d011b85f,2026-05,601.08,95a7e0aa-8fb0-4729-afd9-18c0643a41be,da3971f9-d3ac-4ccc-b2c3-e43a860ea8c1,new_logo,12,2026-05-01
9895fd25-57cb-467c-b4fe-dab4d011b85f,2026-06,601.08,95a7e0aa-8fb0-4729-afd9-18c0643a41be,da3971f9-d3ac-4ccc-b2c3-e43a860ea8c1,new_logo,12,2026-06-01
9895fd25-57cb-467c-b4fe-dab4d011b85f,2026-07,601.08,95a7e0aa-8fb0-4729-afd9-18c0643a41be,da3971f9-d3ac-4ccc-b2c3-e43a860ea8c1,new_logo,12,2026-07-01
9895fd25-57cb-467c-b4fe-dab4d011b85f,2026-08,601.08,95a7e0aa-8fb0-4729-afd9-18c0643a41be,da3971f9-d3ac-4ccc-b2c3-e43a860ea8c1,new_logo,12,2026-08-01
9895fd25-57cb-467c-b4fe-dab4d011b85f,2026-09,601.08,95a7e0aa-8fb0-4729-afd9-18c0643a41be,da3971f9-d3ac-4ccc-b2c3-e43a860ea8c1,new_logo,12,2026-09-01
9895fd25-57cb-467c-b4fe-dab4d011b85f,2026-03,649.93,05f6b4e4-ab16-4eb9-a584-53876aba9ee7,4b72f229-a819-42c1-bae9-ba87672d7943,churn,12,2026-03-01
9895fd25-57cb-467c-b4fe-dab4d011b85f,2026-04,649.93,05f6b4e4-ab16-4eb9-a584-53876aba9ee7,4b72f229-a819-42c1-bae9-ba87672d7943,churn,12,2026-04-01
9895fd25-57cb-467c-b4fe-dab4d011b85f,2026-05,649.93,05f6b4e4-ab16-4eb9-a584-53876aba9ee7,4b72f229-a819-42c1-bae9-ba87672d7943,churn,12,2026-05-01
9895fd25-57cb-467c-b4fe-dab4d011b85f,2026-06,649.93,05f6b4e4-ab16-4eb9-a584-53876aba9ee7,4b72f229-a819-42c1-bae9-ba87672d7943,churn,12,2026-06-01
9895fd25-57cb-467c-b4fe-dab4d011b85f,2026-07,649.93,05f6b4e4-ab16-4eb9-a584-53876aba9ee7,4b72f229-a819-42c1-bae9-ba87672d7943,churn,12,2026-07-01
9895fd25-57cb-467c-b4fe-dab4d011b85f,2026-08,649.93,05f6b4e4-ab16-4eb9-a584-53876aba9ee7,4b72f229-a819-42c1-bae9-ba87672d7943,churn,12,2026-08-01
9895fd25-57cb-467c-b4fe-dab4d011b85f,2026-09,649.93,05f6b4e4-ab16-4eb9-a584-53876aba9ee7,4b72f229-a819-42c1-bae9-ba87672d7943,churn,12,2026-09-01
9895fd25-57cb-467c-b4fe-dab4d011b85f,2025-12,729.1,2ad53939-f2e3-4e67-b526-227da738bd3c,74f2be2e-b830-42e3-bcf2-310e7d2606ca,churn,12,2025-12-01
9895fd25-57cb-467c-b4fe-dab4d011b85f,2026-01,729.1,2ad53939-f2e3-4e67-b526-227da738bd3c,74f2be2e-b830-42e3-bcf2-310e7d2606ca,churn,12,2026-01-01
9895fd25-57cb-467c-b4fe-dab4d011b85f,2026-02,729.1,2ad53939-f2e3-4e67-b526-227da738bd3c,74f2be2e-b830-42e3-bcf2-310e7d2606ca,churn,12,2026-02-01
9895fd25-57cb-467c-b4fe-dab4d011b85f,2026-03,729.1,2ad53939-f2e3-4e67-b526-227da738bd3c,74f2be2e-b830-42e3-bcf2-310e7d2606ca,churn,12,2026-03-01
9895fd25-57cb-467c-b4fe-dab4d011b85f,2026-04,729.1,2ad53939-f2e3-4e67-b526-227da738bd3c,74f2be2e-b830-42e3-bcf2-310e7d2606ca,churn,12,2026-04-01
9895fd25-57cb-467c-b4fe-dab4d011b85f,2026-05,729.1,2ad53939-f2e3-4e67-b526-227da738bd3c,74f2be2e-b830-42e3-bcf2-310e7d2606ca,churn,12,2026-05-01
9895fd25-57cb-467c-b4fe-dab4d011b85f,2026-06,729.1,2ad53939-f2e3-4e67-b526-227da738bd3c,74f2be2e-b830-42e3-bcf2-310e7d2606ca,churn,12,2026-06-01
9895fd25-57cb-467c-b4fe-dab4d011b85f,2026-07,729.1,2ad53939-f2e3-4e67-b526-227da738bd3c,74f2be2e-b830-42e3-bcf2-310e7d2606ca,churn,12,2026-07-01
9895fd25-57cb-467c-b4fe-dab4d011b85f,2026-08,729.1,2ad53939-f2e3-4e67-b526-227da738bd3c,74f2be2e-b830-42e3-bcf2-310e7d2606ca,churn,12,2026-08-01
9895fd25-57cb-467c-b4fe-dab4d011b85f,2026-09,729.1,2ad53939-f2e3-4e67-b526-227da738bd3c,74f2be2e-b830-42e3-bcf2-310e7d2606ca,churn,12,2026-09-01
9895fd25-57cb-467c-b4fe-dab4d011b85f,2026-04,737.49,973e7b08-7129-4ca1-939b-a3496e83db0f,3a6d8966-52c6-4f63-acd8-e8156e037c42,churn,12,2026-04-01
9895fd25-57cb-467c-b4fe-dab4d011b85f,2026-05,737.49,973e7b08-7129-4ca1-939b-a3496e83db0f,3a6d8966-52c6-4f63-acd8-e8156e037c42,churn,12,2026-05-01
9895fd25-57cb-467c-b4fe-dab4d011b85f,2026-06,737.49,973e7b08-7129-4ca1-939b-a3496e83db0f,3a6d8966-52c6-4f63-acd8-e8156e037c42,churn,12,2026-06-01
9895fd25-57cb-467c-b4fe-dab4d011b85f,2026-07,737.49,973e7b08-7129-4ca1-939b-a3496e83db0f,3a6d8966-52c6-4f63-acd8-e8156e037c42,churn,12,2026-07-01
9895fd25-57cb-467c-b4fe-dab4d011b85f,2026-08,737.49,973e7b08-7129-4ca1-939b-a3496e83db0f,3a6d8966-52c6-4f63-acd8-e8156e037c42,churn,12,2026-08-01
9895fd25-57cb-467c-b4fe-dab4d011b85f,2026-09,737.49,973e7b08-7129-4ca1-939b-a3496e83db0f,3a6d8966-52c6-4f63-acd8-e8156e037c42,churn,12,2026-09-01
0a6236fc-5bf0-447d-92fd-4eaca555dad6,2026-08,2009.58,a931bccb-944b-4137-bf11-b4634e750398,345fc15b-7725-46fd-bad6-e23abfa11bcc,new_logo,12,2026-08-01
0a6236fc-5bf0-447d-92fd-4eaca555dad6,2026-09,2009.58,a931bccb-944b-4137-bf11-b4634e750398,345fc15b-7725-46fd-bad6-e23abfa11bcc,new_logo,12,2026-09-01
0a6236fc-5bf0-447d-92fd-4eaca555dad6,2025-10,2292.67,d6d107b8-5306-4e3e-ab80-a0c44022a4a4,1d8e1c65-73fe-44c1-a680-0dce079a3870,new_logo,12,2025-10-01
0a6236fc-5bf0-447d-92fd-4eaca555dad6,2025-11,2292.67,d6d107b8-5306-4e3e-ab80-a0c44022a4a4,1d8e1c65-73fe-44c1-a680-0dce079a3870,new_logo,12,2025-11-01
0a6236fc-5bf0-447d-92fd-4eaca555dad6,2025-12,2292.67,d6d107b8-5306-4e3e-ab80-a0c44022a4a4,1d8e1c65-73fe-44c1-a680-0dce079a3870,new_logo,12,2025-12-01
0a6236fc-5bf0-447d-92fd-4eaca555dad6,2026-01,2292.67,d6d107b8-5306-4e3e-ab80-a0c44022a4a4,1d8e1c65-73fe-44c1-a680-0dce079a3870,new_logo,12,2026-01-01
0a6236fc-5bf0-447d-92fd-4eaca555dad6,2026-02,2292.67,d6d107b8-5306-4e3e-ab80-a0c44022a4a4,1d8e1c65-73fe-44c1-a680-0dce079a3870,new_logo,12,2026-02-01
0a6236fc-5bf0-447d-92fd-4eaca555dad6,2026-03,2292.67,d6d107b8-5306-4e3e-ab80-a0c44022a4a4,1d8e1c65-73fe-44c1-a680-0dce079a3870,new_logo,12,2026-03-01
0a6236fc-5bf0-447d-92fd-4eaca555dad6,2026-04,2292.67,d6d107b8-5306-4e3e-ab80-a0c44022a4a4,1d8e1c65-73fe-44c1-a680-0dce079a3870,new_logo,12,2026-04-01
0a6236fc-5bf0-447d-92fd-4eaca555dad6,2026-05,2292.67,d6d107b8-5306-4e3e-ab80-a0c44022a4a4,1d8e1c65-73fe-44c1-a680-0dce079a3870,new_logo,12,2026-05-01
0a6236fc-5bf0-447d-92fd-4eaca555dad6,2026-06,2292.67,d6d107b8-5306-4e3e-ab80-a0c44022a4a4,1d8e1c65-73fe-44c1-a680-0dce079a3870,new_logo,12,2026-06-01
0a6236fc-5bf0-447d-92fd-4eaca555dad6,2026-07,2292.67,d6d107b8-5306-4e3e-ab80-a0c44022a4a4,1d8e1c65-73fe-44c1-a680-0dce079a3870,new_logo,12,2026-07-01
0a6236fc-5bf0-447d-92fd-4eaca555dad6,2026-08,2292.67,d6d107b8-5306-4e3e-ab80-a0c44022a4a4,1d8e1c65-73fe-44c1-a680-0dce079a3870,new_logo,12,2026-08-01
0a6236fc-5bf0-447d-92fd-4eaca555dad6,2026-09,2292.67,d6d107b8-5306-4e3e-ab80-a0c44022a4a4,1d8e1c65-73fe-44c1-a680-0dce079a3870,new_logo,12,2026-09-01
0a6236fc-5bf0-447d-92fd-4eaca555dad6,2026-06,2762.28,05f6b4e4-ab16-4eb9-a584-53876aba9ee7,f1f11391-b326-4a21-ae96-81ba8b763afc,renewal,12,2026-06-01
0a6236fc-5bf0-447d-92fd-4eaca555dad6,2026-07,2762.28,05f6b4e4-ab16-4eb9-a584-53876aba9ee7,f1f11391-b326-4a21-ae96-81ba8b763afc,renewal,12,2026-07-01
0a6236fc-5bf0-447d-92fd-4eaca555dad6,2026-08,2762.28,05f6b4e4-ab16-4eb9-a584-53876aba9ee7,f1f11391-b326-4a21-ae96-81ba8b763afc,renewal,12,2026-08-01
0a6236fc-5bf0-447d-92fd-4eaca555dad6,2026-09,2762.28,05f6b4e4-ab16-4eb9-a584-53876aba9ee7,f1f11391-b326-4a21-ae96-81ba8b763afc,renewal,12,2026-09-01
0a6236fc-5bf0-447d-92fd-4eaca555dad6,2026-07,2502.9,3e6c1e03-5424-4289-876f-badbf912f4ac,8741cb7c-e467-497b-95bb-5865c668e758,churn,12,2026-07-01
0a6236fc-5bf0-447d-92fd-4eaca555dad6,2026-08,2502.9,3e6c1e03-5424-4289-876f-badbf912f4ac,8741cb7c-e467-497b-95bb-5865c668e758,churn,12,2026-08-01
0a6236fc-5bf0-447d-92fd-4eaca555dad6,2026-09,2502.9,3e6c1e03-5424-4289-876f-badbf912f4ac,8741cb7c-e467-497b-95bb-5865c668e758,churn,12,2026-09-01
0a6236fc-5bf0-447d-92fd-4eaca555dad6,2025-09,2030.94,82045fe3-926b-44fd-9eb2-572107ca6ffc,223ad371-f5fa-4e68-8d48-7c858e8f84ba,churn,12,2025-09-01
0a6236fc-5bf0-447d-92fd-4eaca555dad6,2025-10,2030.94,82045fe3-926b-44fd-9eb2-572107ca6ffc,223ad371-f5fa-4e68-8d48-7c858e8f84ba,churn,12,2025-10-01
0a6236fc-5bf0-447d-92fd-4eaca555dad6,2025-11,2030.94,82045fe3-926b-44fd-9eb2-572107ca6ffc,223ad371-f5fa-4e68-8d48-7c858e8f84ba,churn,12,2025-11-01
0a6236fc-5bf0-447d-92fd-4eaca555dad6,2025-12,2030.94,82045fe3-926b-44fd-9eb2-572107ca6ffc,223ad371-f5fa-4e68-8d48-7c858e8f84ba,churn,12,2025-12-01
0a6236fc-5bf0-447d-92fd-4eaca555dad6,2026-01,2030.94,82045fe3-926b-44fd-9eb2-572107ca6ffc,223ad371-f5fa-4e68-8d48-7c858e8f84ba,churn,12,2026-01-01
0a6236fc-5bf0-447d-92fd-4eaca555dad6,2026-02,2030.94,82045fe3-926b-44fd-9eb2-572107ca6ffc,223ad371-f5fa-4e68-8d48-7c858e8f84ba,churn,12,2026-02-01
0a6236fc-5bf0-447d-92fd-4eaca555dad6,2026-03,2030.94,82045fe3-926b-44fd-9eb2-572107ca6ffc,223ad371-f5fa-4e68-8d48-7c858e8f84ba,churn,12,2026-03-01
0a6236fc-5bf0-447d-92fd-4eaca555dad6,2026-04,2030.94,82045fe3-926b-44fd-9eb2-572107ca6ffc,223ad371-f5fa-4e68-8d48-7c858e8f84ba,churn,12,2026-04-01
0a6236fc-5bf0-447d-92fd-4eaca555dad6,2026-05,2030.94,82045fe3-926b-44fd-9eb2-572107ca6ffc,223ad371-f5fa-4e68-8d48-7c858e8f84ba,churn,12,2026-05-01
0a6236fc-5bf0-447d-92fd-4eaca555dad6,2026-06,2030.94,82045fe3-926b-44fd-9eb2-572107ca6ffc,223ad371-f5fa-4e68-8d48-7c858e8f84ba,churn,12,2026-06-01
0a6236fc-5bf0-447d-92fd-4eaca555dad6,2026-07,2030.94,82045fe3-926b-44fd-9eb2-572107ca6ffc,223ad371-f5fa-4e68-8d48-7c858e8f84ba,churn,12,2026-07-01
0a6236fc-5bf0-447d-92fd-4eaca555dad6,2026-08,2030.94,82045fe3-926b-44fd-9eb2-572107ca6ffc,223ad371-f5fa-4e68-8d48-7c858e8f84ba,churn,12,2026-08-01
fc933254-1509-4dc5-9dbf-67455f3bd728,2025-10,2879.99,e56b012f-5c39-46ed-9405-f327afa784c0,a16fbd45-08f1-431a-8180-6b94805d94da,churn,12,2025-10-01
fc933254-1509-4dc5-9dbf-67455f3bd728,2025-11,2879.99,e56b012f-5c39-46ed-9405-f327afa784c0,a16fbd45-08f1-431a-8180-6b94805d94da,churn,12,2025-11-01
fc933254-1509-4dc5-9dbf-67455f3bd728,2025-12,2879.99,e56b012f-5c39-46ed-9405-f327afa784c0,a16fbd45-08f1-431a-8180-6b94805d94da,churn,12,2025-12-01
fc933254-1509-4dc5-9dbf-67455f3bd728,2026-01,2879.99,e56b012f-5c39-46ed-9405-f327afa784c0,a16fbd45-08f1-431a-8180-6b94805d94da,churn,12,2026-01-01
fc933254-1509-4dc5-9dbf-67455f3bd728,2026-02,2879.99,e56b012f-5c39-46ed-9405-f327afa784c0,a16fbd45-08f1-431a-8180-6b94805d94da,churn,12,2026-02-01
fc933254-1509-4dc5-9dbf-67455f3bd728,2026-03,2879.99,e56b012f-5c39-46ed-9405-f327afa784c0,a16fbd45-08f1-431a-8180-6b94805d94da,churn,12,2026-03-01
fc933254-1509-4dc5-9dbf-67455f3bd728,2026-04,2879.99,e56b012f-5c39-46ed-9405-f327afa784c0,a16fbd45-08f1-431a-8180-6b94805d94da,churn,12,2026-04-01
fc933254-1509-4dc5-9dbf-67455f3bd728,2026-05,2879.99,e56b012f-5c39-46ed-9405-f327afa784c0,a16fbd45-08f1-431a-8180-6b94805d94da,churn,12,2026-05-01
fc933254-1509-4dc5-9dbf-67455f3bd728,2026-06,2879.99,e56b012f-5c39-46ed-9405-f327afa784c0,a16fbd45-08f1-431a-8180-6b94805d94da,churn,12,2026-06-01
fc933254-1509-4dc5-9dbf-67455f3bd728,2026-07,2879.99,e56b012f-5c39-46ed-9405-f327afa784c0,a16fbd45-08f1-431a-8180-6b94805d94da,churn,12,2026-07-01
fc933254-1509-4dc5-9dbf-67455f3bd728,2026-08,2879.99,e56b012f-5c39-46ed-9405-f327afa784c0,a16fbd45-08f1-431a-8180-6b94805d94da,churn,12,2026-08-01
fc933254-1509-4dc5-9dbf-67455f3bd728,2026-09,2879.99,e56b012f-5c39-46ed-9405-f327afa784c0,a16fbd45-08f1-431a-8180-6b94805d94da,churn,12,2026-09-01
fc933254-1509-4dc5-9dbf-67455f3bd728,2026-02,2084.93,0b466d14-eff2-4a7d-8cda-c9b7b6a7611b,e6ffcc22-ed93-4f90-a28d-62d90511fc9c,new_logo,12,2026-02-01
fc933254-1509-4dc5-9dbf-67455f3bd728,2026-03,2084.93,0b466d14-eff2-4a7d-8cda-c9b7b6a7611b,e6ffcc22-ed93-4f90-a28d-62d90511fc9c,new_logo,12,2026-03-01
fc933254-1509-4dc5-9dbf-67455f3bd728,2026-04,2084.93,0b466d14-eff2-4a7d-8cda-c9b7b6a7611b,e6ffcc22-ed93-4f90-a28d-62d90511fc9c,new_logo,12,2026-04-01
fc933254-1509-4dc5-9dbf-67455f3bd728,2026-05,2084.93,0b466d14-eff2-4a7d-8cda-c9b7b6a7611b,e6ffcc22-ed93-4f90-a28d-62d90511fc9c,new_logo,12,2026-05-01
fc933254-1509-4dc5-9dbf-67455f3bd728,2026-06,2084.93,0b466d14-eff2-4a7d-8cda-c9b7b6a7611b,e6ffcc22-ed93-4f90-a28d-62d90511fc9c,new_logo,12,2026-06-01
fc933254-1509-4dc5-9dbf-67455f3bd728,2026-07,2084.93,0b466d14-eff2-4a7d-8cda-c9b7b6a7611b,e6ffcc22-ed93-4f90-a28d-62d90511fc9c,new_logo,12,2026-07-01
fc933254-1509-4dc5-9dbf-67455f3bd728,2026-08,2084.93,0b466d14-eff2-4a7d-8cda-c9b7b6a7611b,e6ffcc22-ed93-4f90-a28d-62d90511fc9c,new_logo,12,2026-08-01
fc933254-1509-4dc5-9dbf-67455f3bd728,2026-09,2084.93,0b466d14-eff2-4a7d-8cda-c9b7b6a7611b,e6ffcc22-ed93-4f90-a28d-62d90511fc9c,new_logo,12,2026-09-01
fc933254-1509-4dc5-9dbf-67455f3bd728,2025-10,2714.5,be40c0ca-500d-47a2-ad6d-d6c894a4b2bd,7dba2331-a34f-4a11-a870-004fa10ef5ef,renewal,12,2025-10-01
fc933254-1509-4dc5-9dbf-67455f3bd728,2025-11,2714.5,be40c0ca-500d-47a2-ad6d-d6c894a4b2bd,7dba2331-a34f-4a11-a870-004fa10ef5ef,renewal,12,2025-11-01
fc933254-1509-4dc5-9dbf-67455f3bd728,2025-12,2714.5,be40c0ca-500d-47a2-ad6d-d6c894a4b2bd,7dba2331-a34f-4a11-a870-004fa10ef5ef,renewal,12,2025-12-01
fc933254-1509-4dc5-9dbf-67455f3bd728,2026-01,2714.5,be40c0ca-500d-47a2-ad6d-d6c894a4b2bd,7dba2331-a34f-4a11-a870-004fa10ef5ef,renewal,12,2026-01-01
fc933254-1509-4dc5-9dbf-67455f3bd728,2026-02,2714.5,be40c0ca-500d-47a2-ad6d-d6c894a4b2bd,7dba2331-a34f-4a11-a870-004fa10ef5ef,renewal,12,2026-02-01
fc933254-1509-4dc5-9dbf-67455f3bd728,2026-03,2714.5,be40c0ca-500d-47a2-ad6d-d6c894a4b2bd,7dba2331-a34f-4a11-a870-004fa10ef5ef,renewal,12,2026-03-01
fc933254-1509-4dc5-9dbf-67455f3bd728,2026-04,2714.5,be40c0ca-500d-47a2-ad6d-d6c894a4b2bd,7dba2331-a34f-4a11-a870-004fa10ef5ef,renewal,12,2026-04-01
fc933254-1509-4dc5-9dbf-67455f3bd728,2026-05,2714.5,be40c0ca-500d-47a2-ad6d-d6c894a4b2bd,7dba2331-a34f-4a11-a870-004fa10ef5ef,renewal,12,2026-05-01
fc933254-1509-4dc5-9dbf-67455f3bd728,2026-06,2714.5,be40c0ca-500d-47a2-ad6d-d6c894a4b2bd,7dba2331-a34f-4a11-a870-004fa10ef5ef,renewal,12,2026-06-01
fc933254-1509-4dc5-9dbf-67455f3bd728,2026-07,2714.5,be40c0ca-500d-47a2-ad6d-d6c894a4b2bd,7dba2331-a34f-4a11-a870-004fa10ef5ef,renewal,12,2026-07-01
fc933254-1509-4dc5-9dbf-67455f3bd728,2026-08,2714.5,be40c0ca-500d-47a2-ad6d-d6c894a4b2bd,7dba2331-a34f-4a11-a870-004fa10ef5ef,renewal,12,2026-08-01
fc933254-1509-4dc5-9dbf-67455f3bd728,2026-09,2714.5,be40c0ca-500d-47a2-ad6d-d6c894a4b2bd,7dba2331-a34f-4a11-a870-004fa10ef5ef,renewal,12,2026-09-01
fc933254-1509-4dc5-9dbf-67455f3bd728,2026-03,2693.84,bb3ce31f-cf49-46da-adb0-a54c612e5321,de65fe77-7e93-403f-8a04-f8d4f50572f1,new_logo,12,2026-03-01
fc933254-1509-4dc5-9dbf-67455f3bd728,2026-04,2693.84,bb3ce31f-cf49-46da-adb0-a54c612e5321,de65fe77-7e93-403f-8a04-f8d4f50572f1,new_logo,12,2026-04-01
fc933254-1509-4dc5-9dbf-67455f3bd728,2026-05,2693.84,bb3ce31f-cf49-46da-adb0-a54c612e5321,de65fe77-7e93-403f-8a04-f8d4f50572f1,new_logo,12,2026-05-01
fc933254-1509-4dc5-9dbf-67455f3bd728,2026-06,2693.84,bb3ce31f-cf49-46da-adb0-a54c612e5321,de65fe77-7e93-403f-8a04-f8d4f50572f1,new_logo,12,2026-06-01
fc933254-1509-4dc5-9dbf-67455f3bd728,2026-07,2693.84,bb3ce31f-cf49-46da-adb0-a54c612e5321,de65fe77-7e93-403f-8a04-f8d4f50572f1,new_logo,12,2026-07-01
fc933254-1509-4dc5-9dbf-67455f3bd728,2026-08,2693.84,bb3ce31f-cf49-46da-adb0-a54c612e5321,de65fe77-7e93-403f-8a04-f8d4f50572f1,new_logo,12,2026-08-01
fc933254-1509-4dc5-9dbf-67455f3bd728,2026-09,2693.84,bb3ce31f-cf49-46da-adb0-a54c612e5321,de65fe77-7e93-403f-8a04-f8d4f50572f1,new_logo,12,2026-09-01
fc933254-1509-4dc5-9dbf-67455f3bd728,2026-01,2721.69,a53c6fad-3819-461d-a5d8-e814d502ab60,0474d832-b3a7-40f7-922e-fe2fe1a51389,churn,12,2026-01-01
fc933254-1509-4dc5-9dbf-67455f3bd728,2026-02,2721.69,a53c6fad-3819-461d-a5d8-e814d502ab60,0474d832-b3a7-40f7-922e-fe2fe1a51389,churn,12,2026-02-01
fc933254-1509-4dc5-9dbf-67455f3bd728,2026-03,2721.69,a53c6fad-3819-461d-a5d8-e814d502ab60,0474d832-b3a7-40f7-922e-fe2fe1a51389,churn,12,2026-03-01
fc933254-1509-4dc5-9dbf-67455f3bd728,2026-04,2721.69,a53c6fad-3819-461d-a5d8-e814d502ab60,0474d832-b3a7-40f7-922e-fe2fe1a51389,churn,12,2026-04-01
fc933254-1509-4dc5-9dbf-67455f3bd728,2026-05,2721.69,a53c6fad-3819-461d-a5d8-e814d502ab60,0474d832-b3a7-40f7-922e-fe2fe1a51389,churn,12,2026-05-01
fc933254-1509-4dc5-9dbf-67455f3bd728,2026-06,2721.69,a53c6fad-3819-461d-a5d8-e814d502ab60,0474d832-b3a7-40f7-922e-fe2fe1a51389,churn,12,2026-06-01
fc933254-1509-4dc5-9dbf-67455f3bd728,2026-07,2721.69,a53c6fad-3819-461d-a5d8-e814d502ab60,0474d832-b3a7-40f7-922e-fe2fe1a51389,churn,12,2026-07-01
fc933254-1509-4dc5-9dbf-67455f3bd728,2026-08,2721.69,a53c6fad-3819-461d-a5d8-e814d502ab60,0474d832-b3a7-40f7-922e-fe2fe1a51389,churn,12,2026-08-01
fc933254-1509-4dc5-9dbf-67455f3bd728,2026-09,2721.69,a53c6fad-3819-461d-a5d8-e814d502ab60,0474d832-b3a7-40f7-922e-fe2fe1a51389,churn,12,2026-09-01
0cbf9a48-fbf3-4c51-b5ec-ac820e68f0b5,2025-12,2912.13,4f005c73-5e7e-4d72-99d1-60cf294b541c,89148d88-7085-40d2-805d-e0dffbe96b3c,churn,12,2025-12-01
0cbf9a48-fbf3-4c51-b5ec-ac820e68f0b5,2026-01,2912.13,4f005c73-5e7e-4d72-99d1-60cf294b541c,89148d88-7085-40d2-805d-e0dffbe96b3c,churn,12,2026-01-01
0cbf9a48-fbf3-4c51-b5ec-ac820e68f0b5,2026-02,2912.13,4f005c73-5e7e-4d72-99d1-60cf294b541c,89148d88-7085-40d2-805d-e0dffbe96b3c,churn,12,2026-02-01
0cbf9a48-fbf3-4c51-b5ec-ac820e68f0b5,2026-03,2912.13,4f005c73-5e7e-4d72-99d1-60cf294b541c,89148d88-7085-40d2-805d-e0dffbe96b3c,churn,12,2026-03-01
0cbf9a48-fbf3-4c51-b5ec-ac820e68f0b5,2026-04,2912.13,4f005c73-5e7e-4d72-99d1-60cf294b541c,89148d88-7085-40d2-805d-e0dffbe96b3c,churn,12,2026-04-01
0cbf9a48-fbf3-4c51-b5ec-ac820e68f0b5,2026-05,2912.13,4f005c73-5e7e-4d72-99d1-60cf294b541c,89148d88-7085-40d2-805d-e0dffbe96b3c,churn,12,2026-05-01
0cbf9a48-fbf3-4c51-b5ec-ac820e68f0b5,2026-06,2912.13,4f005c73-5e7e-4d72-99d1-60cf294b541c,89148d88-7085-40d2-805d-e0dffbe96b3c,churn,12,2026-06-01
0cbf9a48-fbf3-4c51-b5ec-ac820e68f0b5,2026-07,2912.13,4f005c73-5e7e-4d72-99d1-60cf294b541c,89148d88-7085-40d2-805d-e0dffbe96b3c,churn,12,2026-07-01
0cbf9a48-fbf3-4c51-b5ec-ac820e68f0b5,2026-08,2912.13,4f005c73-5e7e-4d72-99d1-60cf294b541c,89148d88-7085-40d2-805d-e0dffbe96b3c,churn,12,2026-08-01
0cbf9a48-fbf3-4c51-b5ec-ac820e68f0b5,2026-09,2912.13,4f005c73-5e7e-4d72-99d1-60cf294b541c,89148d88-7085-40d2-805d-e0dffbe96b3c,churn,12,2026-09-01
0cbf9a48-fbf3-4c51-b5ec-ac820e68f0b5,2026-06,2408.47,bd5b64fe-cff4-457e-a820-9aff598bf702,308dabcd-20b0-43f7-aefe-b1aafa0a5f76,new_logo,12,2026-06-01
0cbf9a48-fbf3-4c51-b5ec-ac820e68f0b5,2026-07,2408.47,bd5b64fe-cff4-457e-a820-9aff598bf702,308dabcd-20b0-43f7-aefe-b1aafa0a5f76,new_logo,12,2026-07-01
0cbf9a48-fbf3-4c51-b5ec-ac820e68f0b5,2026-08,2408.47,bd5b64fe-cff4-457e-a820-9aff598bf702,308dabcd-20b0-43f7-aefe-b1aafa0a5f76,new_logo,12,2026-08-01
0cbf9a48-fbf3-4c51-b5ec-ac820e68f0b5,2026-09,2408.47,bd5b64fe-cff4-457e-a820-9aff598bf702,308dabcd-20b0-43f7-aefe-b1aafa0a5f76,new_logo,12,2026-09-01
0cbf9a48-fbf3-4c51-b5ec-ac820e68f0b5,2026-04,2839.98,48601a88-4001-4475-ab95-0934c80135be,80c1a410-88a7-4767-9192-b49d44104b76,renewal,12,2026-04-01
0cbf9a48-fbf3-4c51-b5ec-ac820e68f0b5,2026-05,2839.98,48601a88-4001-4475-ab95-0934c80135be,80c1a410-88a7-4767-9192-b49d44104b76,renewal,12,2026-05-01
0cbf9a48-fbf3-4c51-b5ec-ac820e68f0b5,2026-06,2839.98,48601a88-4001-4475-ab95-0934c80135be,80c1a410-88a7-4767-9192-b49d44104b76,renewal,12,2026-06-01
0cbf9a48-fbf3-4c51-b5ec-ac820e68f0b5,2026-07,2839.98,48601a88-4001-4475-ab95-0934c80135be,80c1a410-88a7-4767-9192-b49d44104b76,renewal,12,2026-07-01
0cbf9a48-fbf3-4c51-b5ec-ac820e68f0b5,2026-08,2839.98,48601a88-4001-4475-ab95-0934c80135be,80c1a410-88a7-4767-9192-b49d44104b76,renewal,12,2026-08-01
0cbf9a48-fbf3-4c51-b5ec-ac820e68f0b5,2026-09,2839.98,48601a88-4001-4475-ab95-0934c80135be,80c1a410-88a7-4767-9192-b49d44104b76,renewal,12,2026-09-01
0cbf9a48-fbf3-4c51-b5ec-ac820e68f0b5,2025-08,2047.28,8eebf9cf-856e-45b4-9dd1-4b523a956a25,f683a538-82bf-40e2-a16d-805d11894e92,new_logo,12,2025-08-01
0cbf9a48-fbf3-4c51-b5ec-ac820e68f0b5,2025-09,2047.28,8eebf9cf-856e-45b4-9dd1-4b523a956a25,f683a538-82bf-40e2-a16d-805d11894e92,new_logo,12,2025-09-01
0cbf9a48-fbf3-4c51-b5ec-ac820e68f0b5,2025-10,2047.28,8eebf9cf-856e-45b4-9dd1-4b523a956a25,f683a538-82bf-40e2-a16d-805d11894e92,new_logo,12,2025-10-01
0cbf9a48-fbf3-4c51-b5ec-ac820e68f0b5,2025-11,2047.28,8eebf9cf-856e-45b4-9dd1-4b523a956a25,f683a538-82bf-40e2-a16d-805d11894e92,new_logo,12,2025-11-01
0cbf9a48-fbf3-4c51-b5ec-ac820e68f0b5,2025-12,2047.28,8eebf9cf-856e-45b4-9dd1-4b523a956a25,f683a538-82bf-40e2-a16d-805d11894e92,new_logo,12,2025-12-01
0cbf9a48-fbf3-4c51-b5ec-ac820e68f0b5,2026-01,2047.28,8eebf9cf-856e-45b4-9dd1-4b523a956a25,f683a538-82bf-40e2-a16d-805d11894e92,new_logo,12,2026-01-01
0cbf9a48-fbf3-4c51-b5ec-ac820e68f0b5,2026-02,2047.28,8eebf9cf-856e-45b4-9dd1-4b523a956a25,f683a538-82bf-40e2-a16d-805d11894e92,new_logo,12,2026-02-01
0cbf9a48-fbf3-4c51-b5ec-ac820e68f0b5,2026-03,2047.28,8eebf9cf-856e-45b4-9dd1-4b523a956a25,f683a538-82bf-40e2-a16d-805d11894e92,new_logo,12,2026-03-01
0cbf9a48-fbf3-4c51-b5ec-ac820e68f0b5,2026-04,2047.28,8eebf9cf-856e-45b4-9dd1-4b523a956a25,f683a538-82bf-40e2-a16d-805d11894e92,new_logo,12,2026-04-01
0cbf9a48-fbf3-4c51-b5ec-ac820e68f0b5,2026-05,2047.28,8eebf9cf-856e-45b4-9dd1-4b523a956a25,f683a538-82bf-40e2-a16d-805d11894e92,new_logo,12,2026-05-01
0cbf9a48-fbf3-4c51-b5ec-ac820e68f0b5,2026-06,2047.28,8eebf9cf-856e-45b4-9dd1-4b523a956a25,f683a538-82bf-40e2-a16d-805d11894e92,new_logo,12,2026-06-01
0cbf9a48-fbf3-4c51-b5ec-ac820e68f0b5,2026-07,2047.28,8eebf9cf-856e-45b4-9dd1-4b523a956a25,f683a538-82bf-40e2-a16d-805d11894e92,new_logo,12,2026-07-01
0cbf9a48-fbf3-4c51-b5ec-ac820e68f0b5,2026-04,2142.41,7282cb3c-ce92-4100-9e81-7827a0b51656,8a8cf1da-f34c-4db4-9968-9ce345c22211,churn,12,2026-04-01
0cbf9a48-fbf3-4c51-b5ec-ac820e68f0b5,2026-05,2142.41,7282cb3c-ce92-4100-9e81-7827a0b51656,8a8cf1da-f34c-4db4-9968-9ce345c22211,churn,12,2026-05-01
0cbf9a48-fbf3-4c51-b5ec-ac820e68f0b5,2026-06,2142.41,7282cb3c-ce92-4100-9e81-7827a0b51656,8a8cf1da-f34c-4db4-9968-9ce345c22211,churn,12,2026-06-01
0cbf9a48-fbf3-4c51-b5ec-ac820e68f0b5,2026-07,2142.41,7282cb3c-ce92-4100-9e81-7827a0b51656,8a8cf1da-f34c-4db4-9968-9ce345c22211,churn,12,2026-07-01
0cbf9a48-fbf3-4c51-b5ec-ac820e68f0b5,2026-08,2142.41,7282cb3c-ce92-4100-9e81-7827a0b51656,8a8cf1da-f34c-4db4-9968-9ce345c22211,churn,12,2026-08-01
0cbf9a48-fbf3-4c51-b5ec-ac820e68f0b5,2026-09,2142.41,7282cb3c-ce92-4100-9e81-7827a0b51656,8a8cf1da-f34c-4db4-9968-9ce345c22211,churn,12,2026-09-01
564f69a7-9964-449d-a1ae-4e07a409b8a6,2026-08,666.18,973e7b08-7129-4ca1-939b-a3496e83db0f,d13509fe-64d4-43b0-9165-4d5c909582b8,churn,12,2026-08-01
564f69a7-9964-449d-a1ae-4e07a409b8a6,2026-09,666.18,973e7b08-7129-4ca1-939b-a3496e83db0f,d13509fe-64d4-43b0-9165-4d5c909582b8,churn,12,2026-09-01
564f69a7-9964-449d-a1ae-4e07a409b8a6,2025-09,641.67,3e456768-ee73-45b5-a625-2539f778956b,78209004-875e-43da-b024-c9d06abaf8f1,churn,12,2025-09-01
564f69a7-9964-449d-a1ae-4e07a409b8a6,2025-10,641.67,3e456768-ee73-45b5-a625-2539f778956b,78209004-875e-43da-b024-c9d06abaf8f1,churn,12,2025-10-01
564f69a7-9964-449d-a1ae-4e07a409b8a6,2025-11,641.67,3e456768-ee73-45b5-a625-2539f778956b,78209004-875e-43da-b024-c9d06abaf8f1,churn,12,2025-11-01
564f69a7-9964-449d-a1ae-4e07a409b8a6,2025-12,641.67,3e456768-ee73-45b5-a625-2539f778956b,78209004-875e-43da-b024-c9d06abaf8f1,churn,12,2025-12-01
564f69a7-9964-449d-a1ae-4e07a409b8a6,2026-01,641.67,3e456768-ee73-45b5-a625-2539f778956b,78209004-875e-43da-b024-c9d06abaf8f1,churn,12,2026-01-01
564f69a7-9964-449d-a1ae-4e07a409b8a6,2026-02,641.67,3e456768-ee73-45b5-a625-2539f778956b,78209004-875e-43da-b024-c9d06abaf8f1,churn,12,2026-02-01
564f69a7-9964-449d-a1ae-4e07a409b8a6,2026-03,641.67,3e456768-ee73-45b5-a625-2539f778956b,78209004-875e-43da-b024-c9d06abaf8f1,churn,12,2026-03-01
564f69a7-9964-449d-a1ae-4e07a409b8a6,2026-04,641.67,3e456768-ee73-45b5-a625-2539f778956b,78209004-875e-43da-b024-c9d06abaf8f1,churn,12,2026-04-01
564f69a7-9964-449d-a1ae-4e07a409b8a6,2026-05,641.67,3e456768-ee73-45b5-a625-2539f778956b,78209004-875e-43da-b024-c9d06abaf8f1,churn,12,2026-05-01
564f69a7-9964-449d-a1ae-4e07a409b8a6,2026-06,641.67,3e456768-ee73-45b5-a625-2539f778956b,78209004-875e-43da-b024-c9d06abaf8f1,churn,12,2026-06-01
564f69a7-9964-449d-a1ae-4e07a409b8a6,2026-07,641.67,3e456768-ee73-45b5-a625-2539f778956b,78209004-875e-43da-b024-c9d06abaf8f1,churn,12,2026-07-01
564f69a7-9964-449d-a1ae-4e07a409b8a6,2026-08,641.67,3e456768-ee73-45b5-a625-2539f778956b,78209004-875e-43da-b024-c9d06abaf8f1,churn,12,2026-08-01
564f69a7-9964-449d-a1ae-4e07a409b8a6,2025-08,535.21,7282cb3c-ce92-4100-9e81-7827a0b51656,b6c385f6-b371-441b-8c9b-d72d81291399,new_logo,12,2025-08-01
564f69a7-9964-449d-a1ae-4e07a409b8a6,2025-09,535.21,7282cb3c-ce92-4100-9e81-7827a0b51656,b6c385f6-b371-441b-8c9b-d72d81291399,new_logo,12,2025-09-01
564f69a7-9964-449d-a1ae-4e07a409b8a6,2025-10,535.21,7282cb3c-ce92-4100-9e81-7827a0b51656,b6c385f6-b371-441b-8c9b-d72d81291399,new_logo,12,2025-10-01
564f69a7-9964-449d-a1ae-4e07a409b8a6,2025-11,535.21,7282cb3c-ce92-4100-9e81-7827a0b51656,b6c385f6-b371-441b-8c9b-d72d81291399,new_logo,12,2025-11-01
564f69a7-9964-449d-a1ae-4e07a409b8a6,2025-12,535.21,7282cb3c-ce92-4100-9e81-7827a0b51656,b6c385f6-b371-441b-8c9b-d72d81291399,new_logo,12,2025-12-01
564f69a7-9964-449d-a1ae-4e07a409b8a6,2026-01,535.21,7282cb3c-ce92-4100-9e81-7827a0b51656,b6c385f6-b371-441b-8c9b-d72d81291399,new_logo,12,2026-01-01
564f69a7-9964-449d-a1ae-4e07a409b8a6,2026-02,535.21,7282cb3c-ce92-4100-9e81-7827a0b51656,b6c385f6-b371-441b-8c9b-d72d81291399,new_logo,12,2026-02-01
564f69a7-9964-449d-a1ae-4e07a409b8a6,2026-03,535.21,7282cb3c-ce92-4100-9e81-7827a0b51656,b6c385f6-b371-441b-8c9b-d72d81291399,new_logo,12,2026-03-01
564f69a7-9964-449d-a1ae-4e07a409b8a6,2026-04,535.21,7282cb3c-ce92-4100-9e81-7827a0b51656,b6c385f6-b371-441b-8c9b-d72d81291399,new_logo,12,2026-04-01
564f69a7-9964-449d-a1ae-4e07a409b8a6,2026-05,535.21,7282cb3c-ce92-4100-9e81-7827a0b51656,b6c385f6-b371-441b-8c9b-d72d81291399,new_logo,12,2026-05-01
564f69a7-9964-449d-a1ae-4e07a409b8a6,2026-06,535.21,7282cb3c-ce92-4100-9e81-7827a0b51656,b6c385f6-b371-441b-8c9b-d72d81291399,new_logo,12,2026-06-01
564f69a7-9964-449d-a1ae-4e07a409b8a6,2026-07,535.21,7282cb3c-ce92-4100-9e81-7827a0b51656,b6c385f6-b371-441b-8c9b-d72d81291399,new_logo,12,2026-07-01
564f69a7-9964-449d-a1ae-4e07a409b8a6,2025-07,634.91,4f005c73-5e7e-4d72-99d1-60cf294b541c,0f18ffba-1cd2-4d6d-9dc4-efff860c40ee,new_logo,12,2025-07-01
564f69a7-9964-449d-a1ae-4e07a409b8a6,2025-08,634.91,4f005c73-5e7e-4d72-99d1-60cf294b541c,0f18ffba-1cd2-4d6d-9dc4-efff860c40ee,new_logo,12,2025-08-01
564f69a7-9964-449d-a1ae-4e07a409b8a6,2025-09,634.91,4f005c73-5e7e-4d72-99d1-60cf294b541c,0f18ffba-1cd2-4d6d-9dc4-efff860c40ee,new_logo,12,2025-09-01
564f69a7-9964-449d-a1ae-4e07a409b8a6,2025-10,634.91,4f005c73-5e7e-4d72-99d1-60cf294b541c,0f18ffba-1cd2-4d6d-9dc4-efff860c40ee,new_logo,12,2025-10-01
564f69a7-9964-449d-a1ae-4e07a409b8a6,2025-11,634.91,4f005c73-5e7e-4d72-99d1-60cf294b541c,0f18ffba-1cd2-4d6d-9dc4-efff860c40ee,new_logo,12,2025-11-01
564f69a7-9964-449d-a1ae-4e07a409b8a6,2025-12,634.91,4f005c73-5e7e-4d72-99d1-60cf294b541c,0f18ffba-1cd2-4d6d-9dc4-efff860c40ee,new_logo,12,2025-12-01
564f69a7-9964-449d-a1ae-4e07a409b8a6,2026-01,634.91,4f005c73-5e7e-4d72-99d1-60cf294b541c,0f18ffba-1cd2-4d6d-9dc4-efff860c40ee,new_logo,12,2026-01-01
564f69a7-9964-449d-a1ae-4e07a409b8a6,2026-02,634.91,4f005c73-5e7e-4d72-99d1-60cf294b541c,0f18ffba-1cd2-4d6d-9dc4-efff860c40ee,new_logo,12,2026-02-01
564f69a7-9964-449d-a1ae-4e07a409b8a6,2026-03,634.91,4f005c73-5e7e-4d72-99d1-60cf294b541c,0f18ffba-1cd2-4d6d-9dc4-efff860c40ee,new_logo,12,2026-03-01
564f69a7-9964-449d-a1ae-4e07a409b8a6,2026-04,634.91,4f005c73-5e7e-4d72-99d1-60cf294b541c,0f18ffba-1cd2-4d6d-9dc4-efff860c40ee,new_logo,12,2026-04-01
564f69a7-9964-449d-a1ae-4e07a409b8a6,2026-05,634.91,4f005c73-5e7e-4d72-99d1-60cf294b541c,0f18ffba-1cd2-4d6d-9dc4-efff860c40ee,new_logo,12,2026-05-01
564f69a7-9964-449d-a1ae-4e07a409b8a6,2026-06,634.91,4f005c73-5e7e-4d72-99d1-60cf294b541c,0f18ffba-1cd2-4d6d-9dc4-efff860c40ee,new_logo,12,2026-06-01
564f69a7-9964-449d-a1ae-4e07a409b8a6,2026-05,691.14,b8d8224d-c0ff-45cb-99f6-45c78f117b3b,a88ce7e5-12af-418e-96b6-b19f55a00712,renewal,12,2026-05-01
564f69a7-9964-449d-a1ae-4e07a409b8a6,2026-06,691.14,b8d8224d-c0ff-45cb-99f6-45c78f117b3b,a88ce7e5-12af-418e-96b6-b19f55a00712,renewal,12,2026-06-01
564f69a7-9964-449d-a1ae-4e07a409b8a6,2026-07,691.14,b8d8224d-c0ff-45cb-99f6-45c78f117b3b,a88ce7e5-12af-418e-96b6-b19f55a00712,renewal,12,2026-07-01
564f69a7-9964-449d-a1ae-4e07a409b8a6,2026-08,691.14,b8d8224d-c0ff-45cb-99f6-45c78f117b3b,a88ce7e5-12af-418e-96b6-b19f55a00712,renewal,12,2026-08-01
564f69a7-9964-449d-a1ae-4e07a409b8a6,2026-09,691.14,b8d8224d-c0ff-45cb-99f6-45c78f117b3b,a88ce7e5-12af-418e-96b6-b19f55a00712,renewal,12,2026-09-01
a3b7910e-fd2c-4344-a297-b8c11b639e56,2026-04,547.7,b8d8224d-c0ff-45cb-99f6-45c78f117b3b,9a072b2c-5e79-43b5-b826-7926de4ca584,new_logo,12,2026-04-01
a3b7910e-fd2c-4344-a297-b8c11b639e56,2026-05,547.7,b8d8224d-c0ff-45cb-99f6-45c78f117b3b,9a072b2c-5e79-43b5-b826-7926de4ca584,new_logo,12,2026-05-01
a3b7910e-fd2c-4344-a297-b8c11b639e56,2026-06,547.7,b8d8224d-c0ff-45cb-99f6-45c78f117b3b,9a072b2c-5e79-43b5-b826-7926de4ca584,new_logo,12,2026-06-01
a3b7910e-fd2c-4344-a297-b8c11b639e56,2026-07,547.7,b8d8224d-c0ff-45cb-99f6-45c78f117b3b,9a072b2c-5e79-43b5-b826-7926de4ca584,new_logo,12,2026-07-01
a3b7910e-fd2c-4344-a297-b8c11b639e56,2026-08,547.7,b8d8224d-c0ff-45cb-99f6-45c78f117b3b,9a072b2c-5e79-43b5-b826-7926de4ca584,new_logo,12,2026-08-01
a3b7910e-fd2c-4344-a297-b8c11b639e56,2026-09,547.7,b8d8224d-c0ff-45cb-99f6-45c78f117b3b,9a072b2c-5e79-43b5-b826-7926de4ca584,new_logo,12,2026-09-01
a3b7910e-fd2c-4344-a297-b8c11b639e56,2025-10,651.82,41ca5f0c-1562-4f6f-9ccc-15d57d7f7708,6f505f81-1291-42ac-b704-fe76cdf0a5ee,churn,12,2025-10-01
a3b7910e-fd2c-4344-a297-b8c11b639e56,2025-11,651.82,41ca5f0c-1562-4f6f-9ccc-15d57d7f7708,6f505f81-1291-42ac-b704-fe76cdf0a5ee,churn,12,2025-11-01
a3b7910e-fd2c-4344-a297-b8c11b639e56,2025-12,651.82,41ca5f0c-1562-4f6f-9ccc-15d57d7f7708,6f505f81-1291-42ac-b704-fe76cdf0a5ee,churn,12,2025-12-01
a3b7910e-fd2c-4344-a297-b8c11b639e56,2026-01,651.82,41ca5f0c-1562-4f6f-9ccc-15d57d7f7708,6f505f81-1291-42ac-b704-fe76cdf0a5ee,churn,12,2026-01-01
a3b7910e-fd2c-4344-a297-b8c11b639e56,2026-02,651.82,41ca5f0c-1562-4f6f-9ccc-15d57d7f7708,6f505f81-1291-42ac-b704-fe76cdf0a5ee,churn,12,2026-02-01
a3b7910e-fd2c-4344-a297-b8c11b639e56,2026-03,651.82,41ca5f0c-1562-4f6f-9ccc-15d57d7f7708,6f505f81-1291-42ac-b704-fe76cdf0a5ee,churn,12,2026-03-01
a3b7910e-fd2c-4344-a297-b8c11b639e56,2026-04,651.82,41ca5f0c-1562-4f6f-9ccc-15d57d7f7708,6f505f81-1291-42ac-b704-fe76cdf0a5ee,churn,12,2026-04-01
a3b7910e-fd2c-4344-a297-b8c11b639e56,2026-05,651.82,41ca5f0c-1562-4f6f-9ccc-15d57d7f7708,6f505f81-1291-42ac-b704-fe76cdf0a5ee,churn,12,2026-05-01
a3b7910e-fd2c-4344-a297-b8c11b639e56,2026-06,651.82,41ca5f0c-1562-4f6f-9ccc-15d57d7f7708,6f505f81-1291-42ac-b704-fe76cdf0a5ee,churn,12,2026-06-01
a3b7910e-fd2c-4344-a297-b8c11b639e56,2026-07,651.82,41ca5f0c-1562-4f6f-9ccc-15d57d7f7708,6f505f81-1291-42ac-b704-fe76cdf0a5ee,churn,12,2026-07-01
a3b7910e-fd2c-4344-a297-b8c11b639e56,2026-08,651.82,41ca5f0c-1562-4f6f-9ccc-15d57d7f7708,6f505f81-1291-42ac-b704-fe76cdf0a5ee,churn,12,2026-08-01
a3b7910e-fd2c-4344-a297-b8c11b639e56,2026-09,651.82,41ca5f0c-1562-4f6f-9ccc-15d57d7f7708,6f505f81-1291-42ac-b704-fe76cdf0a5ee,churn,12,2026-09-01
a3b7910e-fd2c-4344-a297-b8c11b639e56,2026-04,691.88,574b29ba-56c2-48aa-a8a1-0cd881f61288,bcd66f34-c38c-47bc-b88b-4f59054c2387,new_logo,12,2026-04-01
a3b7910e-fd2c-4344-a297-b8c11b639e56,2026-05,691.88,574b29ba-56c2-48aa-a8a1-0cd881f61288,bcd66f34-c38c-47bc-b88b-4f59054c2387,new_logo,12,2026-05-01
a3b7910e-fd2c-4344-a297-b8c11b639e56,2026-06,691.88,574b29ba-56c2-48aa-a8a1-0cd881f61288,bcd66f34-c38c-47bc-b88b-4f59054c2387,new_logo,12,2026-06-01
a3b7910e-fd2c-4344-a297-b8c11b639e56,2026-07,691.88,574b29ba-56c2-48aa-a8a1-0cd881f61288,bcd66f34-c38c-47bc-b88b-4f59054c2387,new_logo,12,2026-07-01
a3b7910e-fd2c-4344-a297-b8c11b639e56,2026-08,691.88,574b29ba-56c2-48aa-a8a1-0cd881f61288,bcd66f34-c38c-47bc-b88b-4f59054c2387,new_logo,12,2026-08-01
a3b7910e-fd2c-4344-a297-b8c11b639e56,2026-09,691.88,574b29ba-56c2-48aa-a8a1-0cd881f61288,bcd66f34-c38c-47bc-b88b-4f59054c2387,new_logo,12,2026-09-01
a3b7910e-fd2c-4344-a297-b8c11b639e56,2025-12,526.37,c728d490-209d-4942-b6fb-2848945a0c4c,274d31b9-acb4-4918-82d8-9ae17a83a003,renewal,12,2025-12-01
a3b7910e-fd2c-4344-a297-b8c11b639e56,2026-01,526.37,c728d490-209d-4942-b6fb-2848945a0c4c,274d31b9-acb4-4918-82d8-9ae17a83a003,renewal,12,2026-01-01
a3b7910e-fd2c-4344-a297-b8c11b639e56,2026-02,526.37,c728d490-209d-4942-b6fb-2848945a0c4c,274d31b9-acb4-4918-82d8-9ae17a83a003,renewal,12,2026-02-01
a3b7910e-fd2c-4344-a297-b8c11b639e56,2026-03,526.37,c728d490-209d-4942-b6fb-2848945a0c4c,274d31b9-acb4-4918-82d8-9ae17a83a003,renewal,12,2026-03-01
a3b7910e-fd2c-4344-a297-b8c11b639e56,2026-04,526.37,c728d490-209d-4942-b6fb-2848945a0c4c,274d31b9-acb4-4918-82d8-9ae17a83a003,renewal,12,2026-04-01
a3b7910e-fd2c-4344-a297-b8c11b639e56,2026-05,526.37,c728d490-209d-4942-b6fb-2848945a0c4c,274d31b9-acb4-4918-82d8-9ae17a83a003,renewal,12,2026-05-01
a3b7910e-fd2c-4344-a297-b8c11b639e56,2026-06,526.37,c728d490-209d-4942-b6fb-2848945a0c4c,274d31b9-acb4-4918-82d8-9ae17a83a003,renewal,12,2026-06-01
a3b7910e-fd2c-4344-a297-b8c11b639e56,2026-07,526.37,c728d490-209d-4942-b6fb-2848945a0c4c,274d31b9-acb4-4918-82d8-9ae17a83a003,renewal,12,2026-07-01
a3b7910e-fd2c-4344-a297-b8c11b639e56,2026-08,526.37,c728d490-209d-4942-b6fb-2848945a0c4c,274d31b9-acb4-4918-82d8-9ae17a83a003,renewal,12,2026-08-01
a3b7910e-fd2c-4344-a297-b8c11b639e56,2026-09,526.37,c728d490-209d-4942-b6fb-2848945a0c4c,274d31b9-acb4-4918-82d8-9ae17a83a003,renewal,12,2026-09-01
a3b7910e-fd2c-4344-a297-b8c11b639e56,2026-05,578.25,b0434ec3-722b-4500-ae38-e48eaebe148f,5f0b5341-7700-42a8-9b7e-495fa8cbd5af,renewal,12,2026-05-01
a3b7910e-fd2c-4344-a297-b8c11b639e56,2026-06,578.25,b0434ec3-722b-4500-ae38-e48eaebe148f,5f0b5341-7700-42a8-9b7e-495fa8cbd5af,renewal,12,2026-06-01
a3b7910e-fd2c-4344-a297-b8c11b639e56,2026-07,578.25,b0434ec3-722b-4500-ae38-e48eaebe148f,5f0b5341-7700-42a8-9b7e-495fa8cbd5af,renewal,12,2026-07-01
a3b7910e-fd2c-4344-a297-b8c11b639e56,2026-08,578.25,b0434ec3-722b-4500-ae38-e48eaebe148f,5f0b5341-7700-42a8-9b7e-495fa8cbd5af,renewal,12,2026-08-01
a3b7910e-fd2c-4344-a297-b8c11b639e56,2026-09,578.25,b0434ec3-722b-4500-ae38-e48eaebe148f,5f0b5341-7700-42a8-9b7e-495fa8cbd5af,renewal,12,2026-09-01
f61e3218-5e2d-439b-8b66-aad1cb7e037e,2026-04,2162.02,9497d49d-6749-4847-896d-a5c06160c14e,6c08e801-4525-4b49-bcea-03e77844ae0f,renewal,12,2026-04-01
f61e3218-5e2d-439b-8b66-aad1cb7e037e,2026-05,2162.02,9497d49d-6749-4847-896d-a5c06160c14e,6c08e801-4525-4b49-bcea-03e77844ae0f,renewal,12,2026-05-01
f61e3218-5e2d-439b-8b66-aad1cb7e037e,2026-06,2162.02,9497d49d-6749-4847-896d-a5c06160c14e,6c08e801-4525-4b49-bcea-03e77844ae0f,renewal,12,2026-06-01
f61e3218-5e2d-439b-8b66-aad1cb7e037e,2026-07,2162.02,9497d49d-6749-4847-896d-a5c06160c14e,6c08e801-4525-4b49-bcea-03e77844ae0f,renewal,12,2026-07-01
f61e3218-5e2d-439b-8b66-aad1cb7e037e,2026-08,2162.02,9497d49d-6749-4847-896d-a5c06160c14e,6c08e801-4525-4b49-bcea-03e77844ae0f,renewal,12,2026-08-01
f61e3218-5e2d-439b-8b66-aad1cb7e037e,2026-09,2162.02,9497d49d-6749-4847-896d-a5c06160c14e,6c08e801-4525-4b49-bcea-03e77844ae0f,renewal,12,2026-09-01
f61e3218-5e2d-439b-8b66-aad1cb7e037e,2025-08,2614.44,b090d383-340d-42b5-962e-ea45dadf031c,41dfa202-964a-41f9-9ce9-046404eefcbd,renewal,12,2025-08-01
f61e3218-5e2d-439b-8b66-aad1cb7e037e,2025-09,2614.44,b090d383-340d-42b5-962e-ea45dadf031c,41dfa202-964a-41f9-9ce9-046404eefcbd,renewal,12,2025-09-01
f61e3218-5e2d-439b-8b66-aad1cb7e037e,2025-10,2614.44,b090d383-340d-42b5-962e-ea45dadf031c,41dfa202-964a-41f9-9ce9-046404eefcbd,renewal,12,2025-10-01
f61e3218-5e2d-439b-8b66-aad1cb7e037e,2025-11,2614.44,b090d383-340d-42b5-962e-ea45dadf031c,41dfa202-964a-41f9-9ce9-046404eefcbd,renewal,12,2025-11-01
f61e3218-5e2d-439b-8b66-aad1cb7e037e,2025-12,2614.44,b090d383-340d-42b5-962e-ea45dadf031c,41dfa202-964a-41f9-9ce9-046404eefcbd,renewal,12,2025-12-01
f61e3218-5e2d-439b-8b66-aad1cb7e037e,2026-01,2614.44,b090d383-340d-42b5-962e-ea45dadf031c,41dfa202-964a-41f9-9ce9-046404eefcbd,renewal,12,2026-01-01
f61e3218-5e2d-439b-8b66-aad1cb7e037e,2026-02,2614.44,b090d383-340d-42b5-962e-ea45dadf031c,41dfa202-964a-41f9-9ce9-046404eefcbd,renewal,12,2026-02-01
f61e3218-5e2d-439b-8b66-aad1cb7e037e,2026-03,2614.44,b090d383-340d-42b5-962e-ea45dadf031c,41dfa202-964a-41f9-9ce9-046404eefcbd,renewal,12,2026-03-01
f61e3218-5e2d-439b-8b66-aad1cb7e037e,2026-04,2614.44,b090d383-340d-42b5-962e-ea45dadf031c,41dfa202-964a-41f9-9ce9-046404eefcbd,renewal,12,2026-04-01
f61e3218-5e2d-439b-8b66-aad1cb7e037e,2026-05,2614.44,b090d383-340d-42b5-962e-ea45dadf031c,41dfa202-964a-41f9-9ce9-046404eefcbd,renewal,12,2026-05-01
f61e3218-5e2d-439b-8b66-aad1cb7e037e,2026-06,2614.44,b090d383-340d-42b5-962e-ea45dadf031c,41dfa202-964a-41f9-9ce9-046404eefcbd,renewal,12,2026-06-01
f61e3218-5e2d-439b-8b66-aad1cb7e037e,2026-07,2614.44,b090d383-340d-42b5-962e-ea45dadf031c,41dfa202-964a-41f9-9ce9-046404eefcbd,renewal,12,2026-07-01
f61e3218-5e2d-439b-8b66-aad1cb7e037e,2026-05,2676.41,75e4e10e-eba1-43a9-9037-1f6f696a6d14,0e52ba1f-fe07-462d-92a1-685a3f652c8e,renewal,12,2026-05-01
f61e3218-5e2d-439b-8b66-aad1cb7e037e,2026-06,2676.41,75e4e10e-eba1-43a9-9037-1f6f696a6d14,0e52ba1f-fe07-462d-92a1-685a3f652c8e,renewal,12,2026-06-01
f61e3218-5e2d-439b-8b66-aad1cb7e037e,2026-07,2676.41,75e4e10e-eba1-43a9-9037-1f6f696a6d14,0e52ba1f-fe07-462d-92a1-685a3f652c8e,renewal,12,2026-07-01
f61e3218-5e2d-439b-8b66-aad1cb7e037e,2026-08,2676.41,75e4e10e-eba1-43a9-9037-1f6f696a6d14,0e52ba1f-fe07-462d-92a1-685a3f652c8e,renewal,12,2026-08-01
f61e3218-5e2d-439b-8b66-aad1cb7e037e,2026-09,2676.41,75e4e10e-eba1-43a9-9037-1f6f696a6d14,0e52ba1f-fe07-462d-92a1-685a3f652c8e,renewal,12,2026-09-01
f61e3218-5e2d-439b-8b66-aad1cb7e037e,2025-10,2105.33,2b56be94-9289-404a-824c-997e5baa6c7c,44284e2e-9621-46fc-8ab1-6617ecbdfb3c,churn,12,2025-10-01
f61e3218-5e2d-439b-8b66-aad1cb7e037e,2025-11,2105.33,2b56be94-9289-404a-824c-997e5baa6c7c,44284e2e-9621-46fc-8ab1-6617ecbdfb3c,churn,12,2025-11-01
f61e3218-5e2d-439b-8b66-aad1cb7e037e,2025-12,2105.33,2b56be94-9289-404a-824c-997e5baa6c7c,44284e2e-9621-46fc-8ab1-6617ecbdfb3c,churn,12,2025-12-01
f61e3218-5e2d-439b-8b66-aad1cb7e037e,2026-01,2105.33,2b56be94-9289-404a-824c-997e5baa6c7c,44284e2e-9621-46fc-8ab1-6617ecbdfb3c,churn,12,2026-01-01
f61e3218-5e2d-439b-8b66-aad1cb7e037e,2026-02,2105.33,2b56be94-9289-404a-824c-997e5baa6c7c,44284e2e-9621-46fc-8ab1-6617ecbdfb3c,churn,12,2026-02-01
f61e3218-5e2d-439b-8b66-aad1cb7e037e,2026-03,2105.33,2b56be94-9289-404a-824c-997e5baa6c7c,44284e2e-9621-46fc-8ab1-6617ecbdfb3c,churn,12,2026-03-01
f61e3218-5e2d-439b-8b66-aad1cb7e037e,2026-04,2105.33,2b56be94-9289-404a-824c-997e5baa6c7c,44284e2e-9621-46fc-8ab1-6617ecbdfb3c,churn,12,2026-04-01
f61e3218-5e2d-439b-8b66-aad1cb7e037e,2026-05,2105.33,2b56be94-9289-404a-824c-997e5baa6c7c,44284e2e-9621-46fc-8ab1-6617ecbdfb3c,churn,12,2026-05-01
f61e3218-5e2d-439b-8b66-aad1cb7e037e,2026-06,2105.33,2b56be94-9289-404a-824c-997e5baa6c7c,44284e2e-9621-46fc-8ab1-6617ecbdfb3c,churn,12,2026-06-01
f61e3218-5e2d-439b-8b66-aad1cb7e037e,2026-07,2105.33,2b56be94-9289-404a-824c-997e5baa6c7c,44284e2e-9621-46fc-8ab1-6617ecbdfb3c,churn,12,2026-07-01
f61e3218-5e2d-439b-8b66-aad1cb7e037e,2026-08,2105.33,2b56be94-9289-404a-824c-997e5baa6c7c,44284e2e-9621-46fc-8ab1-6617ecbdfb3c,churn,12,2026-08-01
f61e3218-5e2d-439b-8b66-aad1cb7e037e,2026-09,2105.33,2b56be94-9289-404a-824c-997e5baa6c7c,44284e2e-9621-46fc-8ab1-6617ecbdfb3c,churn,12,2026-09-01
f61e3218-5e2d-439b-8b66-aad1cb7e037e,2025-07,2859.19,b0434ec3-722b-4500-ae38-e48eaebe148f,657c8955-8396-496c-a9b9-ab8acd6c20ed,churn,12,2025-07-01
f61e3218-5e2d-439b-8b66-aad1cb7e037e,2025-08,2859.19,b0434ec3-722b-4500-ae38-e48eaebe148f,657c8955-8396-496c-a9b9-ab8acd6c20ed,churn,12,2025-08-01
f61e3218-5e2d-439b-8b66-aad1cb7e037e,2025-09,2859.19,b0434ec3-722b-4500-ae38-e48eaebe148f,657c8955-8396-496c-a9b9-ab8acd6c20ed,churn,12,2025-09-01
f61e3218-5e2d-439b-8b66-aad1cb7e037e,2025-10,2859.19,b0434ec3-722b-4500-ae38-e48eaebe148f,657c8955-8396-496c-a9b9-ab8acd6c20ed,churn,12,2025-10-01
f61e3218-5e2d-439b-8b66-aad1cb7e037e,2025-11,2859.19,b0434ec3-722b-4500-ae38-e48eaebe148f,657c8955-8396-496c-a9b9-ab8acd6c20ed,churn,12,2025-11-01
f61e3218-5e2d-439b-8b66-aad1cb7e037e,2025-12,2859.19,b0434ec3-722b-4500-ae38-e48eaebe148f,657c8955-8396-496c-a9b9-ab8acd6c20ed,churn,12,2025-12-01
f61e3218-5e2d-439b-8b66-aad1cb7e037e,2026-01,2859.19,b0434ec3-722b-4500-ae38-e48eaebe148f,657c8955-8396-496c-a9b9-ab8acd6c20ed,churn,12,2026-01-01
f61e3218-5e2d-439b-8b66-aad1cb7e037e,2026-02,2859.19,b0434ec3-722b-4500-ae38-e48eaebe148f,657c8955-8396-496c-a9b9-ab8acd6c20ed,churn,12,2026-02-01
f61e3218-5e2d-439b-8b66-aad1cb7e037e,2026-03,2859.19,b0434ec3-722b-4500-ae38-e48eaebe148f,657c8955-8396-496c-a9b9-ab8acd6c20ed,churn,12,2026-03-01
f61e3218-5e2d-439b-8b66-aad1cb7e037e,2026-04,2859.19,b0434ec3-722b-4500-ae38-e48eaebe148f,657c8955-8396-496c-a9b9-ab8acd6c20ed,churn,12,2026-04-01
f61e3218-5e2d-439b-8b66-aad1cb7e037e,2026-05,2859.19,b0434ec3-722b-4500-ae38-e48eaebe148f,657c8955-8396-496c-a9b9-ab8acd6c20ed,churn,12,2026-05-01
f61e3218-5e2d-439b-8b66-aad1cb7e037e,2026-06,2859.19,b0434ec3-722b-4500-ae38-e48eaebe148f,657c8955-8396-496c-a9b9-ab8acd6c20ed,churn,12,2026-06-01
2f57768e-edff-4eae-9153-eaeca2be9514,2025-12,2441.89,c3b23987-4a7d-4002-a79c-cf27cf1f64e1,fa88b0bc-7ffd-433d-b8d5-59d21811e259,churn,12,2025-12-01
2f57768e-edff-4eae-9153-eaeca2be9514,2026-01,2441.89,c3b23987-4a7d-4002-a79c-cf27cf1f64e1,fa88b0bc-7ffd-433d-b8d5-59d21811e259,churn,12,2026-01-01
2f57768e-edff-4eae-9153-eaeca2be9514,2026-02,2441.89,c3b23987-4a7d-4002-a79c-cf27cf1f64e1,fa88b0bc-7ffd-433d-b8d5-59d21811e259,churn,12,2026-02-01
2f57768e-edff-4eae-9153-eaeca2be9514,2026-03,2441.89,c3b23987-4a7d-4002-a79c-cf27cf1f64e1,fa88b0bc-7ffd-433d-b8d5-59d21811e259,churn,12,2026-03-01
2f57768e-edff-4eae-9153-eaeca2be9514,2026-04,2441.89,c3b23987-4a7d-4002-a79c-cf27cf1f64e1,fa88b0bc-7ffd-433d-b8d5-59d21811e259,churn,12,2026-04-01
2f57768e-edff-4eae-9153-eaeca2be9514,2026-05,2441.89,c3b23987-4a7d-4002-a79c-cf27cf1f64e1,fa88b0bc-7ffd-433d-b8d5-59d21811e259,churn,12,2026-05-01
2f57768e-edff-4eae-9153-eaeca2be9514,2026-06,2441.89,c3b23987-4a7d-4002-a79c-cf27cf1f64e1,fa88b0bc-7ffd-433d-b8d5-59d21811e259,churn,12,2026-06-01
2f57768e-edff-4eae-9153-eaeca2be9514,2026-07,2441.89,c3b23987-4a7d-4002-a79c-cf27cf1f64e1,fa88b0bc-7ffd-433d-b8d5-59d21811e259,churn,12,2026-07-01
2f57768e-edff-4eae-9153-eaeca2be9514,2026-08,2441.89,c3b23987-4a7d-4002-a79c-cf27cf1f64e1,fa88b0bc-7ffd-433d-b8d5-59d21811e259,churn,12,2026-08-01
2f57768e-edff-4eae-9153-eaeca2be9514,2026-09,2441.89,c3b23987-4a7d-4002-a79c-cf27cf1f64e1,fa88b0bc-7ffd-433d-b8d5-59d21811e259,churn,12,2026-09-01
2f57768e-edff-4eae-9153-eaeca2be9514,2026-01,2204.5,05f6b4e4-ab16-4eb9-a584-53876aba9ee7,757d57a8-f92e-4c59-9b79-db52c261edf0,renewal,12,2026-01-01
2f57768e-edff-4eae-9153-eaeca2be9514,2026-02,2204.5,05f6b4e4-ab16-4eb9-a584-53876aba9ee7,757d57a8-f92e-4c59-9b79-db52c261edf0,renewal,12,2026-02-01
2f57768e-edff-4eae-9153-eaeca2be9514,2026-03,2204.5,05f6b4e4-ab16-4eb9-a584-53876aba9ee7,757d57a8-f92e-4c59-9b79-db52c261edf0,renewal,12,2026-03-01
2f57768e-edff-4eae-9153-eaeca2be9514,2026-04,2204.5,05f6b4e4-ab16-4eb9-a584-53876aba9ee7,757d57a8-f92e-4c59-9b79-db52c261edf0,renewal,12,2026-04-01
2f57768e-edff-4eae-9153-eaeca2be9514,2026-05,2204.5,05f6b4e4-ab16-4eb9-a584-53876aba9ee7,757d57a8-f92e-4c59-9b79-db52c261edf0,renewal,12,2026-05-01
2f57768e-edff-4eae-9153-eaeca2be9514,2026-06,2204.5,05f6b4e4-ab16-4eb9-a584-53876aba9ee7,757d57a8-f92e-4c59-9b79-db52c261edf0,renewal,12,2026-06-01
2f57768e-edff-4eae-9153-eaeca2be9514,2026-07,2204.5,05f6b4e4-ab16-4eb9-a584-53876aba9ee7,757d57a8-f92e-4c59-9b79-db52c261edf0,renewal,12,2026-07-01
2f57768e-edff-4eae-9153-eaeca2be9514,2026-08,2204.5,05f6b4e4-ab16-4eb9-a584-53876aba9ee7,757d57a8-f92e-4c59-9b79-db52c261edf0,renewal,12,2026-08-01
2f57768e-edff-4eae-9153-eaeca2be9514,2026-09,2204.5,05f6b4e4-ab16-4eb9-a584-53876aba9ee7,757d57a8-f92e-4c59-9b79-db52c261edf0,renewal,12,2026-09-01
2f57768e-edff-4eae-9153-eaeca2be9514,2026-08,2474.75,189e9d2b-112f-443f-b430-267e8695b2e4,10a06767-8e90-438a-a2d5-e347d080c4f7,new_logo,12,2026-08-01
2f57768e-edff-4eae-9153-eaeca2be9514,2026-09,2474.75,189e9d2b-112f-443f-b430-267e8695b2e4,10a06767-8e90-438a-a2d5-e347d080c4f7,new_logo,12,2026-09-01
2f57768e-edff-4eae-9153-eaeca2be9514,2026-03,2659.37,55dbe199-f2ef-4d4a-a441-d95eec4433ad,d0b619f0-6c2d-44d1-a318-5f8272c861a3,new_logo,12,2026-03-01
2f57768e-edff-4eae-9153-eaeca2be9514,2026-04,2659.37,55dbe199-f2ef-4d4a-a441-d95eec4433ad,d0b619f0-6c2d-44d1-a318-5f8272c861a3,new_logo,12,2026-04-01
2f57768e-edff-4eae-9153-eaeca2be9514,2026-05,2659.37,55dbe199-f2ef-4d4a-a441-d95eec4433ad,d0b619f0-6c2d-44d1-a318-5f8272c861a3,new_logo,12,2026-05-01
2f57768e-edff-4eae-9153-eaeca2be9514,2026-06,2659.37,55dbe199-f2ef-4d4a-a441-d95eec4433ad,d0b619f0-6c2d-44d1-a318-5f8272c861a3,new_logo,12,2026-06-01
2f57768e-edff-4eae-9153-eaeca2be9514,2026-07,2659.37,55dbe199-f2ef-4d4a-a441-d95eec4433ad,d0b619f0-6c2d-44d1-a318-5f8272c861a3,new_logo,12,2026-07-01
2f57768e-edff-4eae-9153-eaeca2be9514,2026-08,2659.37,55dbe199-f2ef-4d4a-a441-d95eec4433ad,d0b619f0-6c2d-44d1-a318-5f8272c861a3,new_logo,12,2026-08-01
2f57768e-edff-4eae-9153-eaeca2be9514,2026-09,2659.37,55dbe199-f2ef-4d4a-a441-d95eec4433ad,d0b619f0-6c2d-44d1-a318-5f8272c861a3,new_logo,12,2026-09-01
2f57768e-edff-4eae-9153-eaeca2be9514,2025-07,2036.67,189e9d2b-112f-443f-b430-267e8695b2e4,42aa4dc8-ebfc-4131-86a4-1bb27adee1d6,new_logo,12,2025-07-01
2f57768e-edff-4eae-9153-eaeca2be9514,2025-08,2036.67,189e9d2b-112f-443f-b430-267e8695b2e4,42aa4dc8-ebfc-4131-86a4-1bb27adee1d6,new_logo,12,2025-08-01
2f57768e-edff-4eae-9153-eaeca2be9514,2025-09,2036.67,189e9d2b-112f-443f-b430-267e8695b2e4,42aa4dc8-ebfc-4131-86a4-1bb27adee1d6,new_logo,12,2025-09-01
2f57768e-edff-4eae-9153-eaeca2be9514,2025-10,2036.67,189e9d2b-112f-443f-b430-267e8695b2e4,42aa4dc8-ebfc-4131-86a4-1bb27adee1d6,new_logo,12,2025-10-01
2f57768e-edff-4eae-9153-eaeca2be9514,2025-11,2036.67,189e9d2b-112f-443f-b430-267e8695b2e4,42aa4dc8-ebfc-4131-86a4-1bb27adee1d6,new_logo,12,2025-11-01
2f57768e-edff-4eae-9153-eaeca2be9514,2025-12,2036.67,189e9d2b-112f-443f-b430-267e8695b2e4,42aa4dc8-ebfc-4131-86a4-1bb27adee1d6,new_logo,12,2025-12-01
2f57768e-edff-4eae-9153-eaeca2be9514,2026-01,2036.67,189e9d2b-112f-443f-b430-267e8695b2e4,42aa4dc8-ebfc-4131-86a4-1bb27adee1d6,new_logo,12,2026-01-01
2f57768e-edff-4eae-9153-eaeca2be9514,2026-02,2036.67,189e9d2b-112f-443f-b430-267e8695b2e4,42aa4dc8-ebfc-4131-86a4-1bb27adee1d6,new_logo,12,2026-02-01
2f57768e-edff-4eae-9153-eaeca2be9514,2026-03,2036.67,189e9d2b-112f-443f-b430-267e8695b2e4,42aa4dc8-ebfc-4131-86a4-1bb27adee1d6,new_logo,12,2026-03-01
2f57768e-edff-4eae-9153-eaeca2be9514,2026-04,2036.67,189e9d2b-112f-443f-b430-267e8695b2e4,42aa4dc8-ebfc-4131-86a4-1bb27adee1d6,new_logo,12,2026-04-01
2f57768e-edff-4eae-9153-eaeca2be9514,2026-05,2036.67,189e9d2b-112f-443f-b430-267e8695b2e4,42aa4dc8-ebfc-4131-86a4-1bb27adee1d6,new_logo,12,2026-05-01
2f57768e-edff-4eae-9153-eaeca2be9514,2026-06,2036.67,189e9d2b-112f-443f-b430-267e8695b2e4,42aa4dc8-ebfc-4131-86a4-1bb27adee1d6,new_logo,12,2026-06-01
f61e3218-5e2d-439b-8b66-aad1cb7e037e,2026-04,1169.9,,,expansion,,2026-04-01
f61e3218-5e2d-439b-8b66-aad1cb7e037e,2026-07,468.78,,,expansion,,2026-07-01
ec847390-1f72-4f2c-aece-d6c8a794b9e6,2026-05,-925.16,,,churn,,2026-05-01
ec847390-1f72-4f2c-aece-d6c8a794b9e6,2026-08,967.15,,,expansion,,2026-08-01
2f57768e-edff-4eae-9153-eaeca2be9514,2026-06,-1798.77,,,churn,,2026-06-01
2f57768e-edff-4eae-9153-eaeca2be9514,2026-09,1170.21,,,expansion,,2026-09-01
9895fd25-57cb-467c-b4fe-dab4d011b85f,2026-03,171.19,,,expansion,,2026-03-01
9895fd25-57cb-467c-b4fe-dab4d011b85f,2026-06,-936.41,,,churn,,2026-06-01
9895fd25-57cb-467c-b4fe-dab4d011b85f,2026-07,-937.36,,,churn,,2026-07-01
f61e3218-5e2d-439b-8b66-aad1cb7e037e,2023-12,-227.69,,,churn,,2023-12-01
f61e3218-5e2d-439b-8b66-aad1cb7e037e,2024-03,180.78,,,expansion,,2024-03-01
f61e3218-5e2d-439b-8b66-aad1cb7e037e,2024-07,-1175.96,,,churn,,2024-07-01
f61e3218-5e2d-439b-8b66-aad1cb7e037e,2024-07,604.3,,,expansion,,2024-07-01
2f57768e-edff-4eae-9153-eaeca2be9514,2024-01,340.97,,,expansion,,2024-01-01
2f57768e-edff-4eae-9153-eaeca2be9514,2024-04,335.79,,,expansion,,2024-04-01
2f57768e-edff-4eae-9153-eaeca2be9514,2024-05,488.76,,,expansion,,2024-05-01
2f57768e-edff-4eae-9153-eaeca2be9514,2024-07,-421.58,,,churn,,2024-07-01
2f57768e-edff-4eae-9153-eaeca2be9514,2024-12,762.07,,,expansion,,2024-12-01
e86a69d9-3595-4c07-9821-248f968e091d,2024-09,440.27,,,expansion,,2024-09-01
e86a69d9-3595-4c07-9821-248f968e091d,2025-01,-735.75,,,churn,,2025-01-01
e86a69d9-3595-4c07-9821-248f968e091d,2025-02,618.77,,,expansion,,2025-02-01
ec847390-1f72-4f2c-aece-d6c8a794b9e6,2025-11,-460.33,,,churn,,2025-11-01
ec847390-1f72-4f2c-aece-d6c8a794b9e6,2024-07,-333.67,,,churn,,2024-07-01
ec847390-1f72-4f2c-aece-d6c8a794b9e6,2024-10,-309.55,,,churn,,2024-10-01
ec847390-1f72-4f2c-aece-d6c8a794b9e6,2025-05,-229.17,,,churn,,2025-05-01
f61e3218-5e2d-439b-8b66-aad1cb7e037e,2025-06,-500.67,,,churn,,2025-06-01
f61e3218-5e2d-439b-8b66-aad1cb7e037e,2025-08,-890.83,,,churn,,2025-08-01
f61e3218-5e2d-439b-8b66-aad1cb7e037e,2025-10,-472.09,,,churn,,2025-10-01
f61e3218-5e2d-439b-8b66-aad1cb7e037e,2024-12,-690.29,,,churn,,2024-12-01
f61e3218-5e2d-439b-8b66-aad1cb7e037e,2025-02,795.77,,,expansion,,2025-02-01
0cbf9a48-fbf3-4c51-b5ec-ac820e68f0b5,2024-08,-321.99,,,churn,,2024-08-01
0cbf9a48-fbf3-4c51-b5ec-ac820e68f0b5,2024-08,343.9,,,expansion,,2024-08-01
0cbf9a48-fbf3-4c51-b5ec-ac820e68f0b5,2025-01,592.12,,,expansion,,2025-01-01
0cbf9a48-fbf3-4c51-b5ec-ac820e68f0b5,2025-03,282.18,,,expansion,,2025-03-01
0cbf9a48-fbf3-4c51-b5ec-ac820e68f0b5,2025-05,522.21,,,expansion,,2025-05-01
0a6236fc-5bf0-447d-92fd-4eaca555dad6,2024-03,-268.45,,,churn,,2024-03-01
0a6236fc-5bf0-447d-92fd-4eaca555dad6,2024-08,-317.57,,,churn,,2024-08-01
0a6236fc-5bf0-447d-92fd-4eaca555dad6,2024-09,-215.35,,,churn,,2024-09-01
2f57768e-edff-4eae-9153-eaeca2be9514,2025-06,-81.62,,,churn,,2025-06-01
2f57768e-edff-4eae-9153-eaeca2be9514,2025-07,-380.52,,,churn,,2025-07-01
2f57768e-edff-4eae-9153-eaeca2be9514,2025-07,251.05,,,expansion,,2025-07-01
29452830-c830-41dc-bde2-225c35008a56,2026-08,-343.54,,,churn,,2026-08-01
29452830-c830-41dc-bde2-225c35008a56,2026-09,226.65,,,expansion,,2026-09-01
2f57768e-edff-4eae-9153-eaeca2be9514,2025-01,230.78,,,expansion,,2025-01-01
0cbf9a48-fbf3-4c51-b5ec-ac820e68f0b5,2026-06,-868.08,,,churn,,2026-06-01
564f69a7-9964-449d-a1ae-4e07a409b8a6,2025-09,342.57,,,expansion,,2025-09-01
564f69a7-9964-449d-a1ae-4e07a409b8a6,2026-01,-469.49,,,churn,,2026-01-01
0a6236fc-5bf0-447d-92fd-4eaca555dad6,2026-04,-1068.51,,,churn,,2026-04-01
0a6236fc-5bf0-447d-92fd-4eaca555dad6,2026-05,-895.08,,,churn,,2026-05-01
0a6236fc-5bf0-447d-92fd-4eaca555dad6,2026-09,464.4,,,expansion,,2026-09-01
e86a69d9-3595-4c07-9821-248f968e091d,2025-07,615.02,,,expansion,,2025-07-01
e86a69d9-3595-4c07-9821-248f968e091d,2025-08,416.19,,,expansion,,2025-08-01
e86a69d9-3595-4c07-9821-248f968e091d,2025-10,341.38,,,expansion,,2025-10-01
e6e3da5c-10ac-46fc-bbd8-7e5378e7d631,2024-01,251.24,,,expansion,,2024-01-01
e6e3da5c-10ac-46fc-bbd8-7e5378e7d631,2024-11,-300.46,,,churn,,2024-11-01
9895fd25-57cb-467c-b4fe-dab4d011b85f,2025-03,-91.49,,,churn,,2025-03-01
9895fd25-57cb-467c-b4fe-dab4d011b85f,2025-05,188.85,,,expansion,,2025-05-01
0a6236fc-5bf0-447d-92fd-4eaca555dad6,2025-07,222.79,,,expansion,,2025-07-01
564f69a7-9964-449d-a1ae-4e07a409b8a6,2024-10,-102.5,,,churn,,2024-10-01
564f69a7-9964-449d-a1ae-4e07a409b8a6,2024-11,-139.96,,,churn,,2024-11-01
d446139e-1ade-41f0-b434-bfe1859dccfe,2026-07,-338.81,,,churn,,2026-07-01
d446139e-1ade-41f0-b434-bfe1859dccfe,2026-06,68.88,,,expansion,,2026-06-01
d446139e-1ade-41f0-b434-bfe1859dccfe,2025-12,27.06,,,expansion,,2025-12-01
e6e3da5c-10ac-46fc-bbd8-7e5378e7d631,2025-12,-282.16,,,churn,,2025-12-01
e86a69d9-3595-4c07-9821-248f968e091d,2026-08,168.65,,,expansion,,2026-08-01
e86a69d9-3595-4c07-9821-248f968e091d,2026-09,-892.64,,,churn,,2026-09-01
e86a69d9-3595-4c07-9821-248f968e091d,2026-05,-402.18,,,churn,,2026-05-01
e86a69d9-3595-4c07-9821-248f968e091d,2026-05,273.65,,,expansion,,2026-05-01
645d5f16-eab8-4b66-b614-b170c42fcd94,2025-12,178.29,,,expansion,,2025-12-01
645d5f16-eab8-4b66-b614-b170c42fcd94,2026-05,199.45,,,expansion,,2026-05-01
645d5f16-eab8-4b66-b614-b170c42fcd94,2025-10,-67.58,,,churn,,2025-10-01
fc933254-1509-4dc5-9dbf-67455f3bd728,2026-02,707.08,,,expansion,,2026-02-01
fc933254-1509-4dc5-9dbf-67455f3bd728,2026-08,-453.81,,,churn,,2026-08-01
fc933254-1509-4dc5-9dbf-67455f3bd728,2025-10,229.92,,,expansion,,2025-10-01
fc933254-1509-4dc5-9dbf-67455f3bd728,2025-11,67.64,,,expansion,,2025-11-01
0cbf9a48-fbf3-4c51-b5ec-ac820e68f0b5,2025-08,-319.66,,,churn,,2025-08-01
0cbf9a48-fbf3-4c51-b5ec-ac820e68f0b5,2025-11,-171.72,,,churn,,2025-11-01
564f69a7-9964-449d-a1ae-4e07a409b8a6,2026-09,103.4,,,expansion,,2026-09-01
a3b7910e-fd2c-4344-a297-b8c11b639e56,2026-03,12.26,,,expansion,,2026-03-01
