id,deal_id,rep_id,type,outcome,notes,activity_date
d12620ef-bb32-4e7a-845e-df1b3f6018ab,3db9cc2d-b210-408e-9c0c-f4028fbd7916,11c59b73-1c6f-4521-8df0-fa6552bd4feb,meeting,negative,Pay have lead home return even head building between over.,2025-09-22T02:00:32.919965
e3809430-bb08-42d3-8e8a-5381f173b777,3db9cc2d-b210-408e-9c0c-f4028fbd7916,11c59b73-1c6f-4521-8df0-fa6552bd4feb,call,neutral,Light by war treat any north up though meet military significant need.,2025-09-02T01:13:06.126418
d41f271c-4fd7-47ef-ac13-0f3a24360688,3db9cc2d-b210-408e-9c0c-f4028fbd7916,11c59b73-1c6f-4521-8df0-fa6552bd4feb,meeting,no_response,Already tend able treat half vote year trip rich keep night certain blood coach computer.,2026-02-25T03:19:35.271598
c0b8f5dc-f708-407b-8823-7f0a46e62bfa,3db9cc2d-b210-408e-9c0c-f4028fbd7916,11c59b73-1c6f-4521-8df0-fa6552bd4feb,email,negative,Strategy camera red apply option today surface tax.,2026-05-26T20:47:43.565521
3280ee06-0183-47c8-9e57-8d7016f51cb9,3db9cc2d-b210-408e-9c0c-f4028fbd7916,11c59b73-1c6f-4521-8df0-fa6552bd4feb,email,negative,Born great recognize several in image activity enter approach local blue goal sure cover too.,2025-08-02T18:02:12.759196
06e0e0e7-cf9b-4d69-a977-46358842cbcf,3db9cc2d-b210-408e-9c0c-f4028fbd7916,11c59b73-1c6f-4521-8df0-fa6552bd4feb,follow_up,positive,Effort cut anything live national soon reveal nature ability indeed what current.,2025-08-07T13:31:39.828013
d85f5866-9d97-4a17-9d7a-ab1dd3a3fb84,3db9cc2d-b210-408e-9c0c-f4028fbd7916,11c59b73-1c6f-4521-8df0-fa6552bd4feb,email,negative,Deep right west offer this letter class social case many.,2025-06-24T23:17:34.296860
439ab3e0-46ea-4128-a5df-5097bdebcf4e,7877053c-5770-454b-ad1f-2d429ebfee87,49ee0e04-55bc-4d24-89d5-288672473cb1,demo,positive,Anything leg still education understand series despite marriage.,2026-01-04T23:34:18.718493
0456b0bb-de8f-4de2-a7a3-2f6024911afd,7877053c-5770-454b-ad1f-2d429ebfee87,49ee0e04-55bc-4d24-89d5-288672473cb1,follow_up,neutral,Last charge commercial write system interesting particularly then carry forward.,2025-12-07T06:27:10.635098
896884d1-f2e2-48b3-b418-dae19a4764cc,7877053c-5770-454b-ad1f-2d429ebfee87,49ee0e04-55bc-4d24-89d5-288672473cb1,demo,negative,Should someone some score mention adult home finally figure whole lay majority real picture place.,2026-03-16T09:36:42.681141
caccf2f0-1e1d-4950-aade-a9776e6e3689,fa2e1a61-faf3-422e-a425-b567297e87ab,db5de4a8-68d7-40ac-931b-56ee0158fb6e,email,negative,Sure garden score night college whose leave.,2025-12-23T21:20:45.658684
6b09ae84-6174-44ce-9253-6ed8941fc4ba,fa2e1a61-faf3-422e-a425-b567297e87ab,db5de4a8-68d7-40ac-931b-56ee0158fb6e,call,positive,Take notice through before prevent democratic spend middle analysis picture space food other they.,2026-04-04T03:23:23.743363
3dd2c67c-111b-47fa-964c-b23c5f257cd1,fa2e1a61-faf3-422e-a425-b567297e87ab,db5de4a8-68d7-40ac-931b-56ee0158fb6e,demo,no_response,Exactly something stage idea society six worker college south citizen.,2026-01-19T12:48:28.384619
be9fdbab-9a89-476b-ae2d-c7e68570225d,fa2e1a61-faf3-422e-a425-b567297e87ab,db5de4a8-68d7-40ac-931b-56ee0158fb6e,demo,neutral,Science parent budget including enjoy thousand source news or inside economic fall art six month.,2026-03-06T02:19:01.551300
68cd3bc0-dd93-4740-93ff-273af6e2c244,fa2e1a61-faf3-422e-a425-b567297e87ab,db5de4a8-68d7-40ac-931b-56ee0158fb6e,demo,negative,Guy big significant those strong glass article including relationship fast education leader indicate billion board.,2026-05-18T13:09:44.294958
d60911e4-3844-4b19-87e2-9551413f3ff4,fa2e1a61-faf3-422e-a425-b567297e87ab,db5de4a8-68d7-40ac-931b-56ee0158fb6e,call,positive,Form after wall area successful situation performance pattern difficult fill performance several certain.,2026-06-30T01:46:14.863805
f910babc-da1a-4208-a08f-86f0b09f110f,199f4185-2c88-459b-95ff-488b69ae6df4,c78e9bd7-0760-4595-a848-a494101a4147,call,neutral,Become rate look face hour point kid entire administration.,2026-06-01T21:13:49.299251
f887520b-a7bd-42d9-830e-1d1621dc5839,199f4185-2c88-459b-95ff-488b69ae6df4,c78e9bd7-0760-4595-a848-a494101a4147,follow_up,neutral,The language simply cost eight write study deep here leave security dark.,2026-06-03T21:07:27.133333
5e3f010d-3555-4ea0-9386-7ded1209f54e,199f4185-2c88-459b-95ff-488b69ae6df4,c78e9bd7-0760-4595-a848-a494101a4147,follow_up,negative,Boy nation appear garden yes type expert message.,2026-04-15T10:19:49.456709
8f1da9f9-7176-48de-adff-a07029722079,199f4185-2c88-459b-95ff-488b69ae6df4,c78e9bd7-0760-4595-a848-a494101a4147,email,negative,Despite why design worker light really color community when call risk oil agent.,2026-06-28T05:58:52.051738
1675a20b-95d3-4860-8431-894c14bfd229,1f8d97b6-1cae-48f9-8151-e82d7484a485,7c28f429-6319-4ce8-b38a-5d0b486b407b,demo,negative,Recent surface people claim into study single technology generation return gun program officer old either road.,2025-09-30T21:30:10.464461
8cc75650-07d1-4ca0-b8e9-ac2f0ea5d5b0,1f8d97b6-1cae-48f9-8151-e82d7484a485,7c28f429-6319-4ce8-b38a-5d0b486b407b,call,no_response,Push really area industry American public commercial should all listen well arm middle.,2025-05-31T13:34:35.852652
bccf2cbc-57a6-4367-b778-f3bf4c7692de,63ccf7b2-e46d-493e-8590-a767f7fd0047,c78e9bd7-0760-4595-a848-a494101a4147,email,neutral,Radio admit first political player size good first tonight practice house now week identify.,2025-11-29T22:43:27.435083
6d5b180f-4438-49fe-8794-e81a0deb882f,63ccf7b2-e46d-493e-8590-a767f7fd0047,c78e9bd7-0760-4595-a848-a494101a4147,email,neutral,Cultural forget question play today team eat.,2026-04-13T07:53:54.464308
46adedf1-b678-4efa-ba9a-74dfd1d6db32,63ccf7b2-e46d-493e-8590-a767f7fd0047,c78e9bd7-0760-4595-a848-a494101a4147,email,neutral,Arrive possible billion to become treat woman already know president cause middle million.,2026-02-25T05:12:10.376169
7b24804a-071d-46c5-97e5-d8e783f0b32e,63ccf7b2-e46d-493e-8590-a767f7fd0047,c78e9bd7-0760-4595-a848-a494101a4147,follow_up,no_response,Own me million answer out entire art purpose believe action help miss paper last ability likely.,2026-05-13T19:04:30.478016
e5d01229-45f8-490f-a478-ba844f12b39d,63ccf7b2-e46d-493e-8590-a767f7fd0047,c78e9bd7-0760-4595-a848-a494101a4147,call,neutral,Local upon parent wonder tax happy recently.,2025-12-14T18:28:21.234185
8805ec3f-b123-41fd-8d06-8f687d5e8ce2,63ccf7b2-e46d-493e-8590-a767f7fd0047,c78e9bd7-0760-4595-a848-a494101a4147,follow_up,neutral,Themselves green one continue begin sometimes situation interview.,2026-02-05T10:18:42.265308
32ee69f9-fba4-4491-bce8-e1ac9f7bca24,e0ba7729-f9f3-48bf-be39-6f808ff77da3,49ee0e04-55bc-4d24-89d5-288672473cb1,meeting,negative,Country herself parent information wear individual process between sort face second receive want.,2025-05-01T04:14:20.886540
57b543a8-337d-4a1d-a13b-4308f799e5f9,e0ba7729-f9f3-48bf-be39-6f808ff77da3,49ee0e04-55bc-4d24-89d5-288672473cb1,call,neutral,Manager process college check read boy chair interview executive government approach surface school executive step.,2026-01-27T19:35:37.481733
e493e5e9-4aba-4abb-a36e-fb14cc542efe,e0ba7729-f9f3-48bf-be39-6f808ff77da3,49ee0e04-55bc-4d24-89d5-288672473cb1,email,neutral,Either do including time develop past party customer benefit.,2025-10-09T07:58:42.489982
9b67307b-d37f-428c-bf80-05cfb322d80a,e0ba7729-f9f3-48bf-be39-6f808ff77da3,49ee0e04-55bc-4d24-89d5-288672473cb1,follow_up,positive,Tonight I blue food many store participant care experience let along since them.,2025-06-29T16:49:59.018040
0db965a3-ed5d-43bd-a179-749060ec5b12,e0ba7729-f9f3-48bf-be39-6f808ff77da3,49ee0e04-55bc-4d24-89d5-288672473cb1,follow_up,negative,Participant want writer stay account wife expect deal house real conference trade gun check.,2025-10-14T22:30:26.679299
65fe1f9d-72e8-44d7-84ec-d0f81ae7f091,e0ba7729-f9f3-48bf-be39-6f808ff77da3,49ee0e04-55bc-4d24-89d5-288672473cb1,follow_up,neutral,Clear wide difficult various rich scientist behavior memory nearly necessary.,2026-04-18T02:05:44.659853
2d73f636-1bbb-439e-99de-d7e5fc8a63c4,e0ba7729-f9f3-48bf-be39-6f808ff77da3,49ee0e04-55bc-4d24-89d5-288672473cb1,follow_up,positive,Determine chair member manager up common instead than church central administration case.,2025-05-13T19:05:47.352843
53f325c1-3586-4956-b15a-0a6d1b2a33ea,f4c291e2-b23d-4c75-899a-0212cf9bfd03,11c59b73-1c6f-4521-8df0-fa6552bd4feb,call,positive,Choice administration third avoid hit customer probably relate into boy peace which.,2025-08-16T17:21:31.129633
135d2572-b0f2-410c-ab85-bf3698055db4,f4c291e2-b23d-4c75-899a-0212cf9bfd03,11c59b73-1c6f-4521-8df0-fa6552bd4feb,follow_up,neutral,Push what fill section consider case collection report check.,2025-05-17T04:55:39.609543
6f1e4950-d5d0-443e-bb32-bb10701a8f67,989a16d5-f2a8-44e2-8e5f-9c5390af5611,c78e9bd7-0760-4595-a848-a494101a4147,follow_up,neutral,Reality safe to their mission better system around institution task include level scientist home space police.,2025-08-03T15:00:38.786944
1d441627-3dea-4aa1-bcb5-9f61d8b4b340,989a16d5-f2a8-44e2-8e5f-9c5390af5611,c78e9bd7-0760-4595-a848-a494101a4147,call,negative,Risk face mention interesting above there also attack mention bill.,2025-12-12T01:33:45.115971
c5801996-3158-4112-9790-7c9432453275,cfc71a38-06b4-4894-b949-abb042f1a170,db5de4a8-68d7-40ac-931b-56ee0158fb6e,follow_up,positive,Inside nature its task watch my fall.,2026-05-22T08:37:53.176854
0e52edf9-5bf9-4d38-9c46-63c76add8d49,cfc71a38-06b4-4894-b949-abb042f1a170,db5de4a8-68d7-40ac-931b-56ee0158fb6e,meeting,positive,Drug where answer article add company medical general sometimes still add work home.,2026-05-05T03:32:16.583637
269bb222-6d59-4958-a8f4-f9bea7be4262,cfc71a38-06b4-4894-b949-abb042f1a170,db5de4a8-68d7-40ac-931b-56ee0158fb6e,demo,positive,Three available up itself final population boy research reflect certain all head big since method young.,2026-05-11T13:17:48.113744
692ae086-17b5-421c-bd84-41bbf9b411a1,cfc71a38-06b4-4894-b949-abb042f1a170,db5de4a8-68d7-40ac-931b-56ee0158fb6e,call,neutral,Statement dream event put difference hair manage you present dinner tend medical foot my federal.,2026-05-03T06:15:42.218373
b2d87a6a-9afc-4b13-962a-67db54206651,cfc71a38-06b4-4894-b949-abb042f1a170,db5de4a8-68d7-40ac-931b-56ee0158fb6e,email,positive,Describe foot value natural difficult husband real certain along design any natural whose summer.,2026-05-08T11:36:01.216820
97673032-0daa-45e5-9cee-187c611c9095,cfc71a38-06b4-4894-b949-abb042f1a170,db5de4a8-68d7-40ac-931b-56ee0158fb6e,demo,positive,Because certainly reason whether area democratic professional heart face.,2026-06-13T02:42:50.220914
32da17f1-452b-452b-88a5-ca8330dd672a,cfc71a38-06b4-4894-b949-abb042f1a170,db5de4a8-68d7-40ac-931b-56ee0158fb6e,meeting,neutral,Lawyer cold near we daughter war consider room knowledge question remain low important.,2026-05-03T04:52:05.186058
11447596-ba94-4563-8faf-0227df5aec7f,cfc71a38-06b4-4894-b949-abb042f1a170,db5de4a8-68d7-40ac-931b-56ee0158fb6e,meeting,negative,Enjoy off increase public region set success site collection.,2026-04-11T17:40:12.950846
4487bee5-8c57-4b42-844b-ebcd993b1a61,cfc71a38-06b4-4894-b949-abb042f1a170,db5de4a8-68d7-40ac-931b-56ee0158fb6e,meeting,neutral,On business game knowledge design scene policy rise trade one government fish.,2026-04-03T18:58:46.805174
76f2956d-802f-45d0-9199-dea92ed3c03d,9fc37522-2d59-42db-8227-5afe1f8f8ba8,c260e256-cef6-40a3-a3af-1cc136e02508,meeting,no_response,Detail street court magazine least high too ground ago wait have her.,2026-06-27T04:06:47.265121
9afd206d-79b6-4b1e-bd66-fc5d78ecb8c6,9fc37522-2d59-42db-8227-5afe1f8f8ba8,c260e256-cef6-40a3-a3af-1cc136e02508,email,neutral,Mind show four pretty toward stage owner near well detail without condition.,2026-06-30T20:27:52.117817
025e5f10-0314-49c5-814c-074961308386,9fc37522-2d59-42db-8227-5afe1f8f8ba8,c260e256-cef6-40a3-a3af-1cc136e02508,follow_up,neutral,Improve situation five report husband point young ok today low reveal.,2026-06-29T09:19:13.894776
d289d6e5-d176-473f-aed5-b80234a667c2,9fc37522-2d59-42db-8227-5afe1f8f8ba8,c260e256-cef6-40a3-a3af-1cc136e02508,meeting,positive,Surface bank here mean hit clear available attack part five.,2026-07-01T11:18:40.252308
0d635a88-3cae-4540-ae32-dce93c8682e1,9fc37522-2d59-42db-8227-5afe1f8f8ba8,c260e256-cef6-40a3-a3af-1cc136e02508,call,positive,Case marriage race practice song clearly sometimes enjoy hold.,2026-06-30T06:33:47.196037
ed960176-dbfc-4721-a8cc-c9156176bd8d,9fc37522-2d59-42db-8227-5afe1f8f8ba8,c260e256-cef6-40a3-a3af-1cc136e02508,email,positive,Particular somebody future catch mention remember land doctor.,2026-06-27T13:59:46.686593
711b3d8e-62c4-4cbe-bc52-c8517c1f0da4,9fc37522-2d59-42db-8227-5afe1f8f8ba8,c260e256-cef6-40a3-a3af-1cc136e02508,call,positive,Group itself baby school trouble personal source move affect argue when better everybody.,2026-06-29T16:13:36.793518
d4092b71-706b-412b-bbb1-8caf067c72e2,9fc37522-2d59-42db-8227-5afe1f8f8ba8,c260e256-cef6-40a3-a3af-1cc136e02508,demo,negative,Music morning answer probably draw during standard involve deal teacher himself cause marriage worry laugh.,2026-06-29T01:39:11.847661
ddf34606-6909-4195-aa6d-aa2e403380f1,9fc37522-2d59-42db-8227-5afe1f8f8ba8,c260e256-cef6-40a3-a3af-1cc136e02508,demo,positive,Relationship month summer customer owner down kid record term north strategy analysis generation fear.,2026-07-01T12:35:23.858558
d19f4709-2753-4bdd-b931-34eafa57c2de,9fc37522-2d59-42db-8227-5afe1f8f8ba8,c260e256-cef6-40a3-a3af-1cc136e02508,email,negative,Process reduce care should themselves break second strong.,2026-06-29T18:00:46.008922
fd56e484-0123-4691-bae9-2ad2aecd029b,ee2203b2-fd60-4dd8-8aa6-7e0047ac6ca6,11c59b73-1c6f-4521-8df0-fa6552bd4feb,meeting,positive,Knowledge memory I several treatment would season anything animal alone population machine imagine scientist.,2026-06-07T03:33:01.809334
9db38ee7-7fdf-4184-9f21-d91967780ee0,ee2203b2-fd60-4dd8-8aa6-7e0047ac6ca6,11c59b73-1c6f-4521-8df0-fa6552bd4feb,email,positive,Left majority management here effect exist just into carry can prepare project network his visit.,2026-06-16T17:27:24.170530
cd233474-de02-4ecd-b7c2-931f9b526df4,ee2203b2-fd60-4dd8-8aa6-7e0047ac6ca6,11c59b73-1c6f-4521-8df0-fa6552bd4feb,follow_up,positive,Power me condition money Mr remember sense already laugh especially.,2026-05-19T15:03:04.699067
5862cd5e-7dc6-4a93-adde-a912aa23b92e,ee2203b2-fd60-4dd8-8aa6-7e0047ac6ca6,11c59b73-1c6f-4521-8df0-fa6552bd4feb,meeting,positive,Win time four unit tonight someone garden would.,2026-05-17T10:47:01.101622
20f105c8-b330-493c-a382-f294850e1ffd,ee2203b2-fd60-4dd8-8aa6-7e0047ac6ca6,11c59b73-1c6f-4521-8df0-fa6552bd4feb,call,negative,Cause song only political imagine such president forget store happen government season.,2026-05-02T15:48:30.835880
e5926ae4-4f25-4efb-bbe9-83a577b2c811,ee2203b2-fd60-4dd8-8aa6-7e0047ac6ca6,11c59b73-1c6f-4521-8df0-fa6552bd4feb,follow_up,positive,Field body truth however professional reach party.,2026-04-25T00:30:44.008627
2eb5e94c-f642-4638-904f-a95247f73bcb,ee2203b2-fd60-4dd8-8aa6-7e0047ac6ca6,11c59b73-1c6f-4521-8df0-fa6552bd4feb,email,positive,Party stay meet sing light environment item board camera last include enough those easy pick everything.,2026-04-19T11:51:22.950207
18a9d7cc-49f0-41b1-98e2-117c0a44213c,ee2203b2-fd60-4dd8-8aa6-7e0047ac6ca6,11c59b73-1c6f-4521-8df0-fa6552bd4feb,meeting,positive,Lot though quickly indeed glass piece approach which some road coach determine push.,2026-05-12T02:27:07.633641
f896ffab-c65b-4639-9339-5f42c97ab661,eef52bbe-4495-4bc6-8a00-936e4035568f,7c28f429-6319-4ce8-b38a-5d0b486b407b,demo,neutral,Similar fight space level social arm sense partner rate way maintain approach.,2025-08-16T02:08:04.316715
b008b95b-5070-4d9b-92a9-1d74ad8accc5,eef52bbe-4495-4bc6-8a00-936e4035568f,7c28f429-6319-4ce8-b38a-5d0b486b407b,demo,neutral,Able range since special between city exactly moment program.,2026-06-13T20:57:40.307207
0400bf54-51b6-45e2-844e-122043728a76,eef52bbe-4495-4bc6-8a00-936e4035568f,7c28f429-6319-4ce8-b38a-5d0b486b407b,call,negative,Cold language past rich day at this meet worker interesting by.,2025-06-07T05:34:10.086192
dc920e7c-9994-4c6f-b8a8-d9d669939d03,eef52bbe-4495-4bc6-8a00-936e4035568f,7c28f429-6319-4ce8-b38a-5d0b486b407b,demo,positive,Break face serve point culture sound whether visit wait.,2025-03-17T21:54:53.137133
eed38b28-3255-4870-a858-ab150929ebc0,bbacc6cd-b6c2-40ca-9ca4-1173d0351da0,db5de4a8-68d7-40ac-931b-56ee0158fb6e,meeting,no_response,Environmental spend score yourself politics space far opportunity management worker especially follow you whose policy.,2026-07-01T11:28:58.558099
59e8842d-b1a0-462f-9010-ac0402bbb1c8,bbacc6cd-b6c2-40ca-9ca4-1173d0351da0,db5de4a8-68d7-40ac-931b-56ee0158fb6e,meeting,positive,Evening newspaper none work sing at training.,2026-07-01T09:22:13.023414
9b656e70-8998-40e2-a4be-7c6245dd770a,bbacc6cd-b6c2-40ca-9ca4-1173d0351da0,db5de4a8-68d7-40ac-931b-56ee0158fb6e,call,negative,Paper spring professional behind option exactly executive century.,2026-07-01T10:05:07.622343
9371a5b7-c43d-44c7-8917-a4f86b5ac617,b5d54a6e-a0f8-401a-b66b-5fe279809892,d6c5c187-0f44-4678-8f06-e8c1b894687b,meeting,neutral,Arrive increase dream teach act with up share analysis run young mind.,2026-04-22T07:17:45.622492
fae93af7-a3bc-4d3d-9bd6-8fd071dbac57,b5d54a6e-a0f8-401a-b66b-5fe279809892,d6c5c187-0f44-4678-8f06-e8c1b894687b,call,neutral,Technology theory mind region federal miss mind.,2026-05-10T13:41:09.048943
ef8ffa1e-0cb7-4822-bbb7-5782eee27b38,b5d54a6e-a0f8-401a-b66b-5fe279809892,d6c5c187-0f44-4678-8f06-e8c1b894687b,demo,negative,Father director north major but manage up.,2026-01-04T21:21:44.234233
de0dae1d-85c4-479a-9fd4-908f3dc0586e,0fc26bf5-a8ef-4ea3-a022-1ce807a8b804,db5de4a8-68d7-40ac-931b-56ee0158fb6e,follow_up,neutral,Science work hear young law industry cut dog rate crime six exist interesting some nearly.,2026-06-27T13:10:29.381199
2f8f283f-4b57-4966-b5ee-27189b3e3224,0fc26bf5-a8ef-4ea3-a022-1ce807a8b804,db5de4a8-68d7-40ac-931b-56ee0158fb6e,call,positive,Realize company something image happy choose significant.,2026-06-25T02:32:00.601291
cd1ff578-be40-4e57-ac91-450556d7b0dd,0fc26bf5-a8ef-4ea3-a022-1ce807a8b804,db5de4a8-68d7-40ac-931b-56ee0158fb6e,call,positive,Over money above produce follow best challenge candidate fly create seven recognize data perhaps walk foot.,2026-06-30T16:52:29.817066
8bd774f4-d853-4dcd-ad35-ccac4481da59,0fc26bf5-a8ef-4ea3-a022-1ce807a8b804,db5de4a8-68d7-40ac-931b-56ee0158fb6e,meeting,neutral,Direction future money military career character son lot tax might mention.,2026-06-28T22:32:26.127810
df306875-3b56-4213-9734-ebdbba0a42cf,0fc26bf5-a8ef-4ea3-a022-1ce807a8b804,db5de4a8-68d7-40ac-931b-56ee0158fb6e,meeting,neutral,Actually day nature behavior nothing first eye then protect rise culture how community.,2026-06-27T17:29:17.187292
dfde0061-5a08-47cf-8697-139497b7bf3a,0fc26bf5-a8ef-4ea3-a022-1ce807a8b804,db5de4a8-68d7-40ac-931b-56ee0158fb6e,email,neutral,Instead class now cover local focus measure else success know sell image space.,2026-06-28T12:34:40.695565
3593d7cc-7902-4792-8b89-721e2442ac7b,0ab9c8a7-6d1e-420b-bb1d-22bc9eb92820,db5de4a8-68d7-40ac-931b-56ee0158fb6e,follow_up,positive,Write more scientist spend member room executive.,2026-06-29T00:59:01.318550
2dac3e9d-1642-4cda-a166-54efcaf4a796,0ab9c8a7-6d1e-420b-bb1d-22bc9eb92820,db5de4a8-68d7-40ac-931b-56ee0158fb6e,call,positive,Begin everybody approach various pressure need paper financial like source ability the court.,2026-07-01T01:48:57.620792
9d96cd58-92c5-4e3d-9aae-1cb478e3dd9c,0ab9c8a7-6d1e-420b-bb1d-22bc9eb92820,db5de4a8-68d7-40ac-931b-56ee0158fb6e,meeting,negative,Institution my learn purpose design point enter man nation man course.,2026-06-30T10:49:04.463579
e36d6429-8f3c-4dfd-b54e-4ac8f0c1254f,0ab9c8a7-6d1e-420b-bb1d-22bc9eb92820,db5de4a8-68d7-40ac-931b-56ee0158fb6e,follow_up,neutral,Court why where thousand agree security stop establish stay past late news.,2026-06-25T11:47:23.783471
6771bcf3-7a60-422f-9e63-3d95e55ff2bd,0ab9c8a7-6d1e-420b-bb1d-22bc9eb92820,db5de4a8-68d7-40ac-931b-56ee0158fb6e,follow_up,no_response,Generation often usually put product radio many ability Congress yes write phone.,2026-06-18T14:27:25.282540
81b0ce85-c20c-43f8-8d93-3dfc66d9dfb1,8a600b6c-98e1-4159-8951-5dee1c2674f1,db5de4a8-68d7-40ac-931b-56ee0158fb6e,meeting,no_response,Drive memory ability old pattern him local especially clear.,2026-01-07T05:39:05.860157
420ddfdb-380c-4404-80e2-a42e7921a565,8a600b6c-98e1-4159-8951-5dee1c2674f1,db5de4a8-68d7-40ac-931b-56ee0158fb6e,meeting,positive,Development stock effort agency adult once situation newspaper certainly act themselves get bed ten.,2026-06-30T04:34:54.948637
d245209c-7317-4da6-91b0-ab76527fcf9a,8a600b6c-98e1-4159-8951-5dee1c2674f1,db5de4a8-68d7-40ac-931b-56ee0158fb6e,follow_up,negative,Others main medical religious card particularly huge reason create.,2025-09-04T11:10:30.037123
147ce388-c624-43cf-bb08-4cbe2f80819a,913d86a1-10ad-4134-98ab-57fe51bb38c9,a33f5b72-3754-4c7d-a770-fb8205f226e0,follow_up,neutral,Local water hot a require exactly near high technology.,2026-04-15T17:03:41.767116
d24784f1-be8f-4026-a724-f9986d6c77e5,913d86a1-10ad-4134-98ab-57fe51bb38c9,a33f5b72-3754-4c7d-a770-fb8205f226e0,follow_up,neutral,By yes share avoid job service service financial.,2026-02-13T16:44:45.234272
4f62f1a5-a376-4980-bd1b-fcad3cbfef00,913d86a1-10ad-4134-98ab-57fe51bb38c9,a33f5b72-3754-4c7d-a770-fb8205f226e0,follow_up,neutral,Cell he international seven affect parent trial according listen ten rather recently couple there reason born.,2026-02-27T01:28:24.497068
897b0479-4b20-4917-97cc-d14dfed8f5ea,913d86a1-10ad-4134-98ab-57fe51bb38c9,a33f5b72-3754-4c7d-a770-fb8205f226e0,call,neutral,Call oil certainly detail true throw fish almost instead figure fund seem painting project something vote.,2026-05-17T08:06:50.178631
a14053e1-b2bd-45f1-9e9f-8c78b1be67a2,305a7eed-7c4a-432f-a0ea-8b9ab263c1cd,40713600-da14-4eda-a084-05bb58930679,demo,negative,Society short over system situation style bill city reality.,2026-02-22T12:04:41.192206
4af14075-2635-4ba8-80b3-5c95f4dcb331,cc0bd648-7fb1-492e-a3d8-6137d896fe21,d6c5c187-0f44-4678-8f06-e8c1b894687b,call,neutral,Because consider not attorney expert energy development year challenge animal foot stuff one red sea.,2026-01-18T06:42:28.078908
bda65f7f-74f4-4d38-ae2d-547fa3ca428c,cc0bd648-7fb1-492e-a3d8-6137d896fe21,d6c5c187-0f44-4678-8f06-e8c1b894687b,meeting,no_response,Anyone walk eye quality hear full skin treat require prevent go pattern.,2025-06-11T04:29:47.510169
0a4f4d7a-ba0a-4c1a-baea-b056041ab180,cc0bd648-7fb1-492e-a3d8-6137d896fe21,d6c5c187-0f44-4678-8f06-e8c1b894687b,follow_up,neutral,Short shoulder mention pressure smile instead person Democrat hold entire let plan trouble wonder idea.,2026-06-03T14:03:24.736219
b0b99392-41d9-4ae9-a5c8-4079ca2355d8,cc0bd648-7fb1-492e-a3d8-6137d896fe21,d6c5c187-0f44-4678-8f06-e8c1b894687b,call,neutral,Break seven poor international series thing ask song full structure.,2026-06-19T03:23:55.674009
60dae99a-7ad4-4100-8d83-03094b13c6b8,cc0bd648-7fb1-492e-a3d8-6137d896fe21,d6c5c187-0f44-4678-8f06-e8c1b894687b,email,neutral,Politics player be individual ball meet cup south whether suffer glass girl vote discussion senior.,2025-09-09T19:31:15.186146
4dfebc25-250e-4804-8953-30ee0c3b9f25,cc0bd648-7fb1-492e-a3d8-6137d896fe21,d6c5c187-0f44-4678-8f06-e8c1b894687b,follow_up,neutral,Could require course business gas development my must memory for.,2025-08-07T23:09:38.505222
78af8f33-9ab6-491b-bc4d-49268268f8bb,cc0bd648-7fb1-492e-a3d8-6137d896fe21,d6c5c187-0f44-4678-8f06-e8c1b894687b,demo,positive,Contain shoulder paper show effort serious but author tough movement first.,2026-02-11T16:31:52.806742
9af4b690-083b-4dcc-9d81-90eefe3de2ee,cc0bd648-7fb1-492e-a3d8-6137d896fe21,d6c5c187-0f44-4678-8f06-e8c1b894687b,email,positive,Among wonder though glass clear perform answer decision involve effect painting.,2025-07-13T13:06:33.686038
03e77b30-0795-466f-9ac0-7852ae7cdbbf,cc0bd648-7fb1-492e-a3d8-6137d896fe21,d6c5c187-0f44-4678-8f06-e8c1b894687b,call,positive,Member he majority not training choice war senior half believe hear doctor.,2026-06-14T10:25:04.839568
e5d51993-0fb8-4e2d-840b-81ed018436b5,cc0bd648-7fb1-492e-a3d8-6137d896fe21,d6c5c187-0f44-4678-8f06-e8c1b894687b,demo,positive,Hot local experience charge some vote land let opportunity challenge behavior yet song rise.,2025-08-27T18:08:22.814923
9f5ff143-f670-4503-8678-9a9ff0ef6006,08aef6a4-8788-4736-b7c4-f7f5f2d903ca,d6c5c187-0f44-4678-8f06-e8c1b894687b,demo,negative,Each while return job concern president everybody continue.,2026-05-21T01:07:22.118868
5160e928-83e5-4871-abe6-169a3e22ed18,08aef6a4-8788-4736-b7c4-f7f5f2d903ca,d6c5c187-0f44-4678-8f06-e8c1b894687b,demo,neutral,Onto entire daughter represent wind property task deep husband.,2025-12-24T00:53:32.435558
4af03960-86dd-4396-9db6-2073194ab769,08aef6a4-8788-4736-b7c4-f7f5f2d903ca,d6c5c187-0f44-4678-8f06-e8c1b894687b,follow_up,no_response,Factor once agree why radio century among four specific watch there name purpose federal.,2026-04-13T03:59:24.320559
a2aa86c2-2b1a-46c4-b35a-2edc6ff30c71,e954e2a8-ace8-4329-af0f-f27423667a82,a33f5b72-3754-4c7d-a770-fb8205f226e0,call,neutral,Second short all process research but interview position.,2025-05-06T18:00:50.552283
2a77b3d3-e029-4480-9c3f-367297952c1c,e954e2a8-ace8-4329-af0f-f27423667a82,a33f5b72-3754-4c7d-a770-fb8205f226e0,follow_up,positive,Begin bed player huge operation decision onto impact player international form ok.,2026-04-18T00:03:56.497283
9aff1c40-c8fe-430c-89b5-690b4f7098fb,e954e2a8-ace8-4329-af0f-f27423667a82,a33f5b72-3754-4c7d-a770-fb8205f226e0,meeting,no_response,Always cover at you high travel foreign southern according conference.,2026-06-07T23:07:55.606001
5968e747-7872-4759-91b2-6cc363f6cd4b,e954e2a8-ace8-4329-af0f-f27423667a82,a33f5b72-3754-4c7d-a770-fb8205f226e0,demo,neutral,Special leader environment movie wife travel well way certain blood amount play once them responsibility.,2025-11-13T04:55:00.180260
ce3188ba-82cd-428a-9282-204018795dd7,e954e2a8-ace8-4329-af0f-f27423667a82,a33f5b72-3754-4c7d-a770-fb8205f226e0,meeting,no_response,Cultural federal land suffer something next and detail here.,2025-08-04T20:34:48.637634
254ea9ad-0083-4434-aac5-626e7479c956,e954e2a8-ace8-4329-af0f-f27423667a82,a33f5b72-3754-4c7d-a770-fb8205f226e0,demo,negative,Use adult campaign listen according able capital first above learn its moment appear yet third seem.,2026-04-07T02:25:26.749628
196c655b-bac8-48c1-8446-339c321dc1ba,e954e2a8-ace8-4329-af0f-f27423667a82,a33f5b72-3754-4c7d-a770-fb8205f226e0,meeting,neutral,Cup middle go live last long sister product official subject give seven center computer.,2025-09-09T22:47:34.726867
78781034-ce73-4ff8-a63f-4eb179a7d34c,e954e2a8-ace8-4329-af0f-f27423667a82,a33f5b72-3754-4c7d-a770-fb8205f226e0,meeting,neutral,Former leader north accept night add cause account focus create some draw theory training.,2025-11-23T16:16:05.022460
43993385-d387-4d1f-a816-dacadad818b6,e954e2a8-ace8-4329-af0f-f27423667a82,a33f5b72-3754-4c7d-a770-fb8205f226e0,email,no_response,West agency attack throw policy tax respond hair run month prevent.,2025-10-31T20:59:10.208507
67510e5c-50d8-4562-a9fd-ecf0992ecca8,e954e2a8-ace8-4329-af0f-f27423667a82,a33f5b72-3754-4c7d-a770-fb8205f226e0,meeting,neutral,Chair on almost give road professional prove image fast.,2026-06-28T12:41:19.186361
0b649cdb-1580-4941-9628-0b545e6361d6,d5b87fed-df62-4b60-9d20-8e315db8834e,db5de4a8-68d7-40ac-931b-56ee0158fb6e,meeting,no_response,Third PM travel low boy control place people how several much president surface be alone partner.,2025-09-07T14:49:54.963724
c9437d30-36ae-4e49-8e92-9fbaae710550,d5b87fed-df62-4b60-9d20-8e315db8834e,db5de4a8-68d7-40ac-931b-56ee0158fb6e,email,negative,Degree high space herself industry contain age look we system center.,2025-09-05T02:30:51.852623
8b744238-74b7-449b-acd6-3e0f5fba96ac,8ee88b93-d1ad-4802-9989-dfc78d3fcf86,d6c5c187-0f44-4678-8f06-e8c1b894687b,meeting,neutral,Quickly two itself shoulder anyone leg lead peace short thousand discover religious degree never think theory.,2026-04-26T13:11:35.722065
362b32ce-b247-4ad9-9e24-7a1ac002ff3b,8ee88b93-d1ad-4802-9989-dfc78d3fcf86,d6c5c187-0f44-4678-8f06-e8c1b894687b,follow_up,no_response,Free thank mission however anyone population drop a green others.,2026-02-22T07:12:14.449107
a43ecc0f-5ed4-4645-9260-c469f82c0a17,8ee88b93-d1ad-4802-9989-dfc78d3fcf86,d6c5c187-0f44-4678-8f06-e8c1b894687b,meeting,neutral,Now world these off source yeah toward medical above talk beat religious.,2025-12-29T06:26:52.921798
417c8700-80d8-4c67-b281-6aa3e1745b34,8ee88b93-d1ad-4802-9989-dfc78d3fcf86,d6c5c187-0f44-4678-8f06-e8c1b894687b,follow_up,negative,Speech around everybody street your student time often actually PM in raise cut measure reveal.,2026-03-09T06:59:50.748168
8f1d1696-7b7b-458c-8a3d-c5ccc070d996,8ee88b93-d1ad-4802-9989-dfc78d3fcf86,d6c5c187-0f44-4678-8f06-e8c1b894687b,demo,no_response,Reach site yard education charge see its teacher themselves want bit particular.,2026-02-05T07:46:15.738068
9be6798d-4083-4d18-844a-68f0dd428cb3,cf09853a-3b88-4697-b578-c76fc5f8cc44,49ee0e04-55bc-4d24-89d5-288672473cb1,meeting,no_response,Sort report score property remain data shoulder including PM start indeed international.,2026-05-10T10:56:04.710449
40ff7b12-a58c-4cc3-85df-b9905472cd85,cf09853a-3b88-4697-b578-c76fc5f8cc44,49ee0e04-55bc-4d24-89d5-288672473cb1,email,neutral,Treatment do some kid time customer guy job part any much across himself employee.,2025-11-21T08:35:33.810994
297c53ff-1287-4bc9-a71e-36c5e799ae5a,cf09853a-3b88-4697-b578-c76fc5f8cc44,49ee0e04-55bc-4d24-89d5-288672473cb1,meeting,no_response,Sense suddenly campaign them money leg condition first for land once matter.,2026-05-04T02:27:17.573842
372bf23a-8661-4224-9f6f-18b43b57467e,cf09853a-3b88-4697-b578-c76fc5f8cc44,49ee0e04-55bc-4d24-89d5-288672473cb1,call,neutral,Discuss democratic reality market class event writer network.,2026-03-27T09:12:12.755787
8c844add-d299-4996-a22c-1caa4b7fb328,cf09853a-3b88-4697-b578-c76fc5f8cc44,49ee0e04-55bc-4d24-89d5-288672473cb1,demo,negative,Book all such girl state question specific alone gun democratic.,2026-04-05T09:55:07.120293
85cc85d4-e535-4291-8965-d9fcd21c3f0d,4aa904e2-672e-4156-baa5-632c92464125,49ee0e04-55bc-4d24-89d5-288672473cb1,demo,positive,Year bank others property already to low be try parent church official note good prepare security.,2025-05-15T23:05:41.386387
ff4da4c5-da2c-42a1-aa88-8058ff7d16b2,4aa904e2-672e-4156-baa5-632c92464125,49ee0e04-55bc-4d24-89d5-288672473cb1,follow_up,positive,Wind yet it game people middle themselves kitchen price agreement.,2026-05-18T09:06:31.602240
b4bb49a7-09f9-4b54-9adf-e7347337a47f,4aa904e2-672e-4156-baa5-632c92464125,49ee0e04-55bc-4d24-89d5-288672473cb1,follow_up,neutral,Home establish gun myself under painting oil daughter stand agreement base describe ok day dog.,2025-07-24T10:52:04.009763
a3c07f14-9d0d-4a06-8d9c-994934a4187e,4aa904e2-672e-4156-baa5-632c92464125,49ee0e04-55bc-4d24-89d5-288672473cb1,email,positive,Message today man ago environmental somebody child discuss country option stage candidate.,2025-07-05T01:53:11.835454
dd12ba67-7b17-411a-9bda-1ccd0a38ed1d,4aa904e2-672e-4156-baa5-632c92464125,49ee0e04-55bc-4d24-89d5-288672473cb1,follow_up,positive,Fine only collection think dinner evening go body available size worker place heavy treat.,2026-03-01T14:23:11.764920
b2e9cdee-749b-4c1f-baaa-3f6c1614474a,4aa904e2-672e-4156-baa5-632c92464125,49ee0e04-55bc-4d24-89d5-288672473cb1,call,neutral,Paper most writer civil work involve option little nice kid compare region year structure.,2025-08-17T22:27:14.301590
deaee63a-5d06-40e9-a4d3-599c13ba2aa8,4aa904e2-672e-4156-baa5-632c92464125,49ee0e04-55bc-4d24-89d5-288672473cb1,follow_up,positive,Baby write you word statement west indeed note environmental career guess any sport point say.,2026-06-25T16:08:15.544895
30c28f82-4d16-4d18-a323-a7290de11246,4aa904e2-672e-4156-baa5-632c92464125,49ee0e04-55bc-4d24-89d5-288672473cb1,email,positive,Police water be move prevent phone result listen heart center ever play book option.,2025-05-07T06:34:17.597667
5a5537c9-cb98-492c-8a0b-2e15b07793c7,4aa904e2-672e-4156-baa5-632c92464125,49ee0e04-55bc-4d24-89d5-288672473cb1,demo,positive,Wait fall human address follow modern religious vote maintain religious.,2026-01-20T10:02:52.311760
e1e5f7c7-b306-44e4-9f8a-aba5c360b775,10905b30-6253-45f1-b292-ce2188bc27bc,db5de4a8-68d7-40ac-931b-56ee0158fb6e,call,negative,Report former opportunity worry treat fight machine nothing pay special manage development you.,2025-12-16T18:33:11.558474
0bb4cecd-4351-4a18-8e4b-5013a91c136f,10905b30-6253-45f1-b292-ce2188bc27bc,db5de4a8-68d7-40ac-931b-56ee0158fb6e,email,positive,However commercial respond thousand quickly edge tax explain same view alone in common foot news.,2026-05-16T09:25:55.491979
c030d1e6-64b3-401b-a94b-c79120d5e96c,10905b30-6253-45f1-b292-ce2188bc27bc,db5de4a8-68d7-40ac-931b-56ee0158fb6e,follow_up,no_response,Same statement purpose between we turn goal mother statement growth senior bad.,2026-05-03T04:08:33.955554
65f2c227-8b82-4707-b223-dd22cf580932,10905b30-6253-45f1-b292-ce2188bc27bc,db5de4a8-68d7-40ac-931b-56ee0158fb6e,email,neutral,Tough ok only go somebody approach religious need make.,2026-02-05T18:16:37.271220
fe604b16-5448-40e9-8701-9e4a97f14cc1,10905b30-6253-45f1-b292-ce2188bc27bc,db5de4a8-68d7-40ac-931b-56ee0158fb6e,demo,neutral,Stand this well kind radio above difference before coach pattern recently perform professor skin national point.,2026-02-09T10:10:13.261965
f796b838-9e2c-4af2-9751-25fff3126b64,e5ce092e-d694-48c4-8a64-25dd0bdf20f6,a33f5b72-3754-4c7d-a770-fb8205f226e0,meeting,neutral,Teach amount understand discuss standard court pattern.,2026-06-07T10:13:47.503787
3b26f459-aa30-4d70-9e9e-3d9260dcfd30,e5ce092e-d694-48c4-8a64-25dd0bdf20f6,a33f5b72-3754-4c7d-a770-fb8205f226e0,call,no_response,Cell reduce sign agency better strong after.,2026-06-01T14:42:57.007480
d9e75f4f-381b-4065-a9cb-5cc176d1140b,e5ce092e-d694-48c4-8a64-25dd0bdf20f6,a33f5b72-3754-4c7d-a770-fb8205f226e0,call,negative,Throw indicate form end next six example story word.,2026-06-27T21:42:00.086472
b468b0d6-dcf7-42a2-9548-e0a0b977371c,f3038c21-67b8-4585-a8d5-4de1a800c88c,11c59b73-1c6f-4521-8df0-fa6552bd4feb,follow_up,negative,Pay since water recently should positive star quickly course art conference world themselves my TV tell.,2026-03-31T22:27:50.201916
6cf8a7b9-c53a-4153-9990-4071b198c1e6,f3038c21-67b8-4585-a8d5-4de1a800c88c,11c59b73-1c6f-4521-8df0-fa6552bd4feb,call,no_response,Thus particularly least Mr mission successful close according rise party process student organization.,2025-11-01T13:11:58.930464
ffc215fb-b3ce-4b17-9f22-7a2c6061b475,f3038c21-67b8-4585-a8d5-4de1a800c88c,11c59b73-1c6f-4521-8df0-fa6552bd4feb,email,neutral,Blood condition not agreement without chair concern successful.,2025-12-10T18:15:54.923703
341f8ac6-f4aa-448c-8d30-062a0cd52ce4,fdced449-6cc1-4f02-ada3-d41cb793d1ff,11c59b73-1c6f-4521-8df0-fa6552bd4feb,call,no_response,Assume several including organization gun indicate sign discuss knowledge reduce PM character candidate throughout oil.,2026-01-31T09:36:48.400449
153e3c23-1a31-49e9-bf6c-7cba7ac78e19,fdced449-6cc1-4f02-ada3-d41cb793d1ff,11c59b73-1c6f-4521-8df0-fa6552bd4feb,demo,no_response,Many whose together fear analysis bill prove recently way company use wish value subject.,2025-12-29T08:37:53.904205
747f3760-104d-486e-ae73-165c55082c2e,1872c20b-add4-45b0-9941-6e82fb99c6c2,40713600-da14-4eda-a084-05bb58930679,meeting,negative,Know always TV new young these eye rich half season standard huge seem how best good.,2026-04-15T04:55:27.319923
422b0d8b-128d-4708-b74b-24ddb393bf1a,1872c20b-add4-45b0-9941-6e82fb99c6c2,40713600-da14-4eda-a084-05bb58930679,call,positive,Also end situation be cut yard much move ok TV clear minute.,2025-11-28T06:46:37.380652
bd481c14-036b-47dc-ae82-6556f2efbfe0,1872c20b-add4-45b0-9941-6e82fb99c6c2,40713600-da14-4eda-a084-05bb58930679,follow_up,positive,Thus important church factor building son newspaper at event easy serious production say meeting someone.,2025-10-14T10:26:49.899381
1f23697a-0ff2-457d-9b07-fbc9c580c414,1872c20b-add4-45b0-9941-6e82fb99c6c2,40713600-da14-4eda-a084-05bb58930679,meeting,positive,Hold similar them single example figure memory responsibility.,2026-01-31T00:07:24.919061
7179be4e-e73a-4df3-9804-40a860c574a5,1872c20b-add4-45b0-9941-6e82fb99c6c2,40713600-da14-4eda-a084-05bb58930679,follow_up,neutral,Hit financial mention environmental can make data.,2025-12-09T05:58:39.336631
a7819b9c-6934-4ab7-b317-b3da2fa05234,af4431eb-b23c-4265-9dfd-42557b896432,11c59b73-1c6f-4521-8df0-fa6552bd4feb,follow_up,neutral,Painting civil scientist mother economy direction that administration court.,2026-05-31T04:47:13.951566
0a42357f-01e4-4285-84ce-0652a419f4c6,af4431eb-b23c-4265-9dfd-42557b896432,11c59b73-1c6f-4521-8df0-fa6552bd4feb,email,negative,Arm model federal find cell east read establish table account sure side.,2025-12-18T12:46:26.937253
7191477f-f240-4d07-ba82-9d871c6e4f62,af4431eb-b23c-4265-9dfd-42557b896432,11c59b73-1c6f-4521-8df0-fa6552bd4feb,meeting,positive,Seem parent local visit seem choose physical.,2026-03-11T20:12:13.615328
faa77ad7-73df-4d6c-9ff3-7854fcf5f9e6,83ebc192-b9b5-4a70-9fa4-483336a2069f,11c59b73-1c6f-4521-8df0-fa6552bd4feb,meeting,negative,Hard call leg beautiful cell tax deal industry table dream call.,2026-06-07T05:35:26.568755
1e178b94-095f-4a8d-8a99-db8837d364f6,83ebc192-b9b5-4a70-9fa4-483336a2069f,11c59b73-1c6f-4521-8df0-fa6552bd4feb,call,negative,Value reveal not reality miss energy education experience suddenly indeed research and.,2025-12-14T23:48:09.406958
8992f4ab-c944-4159-b110-f77299e1a781,83ebc192-b9b5-4a70-9fa4-483336a2069f,11c59b73-1c6f-4521-8df0-fa6552bd4feb,meeting,neutral,Economic center sport analysis kind range nice training security garden own put especially artist make.,2025-08-03T23:19:37.310551
bf30f88c-87bc-4a99-be61-d636504cf9b8,83ebc192-b9b5-4a70-9fa4-483336a2069f,11c59b73-1c6f-4521-8df0-fa6552bd4feb,email,positive,Eight test north light fine impact able behind another painting.,2025-09-26T08:43:08.125876
11a30b08-e109-4def-ae20-fb2a4a6bd0b8,83ebc192-b9b5-4a70-9fa4-483336a2069f,11c59b73-1c6f-4521-8df0-fa6552bd4feb,demo,negative,Nature fact impact understand too card agreement soon record choose outside will special cost who.,2026-04-13T13:12:44.330424
863c08cd-bb0c-400f-8dae-966d7cf5797c,1a2d4287-9c6b-465e-b691-f58ef0abf3c6,4df4bb58-afd1-40e1-9459-9fd2f38c9cd8,call,neutral,Road memory card common herself skin create society training.,2025-11-23T13:39:01.343648
c598c3c2-3882-4e8c-b8bc-530376facbdf,1a2d4287-9c6b-465e-b691-f58ef0abf3c6,4df4bb58-afd1-40e1-9459-9fd2f38c9cd8,call,neutral,Newspaper produce peace dark analysis toward week.,2026-03-16T00:57:13.924054
c011c8f1-760d-4baf-a667-50ab345e3cfc,1a2d4287-9c6b-465e-b691-f58ef0abf3c6,4df4bb58-afd1-40e1-9459-9fd2f38c9cd8,email,negative,Information station order site himself consumer stuff ahead evidence music might among ago significant set.,2026-01-02T09:10:54.332202
13c2c152-aafc-45cd-b663-a16185517d2d,6de57c22-242c-4aa8-bb7c-bafd99f4c6b7,4df4bb58-afd1-40e1-9459-9fd2f38c9cd8,call,neutral,Time can first get truth peace six money whether culture.,2026-06-21T22:26:33.433125
5e21876d-3adc-4c83-af82-f0a035b6c55a,6de57c22-242c-4aa8-bb7c-bafd99f4c6b7,4df4bb58-afd1-40e1-9459-9fd2f38c9cd8,email,neutral,Window rise American research explain check during reflect several parent food leave study me yes education.,2026-06-30T17:06:45.073590
08a095e2-1c25-42b9-a31a-19ac03fcab61,6de57c22-242c-4aa8-bb7c-bafd99f4c6b7,4df4bb58-afd1-40e1-9459-9fd2f38c9cd8,meeting,no_response,Rule west get send rest break suffer all third act close whose nation organization measure color.,2026-06-26T13:27:38.241439
f2372973-b6f4-44bc-8591-07a8eb196a70,395f31c1-32db-4437-bf3c-754661d8dab6,11c59b73-1c6f-4521-8df0-fa6552bd4feb,follow_up,negative,Including every notice despite with worker most describe stay amount into assume pick indicate word.,2026-06-07T05:03:49.790308
cc999dbb-7149-4e6f-9b5c-46cbf230551a,395f31c1-32db-4437-bf3c-754661d8dab6,11c59b73-1c6f-4521-8df0-fa6552bd4feb,call,neutral,Arrive fish head race management bag small though model structure nature order technology.,2026-03-21T01:10:12.778129
fdcd5882-2779-4669-acb4-d370045ec518,395f31c1-32db-4437-bf3c-754661d8dab6,11c59b73-1c6f-4521-8df0-fa6552bd4feb,meeting,negative,Property research country job political military begin relationship him increase cost line order.,2026-05-24T05:27:42.318141
b927426a-eb11-4f82-8a00-b5048d7ce5ee,395f31c1-32db-4437-bf3c-754661d8dab6,11c59b73-1c6f-4521-8df0-fa6552bd4feb,call,negative,Election season lot sure option actually me.,2026-03-17T23:11:02.695617
d44eac35-6b25-430c-abca-0a9c5ae1bded,593d03c7-8776-42d7-baf7-7ae7b467df6d,40713600-da14-4eda-a084-05bb58930679,meeting,positive,Book test day agree total fund risk inside wait arrive tonight can standard choice life industry.,2025-11-07T09:13:33.820553
da91c2bf-00b4-4cf0-814e-56c2cbf794df,593d03c7-8776-42d7-baf7-7ae7b467df6d,40713600-da14-4eda-a084-05bb58930679,follow_up,no_response,As sell join month loss better skin lead.,2025-09-12T23:51:05.493239
98b2b9f7-3e48-4972-b80d-3bc321bb17e8,593d03c7-8776-42d7-baf7-7ae7b467df6d,40713600-da14-4eda-a084-05bb58930679,meeting,negative,Know member education collection door claim challenge ever assume kid amount.,2026-01-11T01:11:48.357828
083a8215-02b8-4c5f-be55-39f61fc9787b,593d03c7-8776-42d7-baf7-7ae7b467df6d,40713600-da14-4eda-a084-05bb58930679,meeting,neutral,Nothing animal education investment carry in fire bad wide interview day.,2025-10-30T14:21:54.976261
164da88e-e860-47b8-96aa-f2e912b1c524,593d03c7-8776-42d7-baf7-7ae7b467df6d,40713600-da14-4eda-a084-05bb58930679,email,positive,To interview third show own unit present American knowledge act exist control news notice discussion room.,2025-08-25T12:04:40.732974
e4636435-ca4c-4780-9f89-e33167570dfa,03813eb3-e598-4cc9-be6d-bfc901a92a91,11c59b73-1c6f-4521-8df0-fa6552bd4feb,demo,positive,Save soldier sport themselves wall people run still whether size break bar eight assume minute physical.,2026-06-27T20:57:58.630918
4211840a-ebae-43ab-960d-49ff75e2b065,03813eb3-e598-4cc9-be6d-bfc901a92a91,11c59b73-1c6f-4521-8df0-fa6552bd4feb,follow_up,neutral,Action environment fight interest important prove model better economy north similar shoulder prove positive.,2026-05-26T10:19:13.327082
075f500b-628c-46ff-a1f1-8fa587a9db3b,03813eb3-e598-4cc9-be6d-bfc901a92a91,11c59b73-1c6f-4521-8df0-fa6552bd4feb,follow_up,no_response,Billion until want doctor fine player data.,2026-06-22T10:16:22.213179
8d5747de-fecd-4229-a41c-27d1f4c7f58a,685466e7-3d80-4be2-9c85-8fb302ed8de2,40713600-da14-4eda-a084-05bb58930679,follow_up,negative,Without structure shake out although level clearly president goal college war account deep clearly behind half.,2025-10-17T01:39:37.264180
944d683b-ac35-4898-93ab-eca5c9869920,685466e7-3d80-4be2-9c85-8fb302ed8de2,40713600-da14-4eda-a084-05bb58930679,email,neutral,Spend day school value lay away would necessary wall practice allow forward car watch.,2025-11-16T15:15:38.527034
800d80f5-4d08-4794-a94f-6ea1b39c307e,685466e7-3d80-4be2-9c85-8fb302ed8de2,40713600-da14-4eda-a084-05bb58930679,follow_up,negative,Per sense life in professor health every return fire organization interview real most.,2025-08-06T10:16:59.522775
23301a41-3c11-44b6-82dd-9f5a49ec39ac,685466e7-3d80-4be2-9c85-8fb302ed8de2,40713600-da14-4eda-a084-05bb58930679,call,neutral,Sense young direction win not key example.,2026-02-25T20:11:18.344116
3d567413-717f-4813-b6a9-6b1019034518,685466e7-3d80-4be2-9c85-8fb302ed8de2,40713600-da14-4eda-a084-05bb58930679,follow_up,neutral,Admit early week dark Congress report how see behind.,2025-11-11T18:33:13.914388
31155127-0681-4b16-a53b-e8beb1bd7a20,685466e7-3d80-4be2-9c85-8fb302ed8de2,40713600-da14-4eda-a084-05bb58930679,call,negative,Wind product whom government news most phone week their share benefit around issue college.,2026-03-25T15:43:58.160970
5173ea69-8d16-495e-89c2-77f044c9e9c1,685466e7-3d80-4be2-9c85-8fb302ed8de2,40713600-da14-4eda-a084-05bb58930679,call,positive,Collection just senior foot option year husband not church tax other upon different usually.,2026-02-28T09:24:29.659390
d775fb10-6bfe-49f7-9043-28998b8004ff,685466e7-3d80-4be2-9c85-8fb302ed8de2,40713600-da14-4eda-a084-05bb58930679,follow_up,negative,Floor range view every explain sea list table red allow.,2026-04-27T04:05:24.906146
16755678-4ca0-47a6-9264-d46f9e448eec,685466e7-3d80-4be2-9c85-8fb302ed8de2,40713600-da14-4eda-a084-05bb58930679,email,neutral,Although call know middle house goal friend build adult move quickly Mrs remember.,2025-09-29T11:43:21.470595
af329498-6a2d-4edc-896d-afcf412064b3,685466e7-3d80-4be2-9c85-8fb302ed8de2,40713600-da14-4eda-a084-05bb58930679,email,positive,West race safe policy nearly later research mouth stay whose wait number.,2026-04-10T11:11:02.328979
4e7d0a9b-5b04-4e2d-a673-800887cca804,31971282-d277-4927-8c4c-f6fa6b07bdcd,db5de4a8-68d7-40ac-931b-56ee0158fb6e,demo,positive,Product individual agency he fast news challenge society chair paper lose under central.,2025-12-16T17:32:01.153729
98f61b1c-2745-478f-b91a-edd5dbc33ad9,31971282-d277-4927-8c4c-f6fa6b07bdcd,db5de4a8-68d7-40ac-931b-56ee0158fb6e,email,negative,Mission oil political article chance hit central take anything else reach see prove approach per since.,2026-03-20T06:11:38.700105
b623fe58-8586-44b3-af7d-ebe4683caa60,31971282-d277-4927-8c4c-f6fa6b07bdcd,db5de4a8-68d7-40ac-931b-56ee0158fb6e,demo,positive,Lot night firm already a black standard turn it detail physical church green leave economic.,2026-02-19T10:55:26.024847
42dc37e4-8ba3-4c1e-b6e1-50b261518fac,31971282-d277-4927-8c4c-f6fa6b07bdcd,db5de4a8-68d7-40ac-931b-56ee0158fb6e,follow_up,neutral,Finally management side over another expert push onto result free main long stand toward how.,2026-02-21T06:34:07.325821
524b2b42-11d8-4548-851f-12651808b644,31971282-d277-4927-8c4c-f6fa6b07bdcd,db5de4a8-68d7-40ac-931b-56ee0158fb6e,call,neutral,Information be hold any audience laugh media section sister voice maybe.,2026-04-12T11:39:44.023898
caec3de4-dbdc-4313-90cc-c94624617548,31971282-d277-4927-8c4c-f6fa6b07bdcd,db5de4a8-68d7-40ac-931b-56ee0158fb6e,follow_up,neutral,Oil should effect play coach big enough she go heavy human reason.,2026-05-23T10:40:40.589561
28045983-8ea6-4f65-9c8c-36be204776eb,e21cabec-e7fd-4cba-9c2b-cbe6c1cfcd2a,11c59b73-1c6f-4521-8df0-fa6552bd4feb,call,neutral,Recognize now white spring keep deal whom project police add certainly art safe board church phone.,2025-08-06T05:20:19.192792
5b6010be-b5cb-4885-a317-c31dc3e896f2,e21cabec-e7fd-4cba-9c2b-cbe6c1cfcd2a,11c59b73-1c6f-4521-8df0-fa6552bd4feb,meeting,negative,No model stage college serious well they page itself social poor throughout four identify.,2025-11-24T17:47:49.186976
a371ab8a-9701-45b4-bc90-6c06dc16b18d,e21cabec-e7fd-4cba-9c2b-cbe6c1cfcd2a,11c59b73-1c6f-4521-8df0-fa6552bd4feb,demo,neutral,Pay local fight ball nothing check might lay south soon name perhaps else happen.,2026-03-07T15:35:32.439935
87c21ea4-0bf7-4699-80d6-9243b40c51da,e21cabec-e7fd-4cba-9c2b-cbe6c1cfcd2a,11c59b73-1c6f-4521-8df0-fa6552bd4feb,call,negative,Nation court face deep style treat above difference new several thank responsibility star fish once day.,2025-12-10T06:58:35.597904
54aa42a3-5c9f-44d1-a685-983d4911a724,e21cabec-e7fd-4cba-9c2b-cbe6c1cfcd2a,11c59b73-1c6f-4521-8df0-fa6552bd4feb,follow_up,positive,Herself bill store miss trade hospital year conference top scene.,2025-12-04T01:06:43.670136
64f6491e-e759-4ce1-b38f-da91869ea4ca,e21cabec-e7fd-4cba-9c2b-cbe6c1cfcd2a,11c59b73-1c6f-4521-8df0-fa6552bd4feb,demo,neutral,Decide together its research treatment current sell evidence decision car tell very.,2025-09-28T03:19:35.293852
35fd2e78-172d-41f1-81f7-ef03ca5a60ba,d5a00d41-ff48-49af-9aef-dee949eba723,49ee0e04-55bc-4d24-89d5-288672473cb1,follow_up,no_response,Church career exactly son during cover continue matter per something among stuff section experience green.,2026-01-04T20:46:49.783182
192f553f-4814-4414-9d67-aaaaf8cebb6e,d5a00d41-ff48-49af-9aef-dee949eba723,49ee0e04-55bc-4d24-89d5-288672473cb1,call,no_response,Enough three imagine over east their even join clear test sit popular.,2026-06-27T09:15:12.299637
192c01cd-dde3-404c-b604-f92790655629,ab23ba0c-7235-4365-8a05-e3a61ef47ea5,7c28f429-6319-4ce8-b38a-5d0b486b407b,call,neutral,Into man memory finish property house defense former discuss production research fine down language model.,2025-08-15T16:11:50.893140
1446439c-e4e0-480b-8699-80fb30466844,ab23ba0c-7235-4365-8a05-e3a61ef47ea5,7c28f429-6319-4ce8-b38a-5d0b486b407b,email,negative,Effort thus toward great trouble kind travel remember kind forget interest Republican court evening.,2026-03-15T14:35:46.887398
e16fc0c7-f027-407d-8a59-ace9190f019c,ab23ba0c-7235-4365-8a05-e3a61ef47ea5,7c28f429-6319-4ce8-b38a-5d0b486b407b,demo,neutral,Tend side give serve test opportunity guy significant.,2026-05-16T03:49:45.520098
11a4b071-daed-4f75-8483-216114ed567d,ab23ba0c-7235-4365-8a05-e3a61ef47ea5,7c28f429-6319-4ce8-b38a-5d0b486b407b,demo,neutral,Relationship say past here keep positive discover school production.,2026-05-03T08:09:26.552692
e6307053-8fe5-47cc-a432-f01f5ea85357,ab23ba0c-7235-4365-8a05-e3a61ef47ea5,7c28f429-6319-4ce8-b38a-5d0b486b407b,demo,neutral,Cover recently serve few five require begin close establish investment left.,2025-12-11T13:31:14.910027
63a396a7-967e-4e0f-8e64-dbaf4bfe6c29,cf442604-8948-4964-bc7e-08e96de78548,49ee0e04-55bc-4d24-89d5-288672473cb1,follow_up,positive,Give until pattern smile save tend avoid another economic so heart job seven check.,2025-08-09T12:55:05.367983
c7dbe929-01c1-42ab-9eb5-a27469391110,cf442604-8948-4964-bc7e-08e96de78548,49ee0e04-55bc-4d24-89d5-288672473cb1,meeting,positive,Protect bed apply including increase account any kitchen book possible grow economic act someone.,2025-05-17T14:46:53.561833
96339051-0035-4faa-ba04-bb99e019134a,cf442604-8948-4964-bc7e-08e96de78548,49ee0e04-55bc-4d24-89d5-288672473cb1,follow_up,neutral,Region project main itself who study modern effect each.,2026-06-08T23:53:30.139360
6934c9b9-4e6f-4687-9fcf-3ec9d41e82d4,cf442604-8948-4964-bc7e-08e96de78548,49ee0e04-55bc-4d24-89d5-288672473cb1,email,negative,Course suddenly see chair finally miss owner realize energy economy mouth model national issue experience.,2026-04-09T09:27:41.198395
919f7a0b-eb30-46a5-b91e-3726137ec3cb,cf442604-8948-4964-bc7e-08e96de78548,49ee0e04-55bc-4d24-89d5-288672473cb1,email,negative,Shake nice attack check at allow mouth American become position scientist.,2025-08-07T21:37:58.309130
9852609b-9ca3-4d83-881f-0e85194404cc,cf442604-8948-4964-bc7e-08e96de78548,49ee0e04-55bc-4d24-89d5-288672473cb1,call,no_response,Edge break race its have report ability local their sell.,2025-07-28T08:05:23.943435
4bdb3944-5bef-4e7b-91c9-b524eb2b4a2e,cf442604-8948-4964-bc7e-08e96de78548,49ee0e04-55bc-4d24-89d5-288672473cb1,demo,negative,Buy a large concern common enter that.,2025-06-02T17:33:48.641330
c2b6ba4a-bf31-4d46-addb-37887fd35087,885a9e4b-c7d1-4f49-a1a6-c496a9374884,db5de4a8-68d7-40ac-931b-56ee0158fb6e,demo,neutral,Middle special look the when wrong rock establish generation push effect result so reduce wait prepare.,2026-07-01T11:22:08.498549
f30f3de1-bb8a-4724-807e-bea925f4eb99,885a9e4b-c7d1-4f49-a1a6-c496a9374884,db5de4a8-68d7-40ac-931b-56ee0158fb6e,email,positive,Owner well education win cut line star speech company.,2026-07-01T10:20:23.287398
880f04c0-cf81-4af6-87fc-df37cb515d2a,885a9e4b-c7d1-4f49-a1a6-c496a9374884,db5de4a8-68d7-40ac-931b-56ee0158fb6e,meeting,positive,Cultural environmental reason establish explain if drop clear radio bag glass some manage firm onto.,2026-07-01T11:07:15.836766
36234982-9fb1-4fce-89b5-68467e6a3054,885a9e4b-c7d1-4f49-a1a6-c496a9374884,db5de4a8-68d7-40ac-931b-56ee0158fb6e,email,negative,Parent teacher inside without agent despite interview debate fish seem walk most discussion.,2026-07-01T12:13:46.452624
6b3019ec-2993-41ed-9ff2-41dc6deb20fb,885a9e4b-c7d1-4f49-a1a6-c496a9374884,db5de4a8-68d7-40ac-931b-56ee0158fb6e,call,positive,Whatever out everything accept water sport state science out assume concern.,2026-07-01T12:31:29.810642
812e9dbf-2688-4cf4-8585-5c3e6f6cfe01,885a9e4b-c7d1-4f49-a1a6-c496a9374884,db5de4a8-68d7-40ac-931b-56ee0158fb6e,demo,neutral,Fact former manager event direction impact leave plan for million national unit.,2026-07-01T11:33:05.656136
e4b89563-d8c7-494c-9a02-a9a642a3cd3c,885a9e4b-c7d1-4f49-a1a6-c496a9374884,db5de4a8-68d7-40ac-931b-56ee0158fb6e,call,positive,Task ok care interview foot perform full central interesting research imagine interest PM ask.,2026-07-01T08:42:17.416528
947ff1a1-1d7f-468b-b667-cac715765f7e,885a9e4b-c7d1-4f49-a1a6-c496a9374884,db5de4a8-68d7-40ac-931b-56ee0158fb6e,call,positive,My meeting factor painting mean respond else usually perform.,2026-07-01T10:09:24.838274
bbc39e02-99fc-4961-a357-c31038a22029,f63ddc0e-88fe-4e74-b285-6dbb874c55eb,db5de4a8-68d7-40ac-931b-56ee0158fb6e,demo,neutral,Hard about table today plant pay mouth notice place material act indicate name now.,2026-05-26T11:33:17.816135
cced2bdc-f609-4f80-abd6-ed8127e2eb51,f63ddc0e-88fe-4e74-b285-6dbb874c55eb,db5de4a8-68d7-40ac-931b-56ee0158fb6e,call,positive,Democratic quality here beat report piece security.,2025-12-01T07:02:09.837545
31d90537-8eac-47dd-b461-a1205efa617a,decd39f7-2d72-421a-a732-4add889fb07a,c260e256-cef6-40a3-a3af-1cc136e02508,demo,neutral,Meeting bring example radio choose instead authority into over standard away.,2026-05-26T01:39:22.901668
412db9b4-4461-4ef0-8a7b-2adde8ef51ad,decd39f7-2d72-421a-a732-4add889fb07a,c260e256-cef6-40a3-a3af-1cc136e02508,follow_up,positive,Else purpose Mr change industry risk cut.,2026-03-11T17:26:09.193830
2eab2e96-0248-4fcc-b9f3-73c7e8f43439,8e20872a-e85f-49a3-bb52-9be517b9a20c,40713600-da14-4eda-a084-05bb58930679,email,neutral,Score recently issue third necessary region key understand protect factor keep manager cold account where.,2025-05-23T22:14:33.762462
2298c91d-724c-4348-a1e9-409add575aa6,8e20872a-e85f-49a3-bb52-9be517b9a20c,40713600-da14-4eda-a084-05bb58930679,meeting,positive,View realize rock end set factor special chair hair I.,2026-01-09T16:50:31.315607
a36e9162-10ab-4f27-9fcd-2fb695627e0b,021f1e5b-8f76-4237-b8dd-faeaded0358c,40713600-da14-4eda-a084-05bb58930679,follow_up,neutral,Clear almost opportunity audience hour school time traditional space religious real voice.,2026-04-12T04:11:14.083963
c5f551ac-2172-4ee8-aff7-b588df034c06,021f1e5b-8f76-4237-b8dd-faeaded0358c,40713600-da14-4eda-a084-05bb58930679,follow_up,negative,Special young also on now evening base manager dog her purpose just.,2026-05-05T06:48:52.603185
ebfe4b75-9412-4bf4-b4b9-41694ac79cb5,021f1e5b-8f76-4237-b8dd-faeaded0358c,40713600-da14-4eda-a084-05bb58930679,meeting,positive,Treat form edge instead research white describe on piece.,2026-04-23T03:04:43.478972
63487d05-95f6-44f3-86e5-4f0968f4637b,021f1e5b-8f76-4237-b8dd-faeaded0358c,40713600-da14-4eda-a084-05bb58930679,email,no_response,Statement pass suddenly image single war build white sea him news foot piece site.,2026-06-10T13:19:19.417068
11014a19-dbe8-440c-837f-f6c7720bcda5,021f1e5b-8f76-4237-b8dd-faeaded0358c,40713600-da14-4eda-a084-05bb58930679,follow_up,positive,Question throw civil control subject himself Democrat science.,2026-06-17T18:21:34.557431
60467cac-77ea-4766-a0dd-0fb9c62ec245,021f1e5b-8f76-4237-b8dd-faeaded0358c,40713600-da14-4eda-a084-05bb58930679,meeting,neutral,Military ten parent past other yes year service present spend whose sing ok support.,2026-05-20T03:14:18.399301
b6b1c67f-1b94-4e7b-b452-e720e3dfc486,021f1e5b-8f76-4237-b8dd-faeaded0358c,40713600-da14-4eda-a084-05bb58930679,follow_up,no_response,List rise author forward home turn natural at determine blood doctor they idea.,2026-03-17T02:18:10.899595
2c8293d5-0621-4b4d-a46d-3345677d2c15,0f3b48e2-2a5d-47b1-aac4-5aa99697b91c,db5de4a8-68d7-40ac-931b-56ee0158fb6e,email,negative,Treat improve until traditional listen beat next.,2025-07-19T11:57:59.165594
9ad0addb-82cb-42a7-a111-f180fe1004a7,0f3b48e2-2a5d-47b1-aac4-5aa99697b91c,db5de4a8-68d7-40ac-931b-56ee0158fb6e,demo,neutral,Tough involve receive idea management performance class girl spend safe if pick it close return.,2026-06-30T10:03:58.988749
824531d9-7dce-4591-bb48-3887784e06d9,0f3b48e2-2a5d-47b1-aac4-5aa99697b91c,db5de4a8-68d7-40ac-931b-56ee0158fb6e,call,no_response,Young start fight current region mother full full certain series consider affect industry body direction.,2026-02-01T17:44:00.590470
b6ee73fe-3490-473c-b5b9-c7c8e9a7ba87,0f3b48e2-2a5d-47b1-aac4-5aa99697b91c,db5de4a8-68d7-40ac-931b-56ee0158fb6e,demo,negative,Black food another color front thousand area.,2026-04-29T23:18:56.983702
06e65e1e-8d5a-4e15-92b8-0b35eb3c24cb,0f3b48e2-2a5d-47b1-aac4-5aa99697b91c,db5de4a8-68d7-40ac-931b-56ee0158fb6e,meeting,negative,North admit small front every at institution child current quality season.,2026-04-23T05:55:19.786459
da37f1d3-dd16-4efa-8454-e5c330224aa6,0f3b48e2-2a5d-47b1-aac4-5aa99697b91c,db5de4a8-68d7-40ac-931b-56ee0158fb6e,demo,positive,Day specific word maintain result write wall important sort have high cold.,2026-04-27T15:04:54.693731
27d24897-a69a-49b2-8417-94e4f4c8c0ed,0f3b48e2-2a5d-47b1-aac4-5aa99697b91c,db5de4a8-68d7-40ac-931b-56ee0158fb6e,demo,positive,Somebody budget experience drive religious worry exist happen push.,2025-09-08T22:53:44.710783
f1ab16ff-6892-45a7-8699-40fff761a210,e765f89e-06cd-4808-8a83-351f8fbc7446,49ee0e04-55bc-4d24-89d5-288672473cb1,demo,positive,Should respond argue magazine face sense environmental different measure college require.,2026-02-06T00:04:14.940452
48ec13c6-3404-4fb2-a5bb-ae1024eeae71,e765f89e-06cd-4808-8a83-351f8fbc7446,49ee0e04-55bc-4d24-89d5-288672473cb1,email,neutral,Center deep yeah as power pull involve mother sound in like.,2025-11-02T16:36:42.107074
4994f1a5-d6da-48d3-b8f4-339bf0baa6e7,e765f89e-06cd-4808-8a83-351f8fbc7446,49ee0e04-55bc-4d24-89d5-288672473cb1,email,negative,Anything realize she around writer tax trouble open people join various himself defense behind note.,2026-04-06T20:17:03.253673
4cc53af1-27ed-47ca-818c-f596ca5e5908,e765f89e-06cd-4808-8a83-351f8fbc7446,49ee0e04-55bc-4d24-89d5-288672473cb1,call,neutral,Choose particularly ask spend amount agent responsibility road approach watch movement begin bed.,2026-05-20T02:25:13.506372
99c21485-388f-4fb2-8a41-d79ba11ea366,e765f89e-06cd-4808-8a83-351f8fbc7446,49ee0e04-55bc-4d24-89d5-288672473cb1,demo,neutral,Together hard allow carry practice for gas stay member including billion tough.,2025-10-23T17:30:41.385317
d19529b8-73c8-4f21-bff5-0669e01961f5,e765f89e-06cd-4808-8a83-351f8fbc7446,49ee0e04-55bc-4d24-89d5-288672473cb1,email,neutral,Least management stuff attack series so lot change another step use bag.,2026-06-08T13:55:13.891746
84c01c35-403c-48fd-b4fc-51b8bdc00981,71308514-6566-4fd4-85b7-aacbd0ba986d,49ee0e04-55bc-4d24-89d5-288672473cb1,email,positive,Decision laugh grow in foot grow car none.,2026-01-05T20:09:13.548910
33e0b798-b407-4f29-848d-47d5945b8998,71308514-6566-4fd4-85b7-aacbd0ba986d,49ee0e04-55bc-4d24-89d5-288672473cb1,call,negative,Gun hold arrive painting along simply financial address.,2026-01-22T06:43:08.439053
49169865-b81c-442d-935c-78d3803be735,71308514-6566-4fd4-85b7-aacbd0ba986d,49ee0e04-55bc-4d24-89d5-288672473cb1,meeting,positive,Like major forward woman purpose will movie common reduce standard.,2025-06-09T12:50:29.078597
adea6f2a-b05e-4628-a7d3-ac0da802aebf,71308514-6566-4fd4-85b7-aacbd0ba986d,49ee0e04-55bc-4d24-89d5-288672473cb1,email,positive,Focus the treat back consumer tree hope out local seat general.,2026-03-01T03:07:10.744166
d271bba8-85d4-4197-a42e-d4e5d72ec604,71308514-6566-4fd4-85b7-aacbd0ba986d,49ee0e04-55bc-4d24-89d5-288672473cb1,demo,neutral,Theory surface claim difference a late change natural find around carry policy sometimes pull reason.,2026-01-19T05:42:31.011575
db804d76-315d-409a-886e-1db5140a15d4,71308514-6566-4fd4-85b7-aacbd0ba986d,49ee0e04-55bc-4d24-89d5-288672473cb1,follow_up,positive,Fear owner able eight candidate get wife apply already government ground last recently good light if.,2025-12-04T01:55:49.196483
5f2969f4-38c9-4858-bacd-f579acbe1dd2,39e4e69a-8c5f-4158-bf15-2d682be64440,db5de4a8-68d7-40ac-931b-56ee0158fb6e,email,negative,Speech good last whose model house usually attorney market allow deal.,2026-05-16T07:02:05.182063
b23322a0-7101-4724-a196-4693240d0e89,39e4e69a-8c5f-4158-bf15-2d682be64440,db5de4a8-68d7-40ac-931b-56ee0158fb6e,follow_up,negative,Right with people as good task decide.,2026-05-21T12:36:20.040696
8b9126ca-6b6f-4b2a-b0e9-3f943a41bc82,7cede9fa-d744-41de-8e61-d995c715b4c9,db5de4a8-68d7-40ac-931b-56ee0158fb6e,email,neutral,Guy player language traditional more measure cover law performance city open wrong.,2026-05-11T20:01:07.882483
7d17e796-e1da-46ee-b652-46bbafa0fc37,7cede9fa-d744-41de-8e61-d995c715b4c9,db5de4a8-68d7-40ac-931b-56ee0158fb6e,meeting,neutral,Recognize this last allow home radio church voice choose like friend.,2026-04-15T00:29:50.296267
f649418a-00ab-4fbd-9887-da2c029223e5,7cede9fa-d744-41de-8e61-d995c715b4c9,db5de4a8-68d7-40ac-931b-56ee0158fb6e,call,positive,Blue idea food agree economy civil moment amount four should body.,2026-03-10T03:50:41.756227
f3a3e8bd-80e3-45a7-b8b9-d7b7db688cc1,7cede9fa-d744-41de-8e61-d995c715b4c9,db5de4a8-68d7-40ac-931b-56ee0158fb6e,email,no_response,Wide move though Congress street size career road treat.,2026-04-25T16:23:30.295485
401c141f-0f3d-4bb0-9ce3-7aa31314d9cb,7cede9fa-d744-41de-8e61-d995c715b4c9,db5de4a8-68d7-40ac-931b-56ee0158fb6e,call,negative,Into number enter rather tonight discuss eye short focus somebody author town drug.,2026-04-26T23:51:44.793166
d6e36677-7c60-4962-bbb8-376dbb0cf9a5,7cede9fa-d744-41de-8e61-d995c715b4c9,db5de4a8-68d7-40ac-931b-56ee0158fb6e,demo,no_response,Center site above election present parent condition region town each foreign exist similar finally why he.,2026-05-31T16:24:19.084114
be5d75fa-104d-494e-ae97-cdf93bdb30c3,d6c715e1-cd04-4368-8e58-830ab5301129,db5de4a8-68d7-40ac-931b-56ee0158fb6e,follow_up,neutral,Check people training including past although employee catch major response improve tree outside strong.,2026-04-21T22:00:31.446054
b803be37-678b-419d-9154-fd580edc1496,d6c715e1-cd04-4368-8e58-830ab5301129,db5de4a8-68d7-40ac-931b-56ee0158fb6e,demo,negative,Without word challenge adult own serious here list whether better well south.,2026-03-26T20:58:28.485195
182f2dc3-fa7d-4c9d-9923-540072e70745,d6c715e1-cd04-4368-8e58-830ab5301129,db5de4a8-68d7-40ac-931b-56ee0158fb6e,follow_up,positive,Order water third husband quickly onto scientist share all believe whose.,2026-02-21T11:18:28.289338
8699f013-6a40-425b-9723-b53e7b1c3fb5,d6c715e1-cd04-4368-8e58-830ab5301129,db5de4a8-68d7-40ac-931b-56ee0158fb6e,meeting,positive,Tend direction piece tax read can determine paper reflect situation magazine cut onto act personal enjoy.,2026-01-23T23:36:31.051376
764a8a97-5dac-414f-9f5f-c16433173e3d,d6c715e1-cd04-4368-8e58-830ab5301129,db5de4a8-68d7-40ac-931b-56ee0158fb6e,follow_up,neutral,Yet sing style seat produce technology name choice skin.,2025-12-11T06:14:28.575397
c56b0b69-94ab-47a9-9966-5a4e27774272,d6c715e1-cd04-4368-8e58-830ab5301129,db5de4a8-68d7-40ac-931b-56ee0158fb6e,meeting,positive,Heart theory view word top wrong apply say list brother push store wife about ok.,2026-05-05T18:37:57.517044
66a7ea54-1931-429d-9f10-bfecd2a17e31,d6c715e1-cd04-4368-8e58-830ab5301129,db5de4a8-68d7-40ac-931b-56ee0158fb6e,follow_up,negative,Raise health bar learn or peace carry able.,2026-05-26T19:56:25.804715
c3c73f28-d5af-45ca-9246-5b04d42f2f90,d6c715e1-cd04-4368-8e58-830ab5301129,db5de4a8-68d7-40ac-931b-56ee0158fb6e,demo,positive,Eight heart believe data case particularly option would operation voice you team tell if page.,2026-05-01T02:38:20.850970
c621f99e-3f68-439e-934e-c7a5259d2f02,d6c715e1-cd04-4368-8e58-830ab5301129,db5de4a8-68d7-40ac-931b-56ee0158fb6e,demo,neutral,Wonder say fall stay glass indicate story next prove hair around population.,2026-03-31T13:36:50.499973
6f09590a-f9e2-41b1-b086-d56da42cbdbc,121bd520-32ea-458f-b3a9-f5338ab31a58,c260e256-cef6-40a3-a3af-1cc136e02508,email,positive,Sort past and including between front personal important consider tell push.,2025-12-28T03:59:57.969564
3ed9c80b-54c2-4fec-8612-9cbcc6be0aee,121bd520-32ea-458f-b3a9-f5338ab31a58,c260e256-cef6-40a3-a3af-1cc136e02508,demo,positive,Year detail firm term speech form term the specific writer forward man.,2026-02-12T08:38:57.588446
88dd9e0d-01bd-42a1-96a3-04267a0a3291,121bd520-32ea-458f-b3a9-f5338ab31a58,c260e256-cef6-40a3-a3af-1cc136e02508,email,neutral,Behavior federal accept no drop easy part better worker summer piece measure.,2026-06-05T13:45:10.653310
6b762176-90ff-4eb9-ad4f-af2ac1d9d82e,121bd520-32ea-458f-b3a9-f5338ab31a58,c260e256-cef6-40a3-a3af-1cc136e02508,call,positive,Large step you movie this idea forward major tree million soon enjoy money water officer.,2026-01-10T12:01:57.367249
b53ab80c-3cd2-4584-a0ab-1b585672f60a,121bd520-32ea-458f-b3a9-f5338ab31a58,c260e256-cef6-40a3-a3af-1cc136e02508,follow_up,neutral,Close address instead thank cost least fire address defense simple reduce any official soldier.,2026-05-19T02:48:30.800955
c4510f68-2c9e-4dd1-96f9-dec3f890a5e3,121bd520-32ea-458f-b3a9-f5338ab31a58,c260e256-cef6-40a3-a3af-1cc136e02508,demo,positive,Want leader within shoulder shoulder production sport of front instead remain.,2026-01-09T11:15:27.401402
42be3f29-b8cf-42e2-a710-b1b3e948d998,61d963bf-9265-4d51-b851-af195689f085,4df4bb58-afd1-40e1-9459-9fd2f38c9cd8,meeting,positive,Human institution most themselves thing skin authority exactly.,2026-03-14T15:07:16.523888
9169c560-3d3c-4dc1-b9b5-57562c32cb05,61d963bf-9265-4d51-b851-af195689f085,4df4bb58-afd1-40e1-9459-9fd2f38c9cd8,follow_up,negative,Dream none one hundred teach imagine base community say management.,2026-01-30T15:48:11.826102
e89a4923-43a7-40a3-a9bc-5820994d427d,61d963bf-9265-4d51-b851-af195689f085,4df4bb58-afd1-40e1-9459-9fd2f38c9cd8,demo,neutral,Model effort military follow he fight sometimes and huge early cell send sister.,2025-10-27T03:44:50.895527
4cc39f50-c688-419b-8c4f-3e6db9ed1349,27c9ca3a-96df-4250-8561-1e5a3692715d,11c59b73-1c6f-4521-8df0-fa6552bd4feb,meeting,neutral,Race beyond side until top way attorney politics others similar tonight method.,2026-05-21T06:32:55.816386
4f6ba866-4fa4-40c1-af5a-ac98643aab7b,27c9ca3a-96df-4250-8561-1e5a3692715d,11c59b73-1c6f-4521-8df0-fa6552bd4feb,demo,no_response,Yeah reflect water support arm personal seek medical sport hit analysis.,2026-03-28T05:04:45.378851
3b578927-30d7-4eb9-b1f7-257bfc77f55f,27c9ca3a-96df-4250-8561-1e5a3692715d,11c59b73-1c6f-4521-8df0-fa6552bd4feb,demo,neutral,Follow real entire present about yes security girl.,2025-07-16T17:27:50.468539
85b1aa4a-910d-4674-8b5c-822fb6e541c9,27c9ca3a-96df-4250-8561-1e5a3692715d,11c59b73-1c6f-4521-8df0-fa6552bd4feb,meeting,positive,Protect thank develop player reach loss trouble in thing media attack nearly heart hundred.,2026-06-01T21:02:11.663191
29e7b2b1-0fe4-4673-8ab5-586d24a902fa,27c9ca3a-96df-4250-8561-1e5a3692715d,11c59b73-1c6f-4521-8df0-fa6552bd4feb,follow_up,neutral,Ready newspaper two product against figure wear beautiful find war soon country past meet huge.,2026-03-15T20:25:47.958970
98f9ac55-0cd7-4b94-a792-c4a4e5b1a980,27c9ca3a-96df-4250-8561-1e5a3692715d,11c59b73-1c6f-4521-8df0-fa6552bd4feb,follow_up,no_response,Game own suffer least full tree explain at suddenly threat determine defense first loss citizen race.,2025-12-13T09:49:41.170093
7d3cb371-dd18-405c-b461-9b907b1961a0,27c9ca3a-96df-4250-8561-1e5a3692715d,11c59b73-1c6f-4521-8df0-fa6552bd4feb,call,neutral,Look push technology cultural out only mention politics capital term fish trip audience account find.,2026-05-29T04:05:04.284872
43933ad9-33c0-474f-93c1-51649953c6d6,9ff77127-d4c0-415c-8f04-30838834eeda,4df4bb58-afd1-40e1-9459-9fd2f38c9cd8,call,negative,Side rule save bit right over window you issue hand she song place act establish serve.,2026-05-03T02:44:25.414459
d0973d22-9e42-4526-9312-80f3a3048811,9ff77127-d4c0-415c-8f04-30838834eeda,4df4bb58-afd1-40e1-9459-9fd2f38c9cd8,call,neutral,Probably seem add create into from own popular relationship operation beyond own race.,2026-05-22T03:22:36.304998
671fb841-2902-4c18-ace4-e3eca1447d46,9ff77127-d4c0-415c-8f04-30838834eeda,4df4bb58-afd1-40e1-9459-9fd2f38c9cd8,demo,positive,Minute political lawyer doctor management another early bad act know recently art skill.,2026-06-19T16:28:09.192213
d4508373-0839-4ef0-a03e-991a14d70b13,9ff77127-d4c0-415c-8f04-30838834eeda,4df4bb58-afd1-40e1-9459-9fd2f38c9cd8,email,positive,Then section mean important pressure arrive tax himself.,2026-05-30T05:11:33.774725
ecc80cb0-3113-404c-a945-5c3f1dd80e82,9ff77127-d4c0-415c-8f04-30838834eeda,4df4bb58-afd1-40e1-9459-9fd2f38c9cd8,email,positive,Statement director war teacher task total central yard summer game.,2026-06-18T00:39:50.077657
96d11a96-edd3-4b10-b013-c8b7c0c0c299,9ff77127-d4c0-415c-8f04-30838834eeda,4df4bb58-afd1-40e1-9459-9fd2f38c9cd8,follow_up,positive,Establish grow enter it large glass trip act.,2026-06-03T21:34:51.572220
942808a1-791f-48e3-9164-5775ad8b6753,9ff77127-d4c0-415c-8f04-30838834eeda,4df4bb58-afd1-40e1-9459-9fd2f38c9cd8,call,neutral,Partner himself maintain minute single oil break behavior leg imagine main argue within middle apply while.,2026-05-13T23:48:53.764002
8e25bc3b-6a6c-4356-9ca7-79b3fa56c8f3,9ff77127-d4c0-415c-8f04-30838834eeda,4df4bb58-afd1-40e1-9459-9fd2f38c9cd8,follow_up,negative,Front speech reveal before edge suddenly authority real question decision fact marriage week surface themselves.,2026-04-25T00:17:36.811046
c98946d1-de5d-40d8-8a9f-2f9a19e6d503,9ff77127-d4c0-415c-8f04-30838834eeda,4df4bb58-afd1-40e1-9459-9fd2f38c9cd8,demo,positive,News rich change though town industry read year.,2026-06-12T04:28:09.197532
18d2ff91-d303-47fb-8440-e5a881267a9a,9ff77127-d4c0-415c-8f04-30838834eeda,4df4bb58-afd1-40e1-9459-9fd2f38c9cd8,follow_up,neutral,Stock value current because that skin senior travel guess blue western agent trial tree street where.,2026-06-27T15:23:58.818522
c1bd2d02-b2c9-4527-a1f8-835752ab7e81,cdb21aa3-e89a-403a-821c-43a82fc056b7,db5de4a8-68d7-40ac-931b-56ee0158fb6e,call,neutral,Sit eye compare civil allow house nothing stay science popular get.,2025-05-07T06:39:06.622892
b6764897-b34c-499f-bf15-99d239fd0d9f,cdb21aa3-e89a-403a-821c-43a82fc056b7,db5de4a8-68d7-40ac-931b-56ee0158fb6e,meeting,neutral,Expert author sell character girl no former leader page share direction gun born.,2025-08-02T16:01:39.975366
14b2a884-12d0-430f-9583-fd92cf1b3e0d,56c7b437-4ecd-4773-ab5e-ad5cac64678d,40713600-da14-4eda-a084-05bb58930679,call,neutral,Foot show station rock ground behavior theory difference become example yet able view choose decade general.,2026-05-08T15:26:06.773073
429fef55-9d83-4c11-ba68-6a33260841b3,56c7b437-4ecd-4773-ab5e-ad5cac64678d,40713600-da14-4eda-a084-05bb58930679,demo,negative,Heart his her leg health affect shoulder sister consider lay throw own.,2026-05-17T05:33:22.154807
63fa0665-97ea-4eb2-8dd0-abd04ad55c99,56c7b437-4ecd-4773-ab5e-ad5cac64678d,40713600-da14-4eda-a084-05bb58930679,email,positive,Eat cell throughout peace wrong thousand large product single year Mrs nice.,2026-05-22T03:18:46.823447
14d9038f-a00a-4e4b-8858-057cfac2b1ab,56c7b437-4ecd-4773-ab5e-ad5cac64678d,40713600-da14-4eda-a084-05bb58930679,call,neutral,Care instead billion resource season manage inside very.,2026-05-07T00:02:24.229511
e79430e8-bf77-4d2d-8b6f-bcf088248e81,9f3415f5-a550-4c10-9afe-12fd4364ddda,49ee0e04-55bc-4d24-89d5-288672473cb1,email,neutral,Ever either six building one discuss experience low past single six.,2026-06-28T01:12:28.490136
68fd653a-cfc7-4e78-9ea8-6dad998b0a16,9f3415f5-a550-4c10-9afe-12fd4364ddda,49ee0e04-55bc-4d24-89d5-288672473cb1,meeting,negative,Explain school improve second charge get point well appear situation road number.,2026-06-22T02:15:29.105116
7da2759f-9698-4889-bc91-2b2459c91eb9,9f3415f5-a550-4c10-9afe-12fd4364ddda,49ee0e04-55bc-4d24-89d5-288672473cb1,meeting,neutral,Whether shoulder box house offer this bag.,2026-06-30T19:27:51.913059
c2d49348-d13f-4473-b74f-802290e339eb,9f3415f5-a550-4c10-9afe-12fd4364ddda,49ee0e04-55bc-4d24-89d5-288672473cb1,call,positive,Later reduce citizen area expect send time attack down art people.,2026-06-23T10:05:20.138717
2bd7fc7c-6cb9-4769-82e3-6db53d766186,9f3415f5-a550-4c10-9afe-12fd4364ddda,49ee0e04-55bc-4d24-89d5-288672473cb1,demo,positive,Never establish happy glass popular area include.,2026-06-23T07:23:00.266697
91b28d10-4dd9-4ca3-9fce-27b4abe28503,09f48600-6995-47d7-ba67-2d34bb415caf,49ee0e04-55bc-4d24-89d5-288672473cb1,email,positive,Available one high peace project activity front bed can clear region ball performance idea simply western.,2025-11-21T00:05:30.055035
26f5fbe6-09c5-4310-81b8-75b7cfd71771,09f48600-6995-47d7-ba67-2d34bb415caf,49ee0e04-55bc-4d24-89d5-288672473cb1,call,neutral,Claim learn daughter own scene set individual give catch fire once.,2025-10-11T00:51:16.509338
3f811eb9-ade1-4cc8-8eb2-75211bc38fb0,09f48600-6995-47d7-ba67-2d34bb415caf,49ee0e04-55bc-4d24-89d5-288672473cb1,call,positive,Reduce whatever pass accept partner ever street rich remember race several consider interesting test natural.,2025-12-29T03:34:53.598590
d74ee9d9-3a78-4548-a024-4f209c2089b2,09f48600-6995-47d7-ba67-2d34bb415caf,49ee0e04-55bc-4d24-89d5-288672473cb1,demo,positive,Get exactly around me bag Republican four than mention peace.,2025-05-20T10:44:41.624292
cf4cbf06-464b-4845-8a0b-74ec3c6a3411,09f48600-6995-47d7-ba67-2d34bb415caf,49ee0e04-55bc-4d24-89d5-288672473cb1,demo,positive,Wait science accept during medical usually wish message skill final learn table candidate you choose onto.,2026-02-17T00:20:42.813593
d241136c-f137-4ca7-b2bb-ef690a7ff072,bd02a0a4-4a68-4ff2-8c84-66b22f3c39a2,11c59b73-1c6f-4521-8df0-fa6552bd4feb,email,positive,Action leader per base beyond modern treat item.,2026-06-16T02:01:00.012176
1f656a9c-3bac-441b-9a5c-fd3632e78aec,bd02a0a4-4a68-4ff2-8c84-66b22f3c39a2,11c59b73-1c6f-4521-8df0-fa6552bd4feb,demo,neutral,My expect cultural cause heavy true stop piece ground series pattern.,2026-03-20T07:43:34.153503
61abb20a-0769-4813-9028-c320d632dc7f,bd02a0a4-4a68-4ff2-8c84-66b22f3c39a2,11c59b73-1c6f-4521-8df0-fa6552bd4feb,meeting,neutral,Bad live wife result send kid age our later voice these bar power.,2026-06-08T09:18:51.970242
4e2b8e10-09eb-465d-adfa-7e1b405ac160,bd02a0a4-4a68-4ff2-8c84-66b22f3c39a2,11c59b73-1c6f-4521-8df0-fa6552bd4feb,call,negative,Serve group week right start PM soldier attack let field partner represent though situation pretty.,2026-03-27T17:01:22.987749
97e4a34b-5632-4ccd-8d60-3c55a32501d2,00802eb5-6ba3-4628-b65e-2db9aedf03f5,49ee0e04-55bc-4d24-89d5-288672473cb1,email,positive,Board meeting despite win number that bar.,2026-01-31T21:32:50.359259
cfcdd7aa-4062-49c1-99d3-2b42c99a1585,00802eb5-6ba3-4628-b65e-2db9aedf03f5,49ee0e04-55bc-4d24-89d5-288672473cb1,follow_up,neutral,Group finish fear employee approach international think social read laugh lose stuff ground teacher example whose.,2026-01-14T20:54:34.630935
df52fadf-6249-473e-896c-23922a7ed26c,24e492de-b9d4-43d6-b025-14d4f9109cc7,db5de4a8-68d7-40ac-931b-56ee0158fb6e,call,negative,Service material now perform recognize season role kind letter room.,2026-02-02T21:45:36.466628
708fe062-c1d9-4ba6-871c-59ed086618fc,24e492de-b9d4-43d6-b025-14d4f9109cc7,db5de4a8-68d7-40ac-931b-56ee0158fb6e,meeting,no_response,Drop box trial job maintain cause song husband decade language already environment.,2026-03-14T04:07:03.895024
c2c6a11e-e395-478f-810c-471b441d0bf2,badd392c-ff1d-4c7d-9ddb-5fb681a693a6,d6c5c187-0f44-4678-8f06-e8c1b894687b,call,positive,Doctor matter later skill ten answer sing statement box throughout science these same culture skin station.,2025-12-28T06:17:03.939574
e9380b57-8d7d-47e5-bacf-d7c315d05c4d,badd392c-ff1d-4c7d-9ddb-5fb681a693a6,d6c5c187-0f44-4678-8f06-e8c1b894687b,meeting,positive,Its himself south born why talk indicate.,2026-02-06T23:36:32.281652
5d8f9d3b-2c4d-4aab-8113-cf37ef038982,badd392c-ff1d-4c7d-9ddb-5fb681a693a6,d6c5c187-0f44-4678-8f06-e8c1b894687b,email,neutral,Black church those wear adult we eye nice.,2026-05-24T17:24:42.557060
90955263-917f-4cfe-9f33-67170520201c,badd392c-ff1d-4c7d-9ddb-5fb681a693a6,d6c5c187-0f44-4678-8f06-e8c1b894687b,demo,no_response,Voice window any itself church into discussion compare you.,2025-09-28T04:26:13.691318
56ad2663-2a1b-41dc-a3b0-7bae2be26316,badd392c-ff1d-4c7d-9ddb-5fb681a693a6,d6c5c187-0f44-4678-8f06-e8c1b894687b,meeting,positive,See government reduce more sign ready form message appear information pressure.,2026-06-15T02:44:20.869895
620f2f3b-cdba-4d85-bfe0-e96977678596,badd392c-ff1d-4c7d-9ddb-5fb681a693a6,d6c5c187-0f44-4678-8f06-e8c1b894687b,email,neutral,Memory smile soon but treat indicate in compare measure short young easy fall so prove away.,2025-10-08T16:36:16.583628
8bbe973e-ddf8-4643-9f19-06873382f612,e50db492-684a-4caa-9a83-f3baa5108987,db5de4a8-68d7-40ac-931b-56ee0158fb6e,demo,neutral,Personal son news blue game available war back perform vote.,2026-04-06T11:12:49.156400
1bc8cefb-607b-4cbb-b986-6fbe2676a9ce,e50db492-684a-4caa-9a83-f3baa5108987,db5de4a8-68d7-40ac-931b-56ee0158fb6e,follow_up,positive,Traditional hear present trouble word administration community represent difference might live test two interesting.,2026-01-19T09:17:38.425964
70a2d62d-a7ce-468d-9042-41d6428a7c57,e50db492-684a-4caa-9a83-f3baa5108987,db5de4a8-68d7-40ac-931b-56ee0158fb6e,email,neutral,Agency study crime again move professor director ever push.,2025-10-21T08:40:45.962817
9090e60f-0630-4a81-b587-76b4299eb555,e50db492-684a-4caa-9a83-f3baa5108987,db5de4a8-68d7-40ac-931b-56ee0158fb6e,call,neutral,Large day name necessary traditional coach dinner.,2025-10-17T14:58:18.327092
5037fd6e-409c-4b10-90ac-de5cb10bab0e,e50db492-684a-4caa-9a83-f3baa5108987,db5de4a8-68d7-40ac-931b-56ee0158fb6e,meeting,positive,Score process agree artist however statement realize modern shoulder enter answer action yeah.,2026-01-28T15:32:14.495965
ad9d9504-279c-4d57-9486-6e09e189f03c,e50db492-684a-4caa-9a83-f3baa5108987,db5de4a8-68d7-40ac-931b-56ee0158fb6e,demo,positive,Through meet glass could notice car water sure door thank require president open on.,2026-03-16T15:05:05.001489
57d3c650-6b92-4faa-9d09-e5523ef08ac9,e50db492-684a-4caa-9a83-f3baa5108987,db5de4a8-68d7-40ac-931b-56ee0158fb6e,call,positive,Indeed reach test indicate apply out both computer analysis.,2026-05-09T11:00:52.942739
121b03fc-1020-4a88-bdf5-f775aedeb23f,e50db492-684a-4caa-9a83-f3baa5108987,db5de4a8-68d7-40ac-931b-56ee0158fb6e,follow_up,no_response,Local we radio quite record good arrive over stuff reason idea activity tell radio.,2025-11-08T20:52:38.975126
d56e202a-5ec7-44de-a8f7-a5f392b823b9,e50db492-684a-4caa-9a83-f3baa5108987,db5de4a8-68d7-40ac-931b-56ee0158fb6e,demo,no_response,Walk so own here few area ever camera itself institution.,2026-05-01T01:07:22.987321
d6ae59bf-c2b4-4eef-924e-a80c4aca1924,e50db492-684a-4caa-9a83-f3baa5108987,db5de4a8-68d7-40ac-931b-56ee0158fb6e,meeting,positive,Really religious edge notice several glass into official account hotel usually consider ready born myself.,2026-05-27T01:32:20.646092
7d9a03f5-420c-4c9b-984a-0954e5ae7a9c,e9d2bd32-d081-44ed-8ec0-e1a1074fe476,a41c24be-a766-481d-958b-f5f7864ccaa1,demo,neutral,Hard world me usually cost become response partner stand cover challenge usually nearly.,2026-03-11T01:07:40.776694
9408b2b3-a9ee-4534-a698-e9d3bbc1c832,e9d2bd32-d081-44ed-8ec0-e1a1074fe476,a41c24be-a766-481d-958b-f5f7864ccaa1,meeting,neutral,Against ground those feel current future indeed decade leave large unit toward.,2025-07-15T21:17:05.813673
88390a07-a85b-449e-8088-6c451941b151,e9d2bd32-d081-44ed-8ec0-e1a1074fe476,a41c24be-a766-481d-958b-f5f7864ccaa1,demo,neutral,Work never yourself music member ground data employee institution.,2026-06-20T21:30:29.168014
bf68f150-b541-4bb9-a2b7-07f700ef3b66,e9d2bd32-d081-44ed-8ec0-e1a1074fe476,a41c24be-a766-481d-958b-f5f7864ccaa1,follow_up,negative,Thus so we eat product paper eat.,2025-06-26T00:30:30.762742
71760f83-6e3b-4a14-8284-a1f9fb8b0845,44c14f09-6916-472e-916a-465127cfb836,11c59b73-1c6f-4521-8df0-fa6552bd4feb,follow_up,neutral,Lay make view find room science plan huge series among though finally huge marriage contain cause.,2026-05-19T23:59:33.988415
6b59e36b-9fd5-4022-8092-67e5b3c04ae4,44c14f09-6916-472e-916a-465127cfb836,11c59b73-1c6f-4521-8df0-fa6552bd4feb,email,negative,Home mouth up her manager first member yourself however.,2026-05-01T18:04:57.188499
7239ff35-0881-4e4f-a79a-d13f70c0b2c5,742bf333-6517-49f8-a93f-7aa0ab912f7c,7c28f429-6319-4ce8-b38a-5d0b486b407b,meeting,positive,Election will material partner group score throughout fly less wall whole carry.,2026-06-15T03:07:11.580467
6f91b325-1fb3-4660-a0fd-247f8dc7d8e7,742bf333-6517-49f8-a93f-7aa0ab912f7c,7c28f429-6319-4ce8-b38a-5d0b486b407b,email,negative,Affect western fill not tonight economy song break take in firm material national like carry few.,2026-03-20T08:05:06.679724
fc467d4d-29bd-4df7-86d5-3261df777f00,27f2fda4-38d3-4f01-b685-7429860e313a,49ee0e04-55bc-4d24-89d5-288672473cb1,meeting,positive,Image shoulder design until here play everybody against mind some start six window too popular.,2025-10-17T16:21:46.749354
99100237-33f2-4f41-b983-eb7c0efc4e2a,27f2fda4-38d3-4f01-b685-7429860e313a,49ee0e04-55bc-4d24-89d5-288672473cb1,call,no_response,Writer ground world new long adult over administration outside industry but thus measure successful certainly.,2026-03-07T05:31:00.840078
5294e79b-b53f-49ce-a429-aa420050094d,27f2fda4-38d3-4f01-b685-7429860e313a,49ee0e04-55bc-4d24-89d5-288672473cb1,demo,neutral,Not play sort kid any despite senior opportunity evening method magazine view my.,2025-10-24T15:40:22.411452
eb62040e-4e98-4be0-830f-66f73fd55c45,27f2fda4-38d3-4f01-b685-7429860e313a,49ee0e04-55bc-4d24-89d5-288672473cb1,meeting,positive,Possible image state follow civil car lot executive foreign add anyone call eight contain.,2026-03-16T11:43:26.583892
ec733c7c-77e3-44b2-8484-86b3de0771dd,0863475f-99fa-4bc7-ad85-ef7e5f3b368f,7c28f429-6319-4ce8-b38a-5d0b486b407b,email,neutral,Fact yet no daughter occur finish fill draw hit life before.,2026-02-18T12:17:11.632489
e145e5d0-12ca-417a-ab40-595fe2af6d37,0863475f-99fa-4bc7-ad85-ef7e5f3b368f,7c28f429-6319-4ce8-b38a-5d0b486b407b,follow_up,neutral,Very off important company Congress long mean how.,2026-04-27T19:33:06.294431
fa80a404-84ee-43f8-b2da-a56d7ae18fb9,26dab60c-0a46-477c-b334-4d88a420efaf,40713600-da14-4eda-a084-05bb58930679,call,positive,Capital large happen new fine section cell might edge worker chair at evidence exactly film.,2026-04-06T20:25:11.942443
201e7659-09f7-4cf3-97ab-a02f6d137580,26dab60c-0a46-477c-b334-4d88a420efaf,40713600-da14-4eda-a084-05bb58930679,meeting,neutral,Growth scene couple plan whether investment identify finish fight customer leave.,2025-03-21T15:52:56.163548
7167f00a-ce46-4430-b7db-fb019bca79e7,26dab60c-0a46-477c-b334-4d88a420efaf,40713600-da14-4eda-a084-05bb58930679,follow_up,neutral,Almost somebody leave enough south through wall.,2026-03-17T14:18:12.029565
583b4355-6a26-4499-b6ca-2943f8f6494d,26dab60c-0a46-477c-b334-4d88a420efaf,40713600-da14-4eda-a084-05bb58930679,meeting,no_response,Fly young somebody mission suggest once consider three surface others bank sometimes.,2026-02-07T20:14:18.034099
a3a8b5c4-58c6-4262-9337-c8fe29a57228,26dab60c-0a46-477c-b334-4d88a420efaf,40713600-da14-4eda-a084-05bb58930679,call,neutral,Last conference art spring add whom economy sometimes.,2025-08-01T05:33:26.803064
77297d5d-67f4-455d-aca3-8f5ddd79f49c,86137d8c-2cbb-4bb0-ba6d-ca34925dd87a,c78e9bd7-0760-4595-a848-a494101a4147,call,negative,Political plan reduce writer level trip draw fund check share garden wind never amount tell.,2025-12-30T13:17:06.404028
8e197fb1-0ff3-4fa6-9952-43f1c564b277,86137d8c-2cbb-4bb0-ba6d-ca34925dd87a,c78e9bd7-0760-4595-a848-a494101a4147,follow_up,no_response,Interest sit result class decision drive pick.,2026-04-26T15:17:06.301156
0616c477-b3df-48ee-97ce-e0be3b373b3c,86137d8c-2cbb-4bb0-ba6d-ca34925dd87a,c78e9bd7-0760-4595-a848-a494101a4147,email,neutral,Help indeed none then easy shake station brother check center order.,2026-03-22T00:07:35.006545
1772ea5d-ca72-4b4a-aba5-e36cf723d5f3,86137d8c-2cbb-4bb0-ba6d-ca34925dd87a,c78e9bd7-0760-4595-a848-a494101a4147,email,negative,Rate far against type whether stock cup table clear myself begin husband him.,2026-04-24T20:23:49.086958
83f5eeca-517a-478e-8ee0-89ee9278e9a8,86137d8c-2cbb-4bb0-ba6d-ca34925dd87a,c78e9bd7-0760-4595-a848-a494101a4147,email,positive,Sport voice from happen action pattern with still game trade show free carry process instead heavy.,2026-03-12T08:37:08.787762
65244199-7bf6-4bfe-a09a-f76c8ca21e8c,cb3aa2eb-1953-4763-9087-d742cc3c7bfa,40713600-da14-4eda-a084-05bb58930679,meeting,neutral,Speak film field position best candidate gas.,2026-05-08T23:07:27.261200
1e5f3c1f-03fd-4803-ba69-f2147df59b99,cb3aa2eb-1953-4763-9087-d742cc3c7bfa,40713600-da14-4eda-a084-05bb58930679,call,positive,Certain people get money past down various idea after yet.,2026-05-08T23:10:09.087975
90e600f8-6216-4479-b756-03b585af4d4f,cb3aa2eb-1953-4763-9087-d742cc3c7bfa,40713600-da14-4eda-a084-05bb58930679,meeting,neutral,High level American structure measure sea series voice its provide war box reach evening.,2026-03-26T03:13:42.557561
797651c9-8343-4657-a8ad-4953878accb1,cb3aa2eb-1953-4763-9087-d742cc3c7bfa,40713600-da14-4eda-a084-05bb58930679,demo,negative,Order black myself expect there enough new also turn sell necessary hospital defense check.,2026-05-14T14:26:30.267216
b6808a48-be74-47eb-bac7-462d52672dd5,35a5b9eb-8a62-4417-8867-2773aa2bf209,a41c24be-a766-481d-958b-f5f7864ccaa1,meeting,no_response,Late policy rich walk manager federal short.,2026-06-26T03:04:56.426666
91a61e8a-728c-4ff3-b842-5ff4ba9b18f1,35a5b9eb-8a62-4417-8867-2773aa2bf209,a41c24be-a766-481d-958b-f5f7864ccaa1,demo,negative,Dog together baby charge inside value hand somebody word star.,2026-05-02T11:49:39.146262
25210da3-7bc7-4172-8406-d000a62cfda8,35a5b9eb-8a62-4417-8867-2773aa2bf209,a41c24be-a766-481d-958b-f5f7864ccaa1,email,negative,Interview account total thing age the prepare establish affect her provide.,2026-06-09T12:56:18.578381
f2a1fc51-1c67-45fe-9c1f-294a729e9ad8,75c39b47-a9b4-4fa8-8d74-bd9639716980,4df4bb58-afd1-40e1-9459-9fd2f38c9cd8,meeting,positive,Heart reveal ball significant meet a store relate focus.,2026-04-11T14:25:43.594515
6ccc0e55-77fd-4eed-bf98-3ff25677947d,75c39b47-a9b4-4fa8-8d74-bd9639716980,4df4bb58-afd1-40e1-9459-9fd2f38c9cd8,demo,neutral,Medical end process share collection might involve.,2026-05-08T13:08:41.940922
68ac19e1-8215-4f58-982f-7497913e061c,75c39b47-a9b4-4fa8-8d74-bd9639716980,4df4bb58-afd1-40e1-9459-9fd2f38c9cd8,follow_up,neutral,Goal thus age quite then until specific kitchen quality great in teach.,2026-06-26T07:37:31.669623
27d2f1f5-1a31-44ee-9be2-ada1cf465560,9109b5ba-0a2e-4e56-a0b3-3d18d9a7e851,49ee0e04-55bc-4d24-89d5-288672473cb1,demo,neutral,Girl anyone theory action body tend clearly.,2026-04-30T13:11:35.815423
55b4d3b9-927a-4cc7-ad75-f7d6d89c9387,9109b5ba-0a2e-4e56-a0b3-3d18d9a7e851,49ee0e04-55bc-4d24-89d5-288672473cb1,follow_up,positive,Machine will attention truth memory kid walk evidence.,2026-05-24T01:52:58.364164
865b3538-434a-449c-8e71-7a2ce2af8041,9109b5ba-0a2e-4e56-a0b3-3d18d9a7e851,49ee0e04-55bc-4d24-89d5-288672473cb1,meeting,negative,Arm charge he nice business next water dark pick dark worker simply indicate race time analysis.,2026-03-04T22:42:46.017920
d33a1a2b-bee3-41b9-86b6-dca048e6ef4d,9109b5ba-0a2e-4e56-a0b3-3d18d9a7e851,49ee0e04-55bc-4d24-89d5-288672473cb1,email,neutral,Herself thing itself available bill down particular interest no various Congress environment.,2026-03-15T14:51:07.235775
fab6dae5-d53b-4c7a-9a25-249bf26b6206,13ee97b7-c3fb-438e-9bd2-805123ba5fe7,d6c5c187-0f44-4678-8f06-e8c1b894687b,demo,no_response,Road democratic test theory return wait matter.,2026-04-03T10:20:11.321082
e15e63f5-d3a4-4151-921f-7f46098f244c,13ee97b7-c3fb-438e-9bd2-805123ba5fe7,d6c5c187-0f44-4678-8f06-e8c1b894687b,meeting,neutral,Everything million tell for she least fund main record ahead small measure able book.,2026-02-18T18:14:03.650785
1030bfeb-08f2-45d5-a6ce-baab278cb52c,13ee97b7-c3fb-438e-9bd2-805123ba5fe7,d6c5c187-0f44-4678-8f06-e8c1b894687b,demo,no_response,Sense land people leader step response price stage product big specific together song.,2026-03-18T04:34:19.614094
66cc4ab0-e286-4eea-8783-c2706ed3bf6f,13ee97b7-c3fb-438e-9bd2-805123ba5fe7,d6c5c187-0f44-4678-8f06-e8c1b894687b,email,positive,Similar oil series enter pass staff guy people happy.,2025-12-14T05:56:23.596041
e89b82ff-cf02-4da7-b26f-ea54dc672443,13ee97b7-c3fb-438e-9bd2-805123ba5fe7,d6c5c187-0f44-4678-8f06-e8c1b894687b,meeting,negative,Our which ball officer perhaps reason provide system want follow voice.,2026-03-22T02:35:56.322591
de7a758f-1a48-4c74-bc9e-4de41d664bb5,82f37537-b93d-45f7-8fe2-77a9e3341bae,d6c5c187-0f44-4678-8f06-e8c1b894687b,meeting,positive,Total buy owner north herself wonder movie carry culture.,2026-07-01T21:46:43.843670
cca3104d-2d0e-43b4-a2a2-f2f4ec5fe9fa,82f37537-b93d-45f7-8fe2-77a9e3341bae,d6c5c187-0f44-4678-8f06-e8c1b894687b,follow_up,positive,Feel eat major buy although step into.,2026-07-01T21:46:43.641831
64fe35b9-70c7-4432-91d6-3a564c6b3b1b,82f37537-b93d-45f7-8fe2-77a9e3341bae,d6c5c187-0f44-4678-8f06-e8c1b894687b,follow_up,positive,Myself report agent oil section again feel.,2026-07-01T21:46:43.464128
fe2ac710-d782-48f6-9ef1-650779b34030,82f37537-b93d-45f7-8fe2-77a9e3341bae,d6c5c187-0f44-4678-8f06-e8c1b894687b,follow_up,positive,Agree provide pay suffer both heart return listen growth evidence including protect challenge individual.,2026-07-01T21:46:43.134131
edd1a154-a6bf-4ce1-b1c1-bf3074bfcaa9,82f37537-b93d-45f7-8fe2-77a9e3341bae,d6c5c187-0f44-4678-8f06-e8c1b894687b,demo,no_response,Truth husband buy respond student blue chair improve space here little four through yet people.,2026-07-01T21:46:43.929467
0cae085c-6409-4abe-88d2-044e09e749f1,b1418c39-f819-40ba-bf5c-b073cb6b915e,db5de4a8-68d7-40ac-931b-56ee0158fb6e,demo,negative,Nearly expert news make management staff finally opportunity scene might democratic century town add drive subject.,2026-05-28T05:04:47.557364
55adcf2c-c687-42bb-bfa3-49cc5a6b89d2,b1418c39-f819-40ba-bf5c-b073cb6b915e,db5de4a8-68d7-40ac-931b-56ee0158fb6e,call,negative,Test wonder modern subject woman cover enough bit give major hit.,2026-03-30T16:40:52.833766
5ecf374c-63d8-4e66-88c3-4e3efb587170,b1418c39-f819-40ba-bf5c-b073cb6b915e,db5de4a8-68d7-40ac-931b-56ee0158fb6e,demo,negative,Discussion general discussion heart industry phone security low name country night scientist.,2025-08-26T13:04:01.554869
2b038fba-32be-49de-bcb5-1cb6c3d9f8c4,41855e9a-1ede-45fe-b843-8bd13ac31a9c,40713600-da14-4eda-a084-05bb58930679,meeting,positive,Throughout themselves generation of against form else police outside oil.,2026-03-22T08:11:51.465167
8cf3434b-fd3e-4e7f-96be-d2b7bbbd95f9,41855e9a-1ede-45fe-b843-8bd13ac31a9c,40713600-da14-4eda-a084-05bb58930679,email,negative,With discover line anyone laugh everyone question go sell friend which sort painting similar.,2026-05-22T06:43:00.712296
cefa903f-4cb6-4d81-a1df-248640cf441e,41855e9a-1ede-45fe-b843-8bd13ac31a9c,40713600-da14-4eda-a084-05bb58930679,demo,positive,Memory administration truth follow out magazine interview can my possible manager behind.,2026-01-21T00:32:02.005536
5602db13-ef43-4c46-ac11-1059e2e56748,fd1c839e-71f4-458c-9fc4-8a9edea5c42d,49ee0e04-55bc-4d24-89d5-288672473cb1,demo,neutral,Successful PM admit guess fill people show special space member quickly.,2026-06-26T22:02:06.840477
9bbaf5fa-3987-4322-a41b-406ca27b5a39,fd1c839e-71f4-458c-9fc4-8a9edea5c42d,49ee0e04-55bc-4d24-89d5-288672473cb1,follow_up,neutral,Fish determine bed gas early several marriage cell seem song.,2026-06-11T03:14:36.562719
ec4e618e-b396-4c13-b524-16564f37a8c2,fd1c839e-71f4-458c-9fc4-8a9edea5c42d,49ee0e04-55bc-4d24-89d5-288672473cb1,demo,neutral,Always determine level magazine treat my born government sister under probably sing.,2026-06-23T12:28:05.832233
6c6240ff-4a52-432f-b370-1d853a856271,fd1c839e-71f4-458c-9fc4-8a9edea5c42d,49ee0e04-55bc-4d24-89d5-288672473cb1,meeting,negative,Mouth capital daughter speech about security lay Mr.,2026-06-14T20:21:21.701354
d3494973-9ae6-4f05-bb74-ceb78ce8fa98,fd1c839e-71f4-458c-9fc4-8a9edea5c42d,49ee0e04-55bc-4d24-89d5-288672473cb1,follow_up,neutral,After treat leg fine research forget any successful give.,2026-06-20T07:06:51.518335
a065664d-91b3-473c-a105-8310617e2fcc,fd1c839e-71f4-458c-9fc4-8a9edea5c42d,49ee0e04-55bc-4d24-89d5-288672473cb1,call,positive,Box service myself people expect investment kid sort question week.,2026-06-27T10:57:44.111397
9e2787ba-d1ca-40e4-8a2e-9d9fa1b70640,0d96d0c4-9bd8-47ab-9b56-37576ad8bdeb,a41c24be-a766-481d-958b-f5f7864ccaa1,meeting,positive,Tonight clear large mind stock behavior add side dream mouth option chance yes game.,2026-04-13T06:54:00.163878
e238fa98-7214-4514-8b6c-c5114547eb9e,0d96d0c4-9bd8-47ab-9b56-37576ad8bdeb,a41c24be-a766-481d-958b-f5f7864ccaa1,follow_up,positive,Including apply common option thousand offer miss himself relate now way.,2026-03-18T12:25:58.893726
ccdc3234-0d6c-4875-8497-8164ecd203fc,0d96d0c4-9bd8-47ab-9b56-37576ad8bdeb,a41c24be-a766-481d-958b-f5f7864ccaa1,demo,no_response,Pressure mission PM financial remember matter accept fast state real low moment cause minute agree.,2025-11-17T00:21:19.014725
662766e6-d656-4b10-8380-f50d3d7d513c,9889991c-98b8-477c-8463-19ceca261fa5,db5de4a8-68d7-40ac-931b-56ee0158fb6e,demo,positive,Relationship reality clearly great and avoid never turn call action office same those case decide.,2026-03-20T22:25:30.191174
21d205e7-5fad-4683-9604-b8a7c73b7b9c,9889991c-98b8-477c-8463-19ceca261fa5,db5de4a8-68d7-40ac-931b-56ee0158fb6e,call,positive,Smile culture different throw arrive mind manager everyone vote.,2026-03-16T17:50:13.194021
8ebf6010-d3f4-4864-bf7f-590e4762d374,9889991c-98b8-477c-8463-19ceca261fa5,db5de4a8-68d7-40ac-931b-56ee0158fb6e,follow_up,neutral,Wonder assume not school goal enter only sister.,2026-03-20T19:46:58.634311
b3fe7cf3-bcd9-46f4-a9d6-fd23079ace92,9889991c-98b8-477c-8463-19ceca261fa5,db5de4a8-68d7-40ac-931b-56ee0158fb6e,follow_up,neutral,Reflect per off natural area place represent.,2026-03-28T00:18:43.319941
8df42df2-9515-4246-b961-1a9c05708104,9889991c-98b8-477c-8463-19ceca261fa5,db5de4a8-68d7-40ac-931b-56ee0158fb6e,follow_up,positive,Interview over explain visit some collection plant personal black class wear.,2026-02-20T12:11:45.305691
b80e0609-86ce-46f1-aafd-517caefcebc0,9889991c-98b8-477c-8463-19ceca261fa5,db5de4a8-68d7-40ac-931b-56ee0158fb6e,meeting,positive,Hour although bit card protect development too heart.,2026-03-23T08:35:28.916519
5a68602f-84f2-4bc0-8a95-aff04f5e9bd5,5fc25e0b-60a9-4b9c-899e-3a9d5e20769d,49ee0e04-55bc-4d24-89d5-288672473cb1,follow_up,negative,Environment article try them herself idea give security yeah various special our focus gun market.,2025-10-15T06:53:18.478331
ad511e82-f943-4424-9152-41bf9dbc6a70,5fc25e0b-60a9-4b9c-899e-3a9d5e20769d,49ee0e04-55bc-4d24-89d5-288672473cb1,email,neutral,Executive point consumer risk model at force window traditional because use the small trouble pattern.,2025-11-13T02:31:48.480070
bcf1aa5e-28be-4ee9-a46b-f1527a67c1a4,5fc25e0b-60a9-4b9c-899e-3a9d5e20769d,49ee0e04-55bc-4d24-89d5-288672473cb1,call,neutral,Unit quite career plan politics probably tree office station.,2026-04-07T16:15:58.415717
e3c09341-6cfd-4b21-86a2-45adeae4b39b,5fc25e0b-60a9-4b9c-899e-3a9d5e20769d,49ee0e04-55bc-4d24-89d5-288672473cb1,meeting,neutral,Him performance total first collection also over treatment could bank create before class.,2026-03-01T12:01:58.100326
6a9606e4-abfd-4a74-9d83-e3f981a730f5,5fc25e0b-60a9-4b9c-899e-3a9d5e20769d,49ee0e04-55bc-4d24-89d5-288672473cb1,call,positive,Open lawyer all shoulder food discussion tonight side issue herself daughter act when century fight wear.,2025-10-14T22:27:54.816657
8a599de3-d899-40ea-95fb-0ceb0153f876,5fc25e0b-60a9-4b9c-899e-3a9d5e20769d,49ee0e04-55bc-4d24-89d5-288672473cb1,email,neutral,Remain everyone conference same always though finally rule.,2026-02-14T18:10:28.905973
1cc0f010-d74b-4ed1-855c-c8ac28553da0,5fc25e0b-60a9-4b9c-899e-3a9d5e20769d,49ee0e04-55bc-4d24-89d5-288672473cb1,meeting,neutral,True dog usually maybe and majority situation painting deep late sea fear soldier son.,2026-01-08T09:14:10.503559
4d996df4-94d9-4661-a7a3-3059351d9549,7a912f64-997c-4d52-8c97-834257365b44,49ee0e04-55bc-4d24-89d5-288672473cb1,follow_up,negative,Believe despite natural out article item coach almost management various window item action citizen identify a.,2026-04-21T17:35:38.682832
b19c0a31-9ebd-4feb-97e8-ef57acd5608c,7a912f64-997c-4d52-8c97-834257365b44,49ee0e04-55bc-4d24-89d5-288672473cb1,demo,positive,Growth theory relate continue either a reveal institution listen travel trial material catch decade.,2026-04-16T21:24:09.939590
80c2b530-22eb-4ec6-bbe2-75b536271d86,79337673-c365-48f0-aaae-e8a205fb24dc,49ee0e04-55bc-4d24-89d5-288672473cb1,meeting,positive,Almost person before billion shake response score west personal follow traditional.,2025-07-08T21:24:30.930197
95805263-c64c-40bb-bb00-ae0d4f3d1bde,79337673-c365-48f0-aaae-e8a205fb24dc,49ee0e04-55bc-4d24-89d5-288672473cb1,call,no_response,Wrong keep authority water able front sometimes size where left.,2026-01-05T10:48:41.638555
b2d035fd-a849-4d94-b141-426f60b90b8a,79337673-c365-48f0-aaae-e8a205fb24dc,49ee0e04-55bc-4d24-89d5-288672473cb1,call,positive,Common space early history that security building research second similar kitchen each president ok.,2025-06-15T19:08:07.763181
b4226107-781a-4634-b03a-4b52fbf8de6c,79337673-c365-48f0-aaae-e8a205fb24dc,49ee0e04-55bc-4d24-89d5-288672473cb1,meeting,negative,Doctor finally build civil agreement listen speak.,2026-03-23T07:49:17.501761
38f97543-92f2-4e4e-a119-7cd0aa11bf91,641f5681-e2cf-473f-93b0-69967277fc0c,4df4bb58-afd1-40e1-9459-9fd2f38c9cd8,email,negative,Rise house rest prove whether home within hand break onto music right.,2026-05-08T11:20:49.716101
9f293998-49bc-4a07-9e2b-fae51bc99c56,641f5681-e2cf-473f-93b0-69967277fc0c,4df4bb58-afd1-40e1-9459-9fd2f38c9cd8,follow_up,neutral,Only attorney ask stock coach set build bit data religious spend behavior.,2026-05-22T09:51:44.302316
79b0f172-2809-4e3a-bdad-43d7255a5ea9,ea9ff449-8b71-405b-93f3-8fd0aea2c4b0,11c59b73-1c6f-4521-8df0-fa6552bd4feb,demo,no_response,Executive share front international national someone computer.,2026-06-02T19:48:19.635659
d2206218-c254-4c8b-a5a9-f5131b8f4dee,ea9ff449-8b71-405b-93f3-8fd0aea2c4b0,11c59b73-1c6f-4521-8df0-fa6552bd4feb,email,negative,Drop detail hit where war cause owner particular think event worker rather.,2026-05-17T01:49:11.190213
4fe7b700-14f9-4463-9af7-3f7eaa19c0da,ea9ff449-8b71-405b-93f3-8fd0aea2c4b0,11c59b73-1c6f-4521-8df0-fa6552bd4feb,email,positive,Reason road may find well shoulder war about later share.,2026-04-21T22:32:01.613664
a6be9798-8374-40eb-8b13-f4b19da1633f,ea9ff449-8b71-405b-93f3-8fd0aea2c4b0,11c59b73-1c6f-4521-8df0-fa6552bd4feb,demo,neutral,Catch leave behavior key film middle glass fact hundred deep can road.,2026-04-02T13:25:41.623593
d0d08920-d1b5-466f-a2da-84a959739d28,ea9ff449-8b71-405b-93f3-8fd0aea2c4b0,11c59b73-1c6f-4521-8df0-fa6552bd4feb,follow_up,no_response,Age son staff unit age each maintain true call keep close trouble friend opportunity network resource.,2026-06-05T17:48:19.305377
0cd905e1-d175-4e2e-9bd5-b3f6f9abd9b5,ea9ff449-8b71-405b-93f3-8fd0aea2c4b0,11c59b73-1c6f-4521-8df0-fa6552bd4feb,demo,neutral,Four gun budget during thought set various throw break do less occur human.,2026-03-26T23:15:30.594213
1266829a-636c-4532-95fc-860504ac71d2,53c60a44-51d2-4733-a3ad-b94d374659e7,40713600-da14-4eda-a084-05bb58930679,call,negative,Public against mention piece magazine power hospital compare source box pull reason big marriage late.,2026-02-06T23:08:09.336190
0db4c4f0-68fb-414c-a723-cf7d1b4fd5a5,53c60a44-51d2-4733-a3ad-b94d374659e7,40713600-da14-4eda-a084-05bb58930679,email,neutral,Understand in evidence return road whose level compare hundred.,2026-03-02T04:18:54.040297
fae74bf6-256b-4a76-972b-031f68f10dbc,53c60a44-51d2-4733-a3ad-b94d374659e7,40713600-da14-4eda-a084-05bb58930679,call,neutral,Few beautiful should coach me able try subject guess almost account avoid project.,2026-04-30T21:17:24.812829
c626f51b-94b0-4735-a985-dc6a5925eae1,53c60a44-51d2-4733-a3ad-b94d374659e7,40713600-da14-4eda-a084-05bb58930679,follow_up,positive,Measure piece big memory agent probably address campaign religious onto impact stuff hot region protect southern.,2026-06-07T11:11:20.171670
b11a9cad-adb4-4310-ae5c-e93ea1710bb7,53c60a44-51d2-4733-a3ad-b94d374659e7,40713600-da14-4eda-a084-05bb58930679,meeting,positive,Interesting around how rate possible become dog let subject recognize speak collection city all.,2025-11-20T12:06:31.555857
e790f785-be55-4871-92ff-4d1aa035cdb4,946f8aef-8268-4f88-b07c-f86d18ab60ec,db5de4a8-68d7-40ac-931b-56ee0158fb6e,meeting,neutral,Carry reflect take single tree arrive some baby protect leave statement these artist order speak.,2026-02-04T03:28:12.666972
71eb71aa-a19e-48d6-99ab-812d16042474,946f8aef-8268-4f88-b07c-f86d18ab60ec,db5de4a8-68d7-40ac-931b-56ee0158fb6e,demo,neutral,Remember health compare best door our goal economic leave walk top when apply event Congress.,2026-03-31T01:09:55.398200
61bbb7bc-98b7-4f7c-a256-18c1fc5d43e7,946f8aef-8268-4f88-b07c-f86d18ab60ec,db5de4a8-68d7-40ac-931b-56ee0158fb6e,meeting,neutral,Really coach nation win hot democratic memory fall story production represent hour.,2026-04-12T07:56:03.131496
f6c08387-ad34-46d5-bfea-ffabf851c9ed,946f8aef-8268-4f88-b07c-f86d18ab60ec,db5de4a8-68d7-40ac-931b-56ee0158fb6e,follow_up,positive,Worker north age around discover risk customer stage some goal.,2026-04-11T23:43:41.775593
88a0cd2e-a92b-4edd-b219-3f189ac47f14,1bc5179d-d6c3-4135-ae96-c5f7f92db600,40713600-da14-4eda-a084-05bb58930679,meeting,neutral,Good husband attention save wonder land pass position key late brother age body.,2026-03-14T02:50:45.591124
b2bbb577-e510-428c-9eaf-68a38e1354e9,1bc5179d-d6c3-4135-ae96-c5f7f92db600,40713600-da14-4eda-a084-05bb58930679,demo,negative,Rock suddenly recently difficult skill try remain politics this understand environment throughout believe garden.,2025-11-03T21:51:06.028519
82f9a70a-bbe3-4542-bede-6afc6fd2dcc9,9ffa0c02-6796-4137-bb6e-4e8aae9078e4,db5de4a8-68d7-40ac-931b-56ee0158fb6e,meeting,no_response,Soldier audience century drive you often add why pick news question score.,2025-10-11T18:41:14.597379
7b258434-4595-4471-85e5-1d388aa2a301,9ffa0c02-6796-4137-bb6e-4e8aae9078e4,db5de4a8-68d7-40ac-931b-56ee0158fb6e,follow_up,positive,Establish meet music law difference free training.,2025-11-11T19:29:44.424306
a82589c3-1c02-4649-809b-f5e88df5e543,9ffa0c02-6796-4137-bb6e-4e8aae9078e4,db5de4a8-68d7-40ac-931b-56ee0158fb6e,email,neutral,Another represent response look meet idea business range guy off project try building.,2026-01-24T15:11:03.439840
3041752d-1faf-44ca-9f8f-33a9aaff32ab,9ffa0c02-6796-4137-bb6e-4e8aae9078e4,db5de4a8-68d7-40ac-931b-56ee0158fb6e,email,neutral,Let camera return nor administration owner staff.,2025-08-21T18:48:28.948470
d363f205-d353-490c-84ad-2a3096e20e37,9ffa0c02-6796-4137-bb6e-4e8aae9078e4,db5de4a8-68d7-40ac-931b-56ee0158fb6e,email,neutral,Law leader would most discussion soon record without.,2026-03-12T08:13:55.463930
1bf9c467-6b93-4287-850a-7f3bc9203bde,9ffa0c02-6796-4137-bb6e-4e8aae9078e4,db5de4a8-68d7-40ac-931b-56ee0158fb6e,email,neutral,Because month within institution avoid along quickly his.,2025-12-10T02:07:16.952374
918efc54-54f4-4f51-baeb-59a89ae80c04,9ffa0c02-6796-4137-bb6e-4e8aae9078e4,db5de4a8-68d7-40ac-931b-56ee0158fb6e,demo,neutral,Low admit social stop ten church song five response south such speech.,2025-11-07T11:13:49.737950
9d6a0f61-5bd5-4627-8c0a-64e11bbe7a65,cd864ae0-a275-408c-ba58-6f3fd049851b,d6c5c187-0f44-4678-8f06-e8c1b894687b,demo,neutral,Find others happen interesting station sit fall suffer near establish leader on himself.,2026-05-23T09:46:42.314043
7d7478ae-fb44-4d53-adaf-922ea9533a53,cd864ae0-a275-408c-ba58-6f3fd049851b,d6c5c187-0f44-4678-8f06-e8c1b894687b,demo,negative,Sister right similar bring back later indeed total than none event deep.,2026-06-21T08:09:12.795604
4c94080a-f3f1-4f9a-b5e1-bfe0ddb69bef,cd864ae0-a275-408c-ba58-6f3fd049851b,d6c5c187-0f44-4678-8f06-e8c1b894687b,email,neutral,Top test likely like since parent painting first bring difficult leg inside.,2026-06-23T15:24:31.778274
65303b74-6a8e-492e-a5e5-f23296d54f17,cd864ae0-a275-408c-ba58-6f3fd049851b,d6c5c187-0f44-4678-8f06-e8c1b894687b,demo,neutral,Analysis her field necessary pretty special poor off there.,2026-06-06T13:16:39.657872
409aa20e-f992-4bed-be81-dcc8e0ae0118,cd864ae0-a275-408c-ba58-6f3fd049851b,d6c5c187-0f44-4678-8f06-e8c1b894687b,email,neutral,Perform movie sure personal way for include establish society edge simple visit despite.,2026-06-14T20:18:18.545313
308ab400-f65f-4419-96b0-a690b1acb546,cd864ae0-a275-408c-ba58-6f3fd049851b,d6c5c187-0f44-4678-8f06-e8c1b894687b,demo,negative,Management ago how year score town window likely.,2026-05-21T17:46:19.007821
db5031bb-92b5-40f5-972e-666e09d296f2,05bef255-d3b0-44d4-b268-c739669b4b9b,11c59b73-1c6f-4521-8df0-fa6552bd4feb,call,neutral,Her speak health guy toward worker check want million conference us father argue.,2025-08-07T05:02:25.903098
7324c5be-bc50-46c7-9f40-177459f6b0d8,05bef255-d3b0-44d4-b268-c739669b4b9b,11c59b73-1c6f-4521-8df0-fa6552bd4feb,email,negative,Outside ball director itself art Mr news side series generation will without employee.,2026-03-07T06:51:41.655424
29e7a69a-4065-4d0b-8cb6-a20f1dd2e7cd,05bef255-d3b0-44d4-b268-c739669b4b9b,11c59b73-1c6f-4521-8df0-fa6552bd4feb,follow_up,neutral,Just wait table many high who reduce church film whatever around friend age.,2025-11-13T18:25:20.366565
ee748943-6120-480d-b0ef-04f07228818f,05bef255-d3b0-44d4-b268-c739669b4b9b,11c59b73-1c6f-4521-8df0-fa6552bd4feb,demo,neutral,Suddenly plan firm father stand special themselves thousand test song century rather.,2025-10-28T23:35:54.973505
f90adfc7-5a74-4a7f-8fdc-b681e9c2220e,a4de50a7-fdba-46e4-bab7-5d625bffd09c,11c59b73-1c6f-4521-8df0-fa6552bd4feb,demo,negative,Set road them try coach toward at onto create challenge.,2026-06-22T11:53:24.254693
28335993-f9f5-41db-8077-9443770258c8,a4de50a7-fdba-46e4-bab7-5d625bffd09c,11c59b73-1c6f-4521-8df0-fa6552bd4feb,demo,neutral,Manager story him kid study decade moment current build painting almost lot step market theory.,2026-05-04T11:51:26.581135
593a124b-d7c2-4893-9601-d31c9e38bb55,a4de50a7-fdba-46e4-bab7-5d625bffd09c,11c59b73-1c6f-4521-8df0-fa6552bd4feb,call,neutral,Compare concern girl admit manage role involve military car attack company director natural seek community.,2026-04-20T14:21:51.052674
9925551a-4bda-4e8b-9e53-c88f0f03da62,a4de50a7-fdba-46e4-bab7-5d625bffd09c,11c59b73-1c6f-4521-8df0-fa6552bd4feb,email,neutral,Image sometimes enough dinner music audience policy activity bit her article set end hand.,2026-06-30T17:03:05.333014
7f8550a4-c117-4299-b078-f6b639aaf250,a4de50a7-fdba-46e4-bab7-5d625bffd09c,11c59b73-1c6f-4521-8df0-fa6552bd4feb,meeting,positive,Do leg president maybe agency sell third everybody out.,2026-05-09T16:20:21.702125
c7ac8ad9-6bb4-4ec7-987a-df24ca080d79,9bdb0738-0b2c-4a77-82f9-d21a2c0cf025,7c28f429-6319-4ce8-b38a-5d0b486b407b,email,negative,Within reveal help anything sign seven more itself site capital.,2026-06-19T22:59:55.437703
0887e9c6-7e7a-47e8-8270-ba95d599e728,9bdb0738-0b2c-4a77-82f9-d21a2c0cf025,7c28f429-6319-4ce8-b38a-5d0b486b407b,follow_up,negative,Reality economy reveal like least arrive mention Mr until today sort window foreign specific catch.,2026-06-26T01:02:35.429006
e4de3a25-1ca3-44be-92cc-4f9300058126,9bdb0738-0b2c-4a77-82f9-d21a2c0cf025,7c28f429-6319-4ce8-b38a-5d0b486b407b,demo,neutral,Black college paper husband knowledge these maybe market people more bed school.,2026-06-26T09:58:26.789625
895b1004-edf5-45b1-b903-988bad18dda3,9bdb0738-0b2c-4a77-82f9-d21a2c0cf025,7c28f429-6319-4ce8-b38a-5d0b486b407b,call,neutral,Every take around government price play very building.,2026-06-23T16:36:28.589239
26d31cb3-21dc-417d-bf5a-a01cae0d14c3,56845f03-81d8-4c99-946a-06ce5b7f409b,40713600-da14-4eda-a084-05bb58930679,follow_up,negative,What continue investment like hotel involve sit cost both prepare mother notice.,2026-05-21T15:34:33.349974
6ca53b01-b98d-4a00-8d24-30c3ec749191,56845f03-81d8-4c99-946a-06ce5b7f409b,40713600-da14-4eda-a084-05bb58930679,meeting,neutral,Finally realize discussion issue conference professional full mission him station argue financial.,2026-06-17T00:50:57.922860
9014f817-10c6-42c4-924f-2fde603c2731,56845f03-81d8-4c99-946a-06ce5b7f409b,40713600-da14-4eda-a084-05bb58930679,call,negative,Her resource suggest figure president but four last money trial offer.,2026-05-19T21:17:03.706161
f908f5f5-f042-4188-94c4-868851273f9d,56845f03-81d8-4c99-946a-06ce5b7f409b,40713600-da14-4eda-a084-05bb58930679,demo,neutral,Reveal line hear they family apply hit wind his.,2026-05-20T06:15:37.395456
e94872e4-5fd1-4db9-89fc-808f54f792b3,ef563b15-1aeb-4365-ad6a-746b8e5b9bb8,d6c5c187-0f44-4678-8f06-e8c1b894687b,call,neutral,Build quality could firm sometimes best start local gun campaign research fine far read interest.,2026-06-23T04:59:23.468073
67fab0d6-0d2f-4cce-803f-959a0d9774bd,ef563b15-1aeb-4365-ad6a-746b8e5b9bb8,d6c5c187-0f44-4678-8f06-e8c1b894687b,email,positive,Position year growth apply purpose public present treat.,2026-06-24T04:37:29.834107
c3276abd-f7df-4639-9947-b6d5ef50d013,ef563b15-1aeb-4365-ad6a-746b8e5b9bb8,d6c5c187-0f44-4678-8f06-e8c1b894687b,call,positive,Letter under teacher admit week what available.,2026-06-10T01:42:02.076699
79f4014a-35f9-4ea1-a594-458e4c8f352d,ef563b15-1aeb-4365-ad6a-746b8e5b9bb8,d6c5c187-0f44-4678-8f06-e8c1b894687b,meeting,negative,Candidate our me accept successful identify role despite organization add.,2026-05-21T10:52:10.692957
87395a99-8fc3-41a2-a222-d00a5a1c7f1f,ef563b15-1aeb-4365-ad6a-746b8e5b9bb8,d6c5c187-0f44-4678-8f06-e8c1b894687b,call,positive,Career certain statement our center federal old suggest get behind something who truth.,2026-04-21T15:45:04.643779
6f6c1d22-f0ca-4593-b30d-9b8475e62d65,ef563b15-1aeb-4365-ad6a-746b8e5b9bb8,d6c5c187-0f44-4678-8f06-e8c1b894687b,call,neutral,Those company return economic describe everything among ready might article again public much share.,2026-04-26T12:26:56.086932
fe71e17a-c549-415e-92d1-7c0c58aadc82,ef563b15-1aeb-4365-ad6a-746b8e5b9bb8,d6c5c187-0f44-4678-8f06-e8c1b894687b,email,positive,Start war officer speech method try condition think treat center white benefit fly.,2026-04-21T00:10:39.063944
69f5261a-7137-4924-ba25-b7a622817cd4,61f0e5dc-e5b0-469a-9dd7-e72846a1f737,49ee0e04-55bc-4d24-89d5-288672473cb1,follow_up,negative,Seat yes hair camera more smile official last we appear door indicate memory give.,2026-05-02T02:52:04.195184
6f1586f3-54ce-4d4a-9c0a-755e83d8fae4,61f0e5dc-e5b0-469a-9dd7-e72846a1f737,49ee0e04-55bc-4d24-89d5-288672473cb1,follow_up,negative,Save media product care seven relate art than bring able deep quickly material kid.,2026-02-13T03:38:58.297920
46521e1a-49d1-41c2-822a-22eec14699a1,61f0e5dc-e5b0-469a-9dd7-e72846a1f737,49ee0e04-55bc-4d24-89d5-288672473cb1,email,negative,Good physical suddenly behind white herself century home situation purpose life.,2026-01-16T04:30:06.582566
78cacfb5-300b-469d-9278-ce4565e7c787,61f0e5dc-e5b0-469a-9dd7-e72846a1f737,49ee0e04-55bc-4d24-89d5-288672473cb1,email,negative,Happy often early section low set seek police much consider year site suggest you decade traditional.,2025-08-15T00:01:47.950929
869ddb50-9911-42d0-8c71-1405daf1a634,61f0e5dc-e5b0-469a-9dd7-e72846a1f737,49ee0e04-55bc-4d24-89d5-288672473cb1,call,neutral,Analysis break line organization apply American well small difference health tend conference experience look.,2026-04-09T17:21:18.181299
f474292e-ba14-42f2-9168-7652103fae25,61f0e5dc-e5b0-469a-9dd7-e72846a1f737,49ee0e04-55bc-4d24-89d5-288672473cb1,follow_up,neutral,Civil top center sing staff road whose way recognize would federal among against economic.,2026-02-08T03:22:36.912005
7fbb0c74-69d9-42ae-a391-57c7752dbe45,61f0e5dc-e5b0-469a-9dd7-e72846a1f737,49ee0e04-55bc-4d24-89d5-288672473cb1,follow_up,positive,Hit federal door prevent none support miss buy class expert.,2025-08-10T22:43:08.166664
d92d8648-80de-4274-ae15-448610e52577,0ce91d82-41a8-411d-bbdb-c4411659a790,40713600-da14-4eda-a084-05bb58930679,meeting,neutral,Upon half avoid tree factor fund out like.,2026-01-08T08:01:23.245813
4494e943-560c-40b6-a87d-bb349b763052,0ce91d82-41a8-411d-bbdb-c4411659a790,40713600-da14-4eda-a084-05bb58930679,meeting,no_response,Blue good but when ball check throw marriage move.,2025-08-04T00:49:52.205736
77c941f0-55f6-4fce-b951-b539b0aa9fef,0ce91d82-41a8-411d-bbdb-c4411659a790,40713600-da14-4eda-a084-05bb58930679,follow_up,no_response,Industry yet simply walk actually despite attack water training defense them free white.,2025-06-14T14:51:10.446232
ff312697-8eb7-4ccf-98ac-6f28f671641f,0ce91d82-41a8-411d-bbdb-c4411659a790,40713600-da14-4eda-a084-05bb58930679,call,positive,Degree east across region each against religious.,2025-07-24T11:36:36.202367
bb9f40e0-bc28-417a-a61e-6fef8e994eab,0ce91d82-41a8-411d-bbdb-c4411659a790,40713600-da14-4eda-a084-05bb58930679,demo,no_response,Develop draw fill available last my western health ability who gun hope continue current must.,2026-04-20T23:34:07.388859
7cb38730-d372-43db-ab3b-4388fa016008,0ce91d82-41a8-411d-bbdb-c4411659a790,40713600-da14-4eda-a084-05bb58930679,meeting,no_response,Better top lawyer check easy my no community western I identify long.,2025-10-27T07:45:24.893201
f04c21e1-2bd2-4224-bde0-ab8b0b6fba23,0ce91d82-41a8-411d-bbdb-c4411659a790,40713600-da14-4eda-a084-05bb58930679,email,negative,Media turn end political ground door religious church respond book trip music six.,2026-05-06T12:55:38.206957
c83a6c40-20a8-40db-a9f4-0f81daffd27b,ec4c79aa-3a36-4442-83bd-c6f5373a252b,c78e9bd7-0760-4595-a848-a494101a4147,email,positive,Environmental next later despite enough summer cup include fight million blue learn behind contain debate water.,2025-12-03T20:07:32.301932
4abe27e8-8549-44dd-8caf-55037bb6892b,ec4c79aa-3a36-4442-83bd-c6f5373a252b,c78e9bd7-0760-4595-a848-a494101a4147,meeting,negative,Employee one agent color institution spring line general most.,2026-02-05T14:22:08.606401
2ac98206-47ce-4dab-9137-2307df1b23be,ec4c79aa-3a36-4442-83bd-c6f5373a252b,c78e9bd7-0760-4595-a848-a494101a4147,demo,positive,Able himself require attention city father history.,2025-12-12T10:15:02.863697
e5de3f88-3fdb-4d23-b408-06fd6f81761f,ec4c79aa-3a36-4442-83bd-c6f5373a252b,c78e9bd7-0760-4595-a848-a494101a4147,follow_up,neutral,Their serve dark rich collection manage turn off space color.,2026-02-16T02:16:28.022031
f0251419-fd21-481e-9080-c3c5252149c2,ec4c79aa-3a36-4442-83bd-c6f5373a252b,c78e9bd7-0760-4595-a848-a494101a4147,demo,positive,Affect risk push big head market tough be final nice though several.,2026-03-26T12:23:36.775699
1418087d-9c0c-4a94-8835-0fa9b8fc0b0e,ee71ae52-6b63-429c-83ac-590a9e2ed2b1,4df4bb58-afd1-40e1-9459-9fd2f38c9cd8,call,neutral,Sit able why trip trade benefit action month want agree against month.,2026-02-25T12:28:22.394368
42b7bff8-22bb-4011-9901-cb1eef076a4a,ee71ae52-6b63-429c-83ac-590a9e2ed2b1,4df4bb58-afd1-40e1-9459-9fd2f38c9cd8,meeting,negative,A prove perhaps way meet senior various help expert small over forget.,2026-03-15T15:33:41.248261
7d360ce0-eb66-4877-8373-90f0877e3370,a5b0dc1f-444f-430d-bd6f-f6c0bb33bb5a,4df4bb58-afd1-40e1-9459-9fd2f38c9cd8,demo,no_response,Woman concern may country decade fast detail professional share general continue industry interesting star charge wait.,2026-06-23T22:14:09.169502
939366d5-e161-4657-8a31-e5b073e6d6f3,a5b0dc1f-444f-430d-bd6f-f6c0bb33bb5a,4df4bb58-afd1-40e1-9459-9fd2f38c9cd8,meeting,neutral,Live picture growth involve tonight institution performance involve over.,2026-06-16T18:11:57.026813
cbd056cc-5f47-4844-9e72-f57a86fb6f23,a5b0dc1f-444f-430d-bd6f-f6c0bb33bb5a,4df4bb58-afd1-40e1-9459-9fd2f38c9cd8,call,negative,Guy little candidate entire sign network admit hotel.,2026-01-08T17:13:06.451345
858d4a7e-769d-4e9b-95ca-6e627ea757ce,a5b0dc1f-444f-430d-bd6f-f6c0bb33bb5a,4df4bb58-afd1-40e1-9459-9fd2f38c9cd8,demo,negative,Sit center memory international open within human job describe.,2026-05-24T19:03:13.441103
2698146d-68a3-497e-b136-f21fb8c09aea,8a3572bd-f08f-4514-83d9-565ea8570b52,49ee0e04-55bc-4d24-89d5-288672473cb1,meeting,no_response,While operation PM course team magazine chance address month language decide audience.,2025-11-02T06:28:37.543631
7c02a1f5-58a6-487f-8410-4daf3a632576,8a3572bd-f08f-4514-83d9-565ea8570b52,49ee0e04-55bc-4d24-89d5-288672473cb1,follow_up,neutral,Sing both sell about general herself effort front training attention despite size generation help firm government.,2025-07-02T11:03:23.412558
32b90f40-397a-492b-b6fa-764e1ed069a5,8a3572bd-f08f-4514-83d9-565ea8570b52,49ee0e04-55bc-4d24-89d5-288672473cb1,demo,negative,Cut fight own west my growth increase rather care almost world reason firm.,2025-08-28T15:35:50.899831
64517644-3cbc-4857-82d7-ff9b509d2133,8a3572bd-f08f-4514-83d9-565ea8570b52,49ee0e04-55bc-4d24-89d5-288672473cb1,demo,neutral,Writer bag night official born would realize art.,2026-06-06T04:06:39.012419
ab1ebc96-5586-4b18-aeab-a5573d6a32d7,8a3572bd-f08f-4514-83d9-565ea8570b52,49ee0e04-55bc-4d24-89d5-288672473cb1,meeting,neutral,Social dark team central soldier he rock whole prove tree.,2025-12-30T21:04:12.921667
1b64b7ad-ec5f-4c98-82b3-18e5e2a2c95a,8a3572bd-f08f-4514-83d9-565ea8570b52,49ee0e04-55bc-4d24-89d5-288672473cb1,follow_up,positive,Why hand on practice cell avoid play eye foot have heart poor itself future.,2025-08-31T15:30:44.036096
eec75889-25c0-4cfe-908d-3898a7712012,8a3572bd-f08f-4514-83d9-565ea8570b52,49ee0e04-55bc-4d24-89d5-288672473cb1,demo,negative,Put head training easy plan purpose her hour offer dog so.,2025-12-09T05:31:17.877928
0ca53730-6657-47c9-bb56-c953971d44dc,4b26c4f4-0da7-46ca-b5f1-30a072a40c9d,40713600-da14-4eda-a084-05bb58930679,call,positive,Character people bar perhaps indicate feeling prevent single speak I yard Mrs.,2026-06-14T09:31:53.779490
82416433-f123-4559-81d4-9e51ff936e3f,4b26c4f4-0da7-46ca-b5f1-30a072a40c9d,40713600-da14-4eda-a084-05bb58930679,demo,positive,Miss something so sea manager best project east blue color in factor hair nothing.,2026-06-28T17:23:02.802193
44f78dd0-251b-4c0f-81b3-dae399a28a6e,4b26c4f4-0da7-46ca-b5f1-30a072a40c9d,40713600-da14-4eda-a084-05bb58930679,email,neutral,As become society time way painting live let any consumer from think.,2026-05-20T21:26:44.830078
16f86870-412f-4658-a1d7-24897b3b3844,4b26c4f4-0da7-46ca-b5f1-30a072a40c9d,40713600-da14-4eda-a084-05bb58930679,call,no_response,Area because with artist finally company us support.,2026-06-14T19:19:42.091019
8e8bac02-3ac3-48ec-8219-5e70698c2b27,4b26c4f4-0da7-46ca-b5f1-30a072a40c9d,40713600-da14-4eda-a084-05bb58930679,demo,positive,Than huge produce between role positive use remember win able throughout half animal policy effect.,2026-06-01T21:24:53.372871
8a800d50-ebe3-46b9-9e3c-e0ca6d451cae,4b26c4f4-0da7-46ca-b5f1-30a072a40c9d,40713600-da14-4eda-a084-05bb58930679,email,no_response,Statement little investment political teacher those participant time listen teacher rise research gas.,2026-05-23T13:43:51.786474
d0452e45-a00c-4f97-b55b-47224c1160d0,4b26c4f4-0da7-46ca-b5f1-30a072a40c9d,40713600-da14-4eda-a084-05bb58930679,meeting,positive,Source speech what cell boy international space work century me wife question strategy heavy.,2026-06-21T16:03:25.780559
aba6236b-cbcf-4953-8c95-5c6de646217d,535fe94d-49cc-49bf-a8c1-52efe0497be1,40713600-da14-4eda-a084-05bb58930679,call,negative,Perform to expect culture art positive produce concern.,2026-04-08T06:02:01.776179
e211f058-05aa-4796-b957-ce824200cb99,535fe94d-49cc-49bf-a8c1-52efe0497be1,40713600-da14-4eda-a084-05bb58930679,meeting,positive,Prove executive establish live beyond size southern.,2025-12-14T22:13:47.232325
00539ea8-c54a-4c4c-8c93-0da38a4cc302,535fe94d-49cc-49bf-a8c1-52efe0497be1,40713600-da14-4eda-a084-05bb58930679,email,positive,Mother west once product must wide yeah industry tax account enjoy reality project.,2025-09-27T17:04:02.787150
ae8ac294-fdda-47d3-9aae-a4bf21227885,535fe94d-49cc-49bf-a8c1-52efe0497be1,40713600-da14-4eda-a084-05bb58930679,meeting,negative,Daughter line customer wall floor least protect threat work exactly because hard environment him say.,2026-01-15T00:57:58.795802
991d2db5-72fa-404a-ac64-6e13fb95fa19,eeae862f-4839-4d21-8284-8861e6dec416,49ee0e04-55bc-4d24-89d5-288672473cb1,email,positive,Live national color impact hospital interest machine line away candidate fill.,2026-05-21T06:29:55.096657
39c08f6c-bc22-485b-9ac7-6089aca6d3b0,eeae862f-4839-4d21-8284-8861e6dec416,49ee0e04-55bc-4d24-89d5-288672473cb1,call,neutral,Mrs try southern woman back ground free begin executive for yourself total usually movie.,2026-05-11T20:01:18.358970
dfc432f9-df82-433c-b506-c704c9f5b994,eeae862f-4839-4d21-8284-8861e6dec416,49ee0e04-55bc-4d24-89d5-288672473cb1,call,positive,National wait let one continue foreign remain participant unit.,2026-06-17T10:08:36.891691
64b51876-bec2-4ef8-83b3-18c1b2e01bbe,eeae862f-4839-4d21-8284-8861e6dec416,49ee0e04-55bc-4d24-89d5-288672473cb1,call,positive,Cause across edge and security stock travel fall Mrs choose will know.,2026-05-07T01:05:08.326235
bf27b195-b3b1-4428-8459-2cac35610bcd,eeae862f-4839-4d21-8284-8861e6dec416,49ee0e04-55bc-4d24-89d5-288672473cb1,email,neutral,Doctor expert specific usually skill wide study.,2026-06-16T10:57:14.574790
c757a2bb-ba18-4e52-ac1d-dca8eeab7ea1,eeae862f-4839-4d21-8284-8861e6dec416,49ee0e04-55bc-4d24-89d5-288672473cb1,demo,positive,Activity see style history suddenly civil way reduce involve man let current speech entire.,2026-05-21T06:57:23.330570
4bc1206f-c956-47cb-b7f3-355f6c431437,eeae862f-4839-4d21-8284-8861e6dec416,49ee0e04-55bc-4d24-89d5-288672473cb1,meeting,negative,Fine current nature rather anything second operation.,2026-05-20T04:52:49.668139
7c5e4f19-788a-4045-a0ff-778f62be6bb5,eeae862f-4839-4d21-8284-8861e6dec416,49ee0e04-55bc-4d24-89d5-288672473cb1,demo,neutral,Score however debate thing newspaper too she city information admit TV education.,2026-06-04T03:26:46.725947
46619de8-ee10-4022-8dcd-edb8292a4c76,eeae862f-4839-4d21-8284-8861e6dec416,49ee0e04-55bc-4d24-89d5-288672473cb1,demo,positive,Mission power participant office second raise near add woman heart whose great doctor try both.,2026-05-16T00:16:13.120485
b155e3c5-619a-41db-afb7-a5e460d9587d,eeae862f-4839-4d21-8284-8861e6dec416,49ee0e04-55bc-4d24-89d5-288672473cb1,demo,positive,Scene away season machine learn spend care both own affect himself plant particular mother cost successful.,2026-07-01T00:35:10.755358
cb90a160-e235-4316-8042-450d08b26783,a96e428a-1cec-4efd-8a50-59b23176fbb0,db5de4a8-68d7-40ac-931b-56ee0158fb6e,call,neutral,Thus trip enjoy community similar citizen choose.,2026-04-12T10:03:20.748263
f282add3-cbc2-43ee-92b1-1be3c2749e80,a96e428a-1cec-4efd-8a50-59b23176fbb0,db5de4a8-68d7-40ac-931b-56ee0158fb6e,meeting,positive,Soldier school eye order list analysis field forget threat boy name.,2025-10-09T18:19:08.749124
496f00fc-d981-46b5-9d06-9b4e7076b41d,ef9af8c2-78d2-47ce-8ca9-0815596db040,4df4bb58-afd1-40e1-9459-9fd2f38c9cd8,email,positive,Instead ability including it human they management population size bed sell size include bring about respond.,2026-03-22T23:27:31.102054
8c678b74-bd1c-40ec-bf24-70e2a3fd230e,ef9af8c2-78d2-47ce-8ca9-0815596db040,4df4bb58-afd1-40e1-9459-9fd2f38c9cd8,follow_up,positive,Simple owner cost best loss suffer close today either cultural attack who cause pull position.,2026-06-10T05:06:39.627932
c85cbb21-b6d8-44b1-a034-edbfc3b4fd84,ef9af8c2-78d2-47ce-8ca9-0815596db040,4df4bb58-afd1-40e1-9459-9fd2f38c9cd8,email,neutral,Both organization day result movie care whom.,2026-05-23T08:09:29.735065
0a569942-fce6-486d-a993-998c48345d3a,4756ec7d-a82b-4e16-9f3c-0972065eaaef,4df4bb58-afd1-40e1-9459-9fd2f38c9cd8,email,negative,Physical finish another charge tend black always major feel physical key interest situation however difference do.,2025-06-15T10:35:41.123813
cf47def8-005f-49b6-810e-a047e3a2a43a,4756ec7d-a82b-4e16-9f3c-0972065eaaef,4df4bb58-afd1-40e1-9459-9fd2f38c9cd8,email,no_response,Approach dream federal any young suffer across center article hundred particularly too wide throughout cover.,2025-08-01T14:26:49.910742
f58c9d16-18df-4a0a-95ee-e5f27041d513,4756ec7d-a82b-4e16-9f3c-0972065eaaef,4df4bb58-afd1-40e1-9459-9fd2f38c9cd8,follow_up,negative,Picture use car hair party final could before enough policy opportunity term.,2025-08-10T17:42:19.392229
510a9814-34d6-4b6a-8b75-e89cca26819c,4756ec7d-a82b-4e16-9f3c-0972065eaaef,4df4bb58-afd1-40e1-9459-9fd2f38c9cd8,email,positive,Man point citizen get election letter particularly south environment necessary table trouble voice everybody.,2025-03-31T01:40:20.367625
dbc2ef59-134a-4327-9c9a-0015d94bfec5,4756ec7d-a82b-4e16-9f3c-0972065eaaef,4df4bb58-afd1-40e1-9459-9fd2f38c9cd8,call,positive,Let begin power perhaps deep charge step style go.,2025-08-21T05:38:28.610318
79c039f9-4381-4930-9ac2-2b93eaefffbd,4756ec7d-a82b-4e16-9f3c-0972065eaaef,4df4bb58-afd1-40e1-9459-9fd2f38c9cd8,call,neutral,General skill center full tell lot each church available sea friend shake local example care.,2026-04-03T19:58:08.300341
04c5cbc0-91d4-447c-b46e-6770d84de3a9,4756ec7d-a82b-4e16-9f3c-0972065eaaef,4df4bb58-afd1-40e1-9459-9fd2f38c9cd8,demo,neutral,War develop think music TV phone community forward live.,2025-12-28T19:15:13.999902
ce18fb97-43ee-4ce8-b272-0432f5dfceaf,23b33767-8cbd-403f-964a-a1fce59e5add,40713600-da14-4eda-a084-05bb58930679,meeting,no_response,Everyone quickly positive almost support you support design cup find risk he mission.,2026-02-25T09:11:24.099206
21ebd53a-7497-4757-a457-45afb0087fe2,23b33767-8cbd-403f-964a-a1fce59e5add,40713600-da14-4eda-a084-05bb58930679,email,neutral,Claim message follow analysis former together agreement back tonight nothing conference inside marriage.,2026-01-01T10:16:04.346643
29688152-f29a-4c25-9e1b-23c133970159,23b33767-8cbd-403f-964a-a1fce59e5add,40713600-da14-4eda-a084-05bb58930679,call,neutral,Voice light nation century plan question low.,2026-02-13T15:01:07.797466
73bb31bf-a4a6-4410-87bb-cb1d31dbec8f,23b33767-8cbd-403f-964a-a1fce59e5add,40713600-da14-4eda-a084-05bb58930679,follow_up,negative,Realize police market follow industry another successful large sure in.,2025-12-24T07:06:47.385578
e50f0ad2-bb36-46fe-9b4b-f212e8abdc38,e238da65-d34a-4756-8c6c-bdbe4f93475a,40713600-da14-4eda-a084-05bb58930679,meeting,negative,Value team environment seem player dark future ahead want hair include American once social.,2025-07-18T14:44:41.578268
cabafff5-fd22-42d3-b59c-a01a7d76cac1,e238da65-d34a-4756-8c6c-bdbe4f93475a,40713600-da14-4eda-a084-05bb58930679,call,negative,Training plan law present can however in rest.,2025-03-19T00:59:41.923636
b74e1f3b-b4b8-480c-8b68-d0ea540e3461,e238da65-d34a-4756-8c6c-bdbe4f93475a,40713600-da14-4eda-a084-05bb58930679,meeting,positive,Friend claim glass main very expect professor real law least thought happen value.,2025-08-17T07:11:47.589575
316c2027-b594-448b-a7f3-e1f4d6eaf06e,e238da65-d34a-4756-8c6c-bdbe4f93475a,40713600-da14-4eda-a084-05bb58930679,follow_up,neutral,Special reality and half success and center.,2026-04-16T06:01:14.729963
cbb93cb5-b05a-4162-ad60-6f3b24a52883,e238da65-d34a-4756-8c6c-bdbe4f93475a,40713600-da14-4eda-a084-05bb58930679,demo,neutral,Standard tonight admit and range trade now.,2025-08-30T09:27:08.718681
9418daad-19ed-4509-bfb7-d8c31e20ae40,e238da65-d34a-4756-8c6c-bdbe4f93475a,40713600-da14-4eda-a084-05bb58930679,call,negative,I standard cover build color agency available human.,2025-10-17T23:32:35.093252
b74135bc-7bd3-44a1-afd1-1ae468333521,1c789f64-efeb-4532-8aa4-493f1c5cd6a0,11c59b73-1c6f-4521-8df0-fa6552bd4feb,demo,neutral,Describe generation power official kitchen matter less still maintain another quite employee real.,2026-06-06T16:17:25.428911
55f82f3e-3f07-4e74-a2c1-81d55e8036fa,1c789f64-efeb-4532-8aa4-493f1c5cd6a0,11c59b73-1c6f-4521-8df0-fa6552bd4feb,email,neutral,Nearly source agency late long partner audience with center analysis.,2026-06-03T08:24:03.719990
34a50815-9014-412c-a7a8-f5374f3a613e,1c789f64-efeb-4532-8aa4-493f1c5cd6a0,11c59b73-1c6f-4521-8df0-fa6552bd4feb,follow_up,positive,Long purpose push suggest himself no cost for state.,2026-05-30T00:31:03.618524
a19d42da-32b6-49b4-8a90-5a17e5ebf0a7,a8cf6f56-593e-43e2-9e0e-ed94c8a8a7e1,d6c5c187-0f44-4678-8f06-e8c1b894687b,meeting,negative,Determine film her window question make across choice brother strategy together but.,2026-05-26T17:07:34.938692
5d4b9b6f-408a-4739-ad78-7d6992ecee55,a8cf6f56-593e-43e2-9e0e-ed94c8a8a7e1,d6c5c187-0f44-4678-8f06-e8c1b894687b,email,positive,Recent look end term open a sell sell about stage stock note tend radio.,2026-04-30T08:40:13.519792
64fda6e2-f069-408a-9ad7-49f4bbc16995,a8cf6f56-593e-43e2-9e0e-ed94c8a8a7e1,d6c5c187-0f44-4678-8f06-e8c1b894687b,follow_up,positive,Wall hospital responsibility Mrs door little address town understand.,2026-04-28T14:51:54.290781
44bb6a27-80ef-4a3d-ade5-9ded7217e317,a8cf6f56-593e-43e2-9e0e-ed94c8a8a7e1,d6c5c187-0f44-4678-8f06-e8c1b894687b,follow_up,neutral,Difference office main job indeed defense wind their second west.,2026-05-15T21:14:05.829713
aa7f7e29-24fa-4ec1-b783-13e76c714891,58e13f73-51cb-4c89-94a6-c573b77a230f,23971210-c45e-4043-886c-f69c92eedf22,call,positive,What behavior campaign song near beautiful raise international camera address.,2025-09-01T18:53:46.537067
550b5b8a-5a73-48db-8569-28e32174d500,58e13f73-51cb-4c89-94a6-c573b77a230f,23971210-c45e-4043-886c-f69c92eedf22,call,positive,Fly reason image nature first decade represent author.,2025-08-19T05:06:20.225442
2e73344e-99f2-4a4c-8e9a-68a0016a962a,58e13f73-51cb-4c89-94a6-c573b77a230f,23971210-c45e-4043-886c-f69c92eedf22,email,positive,Receive according wish official example see thing.,2025-08-08T14:23:46.900002
58898688-fd46-4983-8988-72a1b84aa567,58e13f73-51cb-4c89-94a6-c573b77a230f,23971210-c45e-4043-886c-f69c92eedf22,call,no_response,Suffer once hit no success likely suffer sport on range white once.,2025-12-03T13:02:33.450238
33cc0172-9ee2-4afa-9eb2-fa84b0b477c9,58e13f73-51cb-4c89-94a6-c573b77a230f,23971210-c45e-4043-886c-f69c92eedf22,demo,neutral,Condition then on if occur always for food specific south fine lead.,2026-06-16T04:14:48.913129
556a3ed5-1d3c-493b-bce7-b5315dcb1250,05af31af-cbd2-4358-a232-246b6ae8b815,40713600-da14-4eda-a084-05bb58930679,follow_up,negative,Individual that attack should wonder best north important source before artist themselves.,2026-06-20T14:02:14.350645
75451a1c-a1a9-4350-9efc-e22468df5299,05af31af-cbd2-4358-a232-246b6ae8b815,40713600-da14-4eda-a084-05bb58930679,demo,negative,Collection picture friend learn entire forget raise example.,2026-04-12T14:21:02.270814
1288bb20-3ede-4364-ba7e-84d4ef0f4265,05af31af-cbd2-4358-a232-246b6ae8b815,40713600-da14-4eda-a084-05bb58930679,call,negative,Enough moment black analysis represent investment ahead shoulder question hundred.,2025-11-15T09:09:56.387178
18d56a7c-1511-450f-a80e-386747310080,05af31af-cbd2-4358-a232-246b6ae8b815,40713600-da14-4eda-a084-05bb58930679,follow_up,negative,Father fight suddenly will whom year mouth million control agent.,2025-04-24T02:41:44.157253
f5df51ca-35e3-43c5-b8d8-402c69a776e7,05af31af-cbd2-4358-a232-246b6ae8b815,40713600-da14-4eda-a084-05bb58930679,meeting,positive,Include improve ago seat defense during network part less traditional line table especially account.,2025-05-09T04:12:35.381680
46480c2f-172c-4109-97e1-1cbf6c71137a,05af31af-cbd2-4358-a232-246b6ae8b815,40713600-da14-4eda-a084-05bb58930679,call,neutral,Understand still service entire yourself type party buy city make detail speech in.,2025-07-09T09:06:20.512894
8a2e77ec-0c76-414e-b13c-5809a17fbb5d,05af31af-cbd2-4358-a232-246b6ae8b815,40713600-da14-4eda-a084-05bb58930679,email,no_response,Responsibility consider offer message sister without movie student.,2025-10-24T08:47:34.572778
fe8e4770-5d69-4b83-9506-b5e7fb9a98ab,2faf9fe5-02e1-49ab-bc5e-5af107969c02,23971210-c45e-4043-886c-f69c92eedf22,follow_up,neutral,Model once every population music ahead economy purpose.,2026-02-15T22:46:27.857074
2492ce90-66af-41ea-973d-08dcaca894e0,2faf9fe5-02e1-49ab-bc5e-5af107969c02,23971210-c45e-4043-886c-f69c92eedf22,follow_up,negative,Hotel policy establish at student later how guy author.,2026-02-09T14:09:56.566149
5ca07cdd-f76b-4d5e-abc0-daa478141802,2faf9fe5-02e1-49ab-bc5e-5af107969c02,23971210-c45e-4043-886c-f69c92eedf22,call,neutral,Statement never military film artist we mean hundred will worry song provide whose another democratic.,2026-02-06T04:43:40.535943
6179f89b-872e-42cd-9bec-a29daf83aace,ee08e0d6-b8ee-4eea-94c7-7a7cdf5e7474,11c59b73-1c6f-4521-8df0-fa6552bd4feb,email,positive,Economic we decide commercial nor authority hear individual buy camera against be little address recently door.,2025-06-24T08:07:50.968986
9c8de36e-491b-4083-901a-5e959d7e9aeb,ee08e0d6-b8ee-4eea-94c7-7a7cdf5e7474,11c59b73-1c6f-4521-8df0-fa6552bd4feb,call,no_response,Since yes only near order that similar your respond as along which structure onto treatment.,2026-04-09T05:31:37.615970
03927ee1-292d-4855-946b-f1d7bf1a9f43,ee08e0d6-b8ee-4eea-94c7-7a7cdf5e7474,11c59b73-1c6f-4521-8df0-fa6552bd4feb,call,neutral,Turn fire him girl firm what indeed return style foot too.,2025-03-22T09:34:28.056854
5b2f672f-f83f-4bc8-81a6-d79735b6d81c,ee08e0d6-b8ee-4eea-94c7-7a7cdf5e7474,11c59b73-1c6f-4521-8df0-fa6552bd4feb,follow_up,positive,Office leg bad summer agent here even such until note best thing address reality no each.,2025-03-13T09:34:16.378983
1375f0bc-3162-4649-9e00-982a1f55513c,ee08e0d6-b8ee-4eea-94c7-7a7cdf5e7474,11c59b73-1c6f-4521-8df0-fa6552bd4feb,email,positive,International high heavy maybe sister expect be look anyone central.,2025-06-23T18:53:40.155624
3106f55c-5f5e-46f6-a003-4d1a761998e5,18d5dd0f-44f1-4784-9ef5-9b4d7e44acae,d6c5c187-0f44-4678-8f06-e8c1b894687b,email,negative,Ask possible bag commercial arrive boy yeah show song might since cause.,2026-01-11T16:12:06.618515
7e1011f4-0290-497e-89c2-e7ed1e73dde9,18d5dd0f-44f1-4784-9ef5-9b4d7e44acae,d6c5c187-0f44-4678-8f06-e8c1b894687b,email,neutral,War hope firm hair activity want per.,2025-12-17T03:02:19.837716
d6cf83e6-08c8-4ee4-a3f2-e59181c198ef,18d5dd0f-44f1-4784-9ef5-9b4d7e44acae,d6c5c187-0f44-4678-8f06-e8c1b894687b,meeting,neutral,Business church it interesting tree society realize former agency view provide like late always already.,2026-02-08T19:00:37.029873
5f8d74d7-0972-4814-a5ed-02f5fc781458,18d5dd0f-44f1-4784-9ef5-9b4d7e44acae,d6c5c187-0f44-4678-8f06-e8c1b894687b,meeting,positive,Identify human owner only article market statement husband piece age major join mean source order.,2026-01-13T08:08:06.521671
b3b51a27-a425-46ff-8fdf-9dd8e7e832e6,18d5dd0f-44f1-4784-9ef5-9b4d7e44acae,d6c5c187-0f44-4678-8f06-e8c1b894687b,email,negative,Future once law city culture yes crime evening health son available area so player.,2026-01-08T13:10:48.841476
c32908d3-c8b4-47f0-9569-b642bb6c052e,18d5dd0f-44f1-4784-9ef5-9b4d7e44acae,d6c5c187-0f44-4678-8f06-e8c1b894687b,meeting,negative,Where bill Mr window item resource recent rule memory style.,2026-04-06T14:17:11.964154
e27cc846-59d1-4555-a24c-0396aaa7293a,18d5dd0f-44f1-4784-9ef5-9b4d7e44acae,d6c5c187-0f44-4678-8f06-e8c1b894687b,call,negative,Night catch instead home particular defense wide every relationship heart hour into appear.,2026-01-23T04:23:36.129493
45871e01-cd47-4cbe-83e1-2b6241b47f57,df742c1f-e7c4-4079-bcc9-0590bea93132,4df4bb58-afd1-40e1-9459-9fd2f38c9cd8,meeting,negative,Dream window expect her parent serve game difficult trouble address use mention heavy size military.,2026-03-07T02:53:00.245486
c2aaaee9-5991-4682-a067-08b979ccb144,df742c1f-e7c4-4079-bcc9-0590bea93132,4df4bb58-afd1-40e1-9459-9fd2f38c9cd8,meeting,neutral,Total democratic soon likely development smile young you.,2025-12-04T19:41:57.699304
eb52b823-60a6-4d55-b212-fe891028ad4f,938f41bf-41f5-471a-9330-1df777a4bc74,a41c24be-a766-481d-958b-f5f7864ccaa1,follow_up,negative,Your add argue sort whom cold teach return response situation lose game with wrong available.,2026-05-03T22:19:52.195445
d362e8a7-4740-49d1-ae5b-fa5c4cab377a,938f41bf-41f5-471a-9330-1df777a4bc74,a41c24be-a766-481d-958b-f5f7864ccaa1,demo,neutral,Around friend agency talk world share year provide.,2026-05-09T04:18:50.507877
a4e64e51-3496-479f-869a-0aef46647390,938f41bf-41f5-471a-9330-1df777a4bc74,a41c24be-a766-481d-958b-f5f7864ccaa1,meeting,positive,Voice argue sometimes station area able doctor.,2026-04-12T01:41:20.826397
dc4c1242-5e12-41b0-b975-8c4198184238,938f41bf-41f5-471a-9330-1df777a4bc74,a41c24be-a766-481d-958b-f5f7864ccaa1,follow_up,positive,Most over carry relationship figure cultural when true citizen.,2026-05-23T21:25:25.793921
20ac5531-e8b8-48b1-97ea-eb78fa0e7021,85c7bbf8-eeab-49db-98ce-8724c50bada2,11c59b73-1c6f-4521-8df0-fa6552bd4feb,meeting,negative,Seat treat a dream left feeling theory offer later man hair protect rest.,2025-10-01T22:55:11.669474
16fdcfc8-05cb-4524-a4e9-d80fd3873070,85c7bbf8-eeab-49db-98ce-8724c50bada2,11c59b73-1c6f-4521-8df0-fa6552bd4feb,follow_up,negative,Government including ahead kind whose bad reality indicate picture here provide thousand large course really.,2025-12-03T09:00:06.071470
165ebdcc-89a3-469b-9399-11cc9caff65a,85c7bbf8-eeab-49db-98ce-8724c50bada2,11c59b73-1c6f-4521-8df0-fa6552bd4feb,call,positive,Resource newspaper candidate operation hour cell think table something season.,2026-03-30T00:35:19.947660
c514f82d-26d3-436f-b84c-b09e6e0f7aba,537ac80e-c174-4de6-8065-354828c4d7ea,7c28f429-6319-4ce8-b38a-5d0b486b407b,call,positive,Assume may citizen job I five among away part bit sound meet.,2025-08-04T13:53:16.402615
9bca56aa-42df-4bad-a50c-4b24ef188113,537ac80e-c174-4de6-8065-354828c4d7ea,7c28f429-6319-4ce8-b38a-5d0b486b407b,call,positive,Low place avoid special message rest although man price among course three.,2025-11-14T23:34:00.041356
f9603932-fc87-4f91-af8f-d7480cae149e,537ac80e-c174-4de6-8065-354828c4d7ea,7c28f429-6319-4ce8-b38a-5d0b486b407b,demo,neutral,Kitchen able authority six rule fire improve fish note sport light suffer third value step.,2025-08-14T14:20:40.899763
d53545c0-6fbb-4ef1-8537-bf0db75abc84,537ac80e-c174-4de6-8065-354828c4d7ea,7c28f429-6319-4ce8-b38a-5d0b486b407b,email,positive,Their around money along those member father firm difference entire evening.,2025-08-15T13:13:26.014054
b3a6ebce-a3e1-4ceb-803b-d166c4138cfa,537ac80e-c174-4de6-8065-354828c4d7ea,7c28f429-6319-4ce8-b38a-5d0b486b407b,call,neutral,Husband even ever baby would stuff turn blue main four professional performance day gas.,2026-04-19T11:09:47.637137
f37d216b-3eab-4563-ae9b-7fa6d1d8a7fa,537ac80e-c174-4de6-8065-354828c4d7ea,7c28f429-6319-4ce8-b38a-5d0b486b407b,demo,positive,Big sea great country rather teacher outside people music bill.,2026-03-22T13:34:54.486763
50bdd220-f52d-4f69-98eb-a522ad4a2e26,bb1834fe-b241-4e74-b5e9-d3c6d7c624f6,40713600-da14-4eda-a084-05bb58930679,demo,negative,American whose along change become travel health southern.,2026-06-15T17:50:16.840437
a27fc07a-5a3f-49ea-9b2a-023ecfefa160,bb1834fe-b241-4e74-b5e9-d3c6d7c624f6,40713600-da14-4eda-a084-05bb58930679,meeting,positive,Apply fire degree television drug development Mrs poor land.,2026-06-29T19:20:33.351345
204659b7-fa8b-4ee4-82e4-6595442bb924,bb1834fe-b241-4e74-b5e9-d3c6d7c624f6,40713600-da14-4eda-a084-05bb58930679,call,neutral,It fly about note trade us piece need leader long room partner contain success performance professor.,2026-06-25T06:28:52.131658
2a20b8de-f1c4-44f5-882e-fae3edeab805,bb1834fe-b241-4e74-b5e9-d3c6d7c624f6,40713600-da14-4eda-a084-05bb58930679,call,neutral,Summer you address source four thus present tough pressure.,2026-06-21T07:53:24.987322
62d7caac-7765-4b4a-92a7-764f6c35ef38,bb1834fe-b241-4e74-b5e9-d3c6d7c624f6,40713600-da14-4eda-a084-05bb58930679,call,positive,History summer half owner type somebody cold under without degree.,2026-06-16T00:41:15.671116
4d8ff02e-0ffa-4a46-9890-4465fe23d0a5,234200ab-216b-4cab-81e6-cc76a987db5f,a41c24be-a766-481d-958b-f5f7864ccaa1,follow_up,no_response,Fish ask difference score want allow defense new push painting school perform.,2026-02-13T09:59:33.155507
daed39a6-27e3-4706-b1cb-e9b9f3b81b97,234200ab-216b-4cab-81e6-cc76a987db5f,a41c24be-a766-481d-958b-f5f7864ccaa1,demo,positive,Dark cup take family employee after statement ok scene she theory practice billion in.,2025-06-19T07:43:38.471683
403fddb4-d09c-43eb-958b-4c4da7aa7fef,234200ab-216b-4cab-81e6-cc76a987db5f,a41c24be-a766-481d-958b-f5f7864ccaa1,demo,negative,Talk above feeling room open admit group science wife whole theory fact.,2026-01-15T01:36:42.466041
fc685c9c-74e6-44a3-abe4-0f12b014e059,234200ab-216b-4cab-81e6-cc76a987db5f,a41c24be-a766-481d-958b-f5f7864ccaa1,meeting,positive,Reality look tend morning near yard modern painting.,2026-05-23T21:26:59.665366
2bf42c0d-90a9-41c0-bb70-f551ce2d91bf,234200ab-216b-4cab-81e6-cc76a987db5f,a41c24be-a766-481d-958b-f5f7864ccaa1,follow_up,positive,Culture owner heavy this radio walk notice during open kid discussion need risk reality.,2025-09-17T03:36:59.752807
357f4c1d-d5cd-46aa-8528-b791f59b5d17,234200ab-216b-4cab-81e6-cc76a987db5f,a41c24be-a766-481d-958b-f5f7864ccaa1,meeting,positive,Paper unit according off hundred notice will tell.,2025-11-19T18:34:27.761883
451d7d39-d0c9-4359-9dfe-4bfe829360d0,234200ab-216b-4cab-81e6-cc76a987db5f,a41c24be-a766-481d-958b-f5f7864ccaa1,follow_up,neutral,Yes color structure enough new price raise much chair movie seat again our.,2026-04-29T05:37:50.097651
7496d084-1a69-4f59-879d-dc0753f29fd5,234200ab-216b-4cab-81e6-cc76a987db5f,a41c24be-a766-481d-958b-f5f7864ccaa1,follow_up,positive,Quickly door fact health fear part economy very despite stand.,2025-07-29T17:37:13.691530
e0b69fe2-36f8-434b-8a2e-9c70cc14eaf7,234200ab-216b-4cab-81e6-cc76a987db5f,a41c24be-a766-481d-958b-f5f7864ccaa1,meeting,neutral,Work say well finally nice account about move least condition heavy value establish huge trouble.,2025-06-02T15:13:24.573458
0e81a579-4aef-4269-ac1c-c803fcb5091a,234200ab-216b-4cab-81e6-cc76a987db5f,a41c24be-a766-481d-958b-f5f7864ccaa1,demo,no_response,Generation inside woman data change allow house level those.,2026-04-08T00:48:29.677813
b29f56bd-111d-472d-8422-ede83584bd9f,ee6feae1-f067-4c10-a473-6f7eaff9b8b8,4df4bb58-afd1-40e1-9459-9fd2f38c9cd8,email,neutral,Himself media weight help sing indicate see north focus social gas next wife in.,2026-05-13T12:59:42.608795
ca50643e-7357-4c1c-9c78-32513369251e,ee6feae1-f067-4c10-a473-6f7eaff9b8b8,4df4bb58-afd1-40e1-9459-9fd2f38c9cd8,follow_up,neutral,National ask program dinner film need poor economic form computer soon space.,2025-12-22T18:34:14.550351
82d0a7bd-3b7e-451e-bdb8-cea5d1b966c4,ee6feae1-f067-4c10-a473-6f7eaff9b8b8,4df4bb58-afd1-40e1-9459-9fd2f38c9cd8,email,positive,We discover they letter resource change alone child public best.,2025-09-03T03:43:12.724616
03d3df5e-1827-40c0-b410-cf288951f412,ee6feae1-f067-4c10-a473-6f7eaff9b8b8,4df4bb58-afd1-40e1-9459-9fd2f38c9cd8,demo,positive,Same real likely gas environment change knowledge ten.,2026-03-07T10:42:07.090230
a998fd46-66d3-4af7-b057-0ac45eb0a789,ee6feae1-f067-4c10-a473-6f7eaff9b8b8,4df4bb58-afd1-40e1-9459-9fd2f38c9cd8,follow_up,positive,Green politics first trip about organization see he.,2026-01-16T05:40:55.475397
c84be517-f683-432f-9f85-32554bcc0b39,ee6feae1-f067-4c10-a473-6f7eaff9b8b8,4df4bb58-afd1-40e1-9459-9fd2f38c9cd8,call,no_response,Class election never bring oil result economic before want.,2026-01-21T18:55:02.763852
90397cd1-e2b5-4855-b457-df04fb5b9073,ee6feae1-f067-4c10-a473-6f7eaff9b8b8,4df4bb58-afd1-40e1-9459-9fd2f38c9cd8,call,neutral,So however whose radio blue step realize pretty government speech.,2026-03-24T02:04:48.417775
bc5d5175-5130-450c-a193-41a62cfff37e,ee6feae1-f067-4c10-a473-6f7eaff9b8b8,4df4bb58-afd1-40e1-9459-9fd2f38c9cd8,demo,negative,Travel amount she north next social professional offer.,2026-06-15T08:29:26.681756
238d5591-38ad-473f-977a-65c8896e3707,ee6feae1-f067-4c10-a473-6f7eaff9b8b8,4df4bb58-afd1-40e1-9459-9fd2f38c9cd8,meeting,positive,Relate ahead policy magazine usually performance someone project current weight final eat always.,2025-07-09T13:43:51.419303
9af9a721-e6c7-42ce-ab68-f70a4b46619d,ee6feae1-f067-4c10-a473-6f7eaff9b8b8,4df4bb58-afd1-40e1-9459-9fd2f38c9cd8,follow_up,no_response,Matter situation capital need customer land term partner kitchen dog student fall store teach city suggest.,2025-12-28T16:46:13.985931
6bcab710-e761-46cc-a5ea-82169c21918f,387d5b7c-40b0-4c07-a3fd-da5355b61bd4,40713600-da14-4eda-a084-05bb58930679,demo,no_response,Garden partner since machine tree hospital less meeting official and ten sometimes movement actually.,2026-02-14T20:47:30.800282
98767cf5-5d16-4899-8c6c-5fdcbd15f249,387d5b7c-40b0-4c07-a3fd-da5355b61bd4,40713600-da14-4eda-a084-05bb58930679,email,no_response,Follow product southern family piece few east often relationship off peace leave out piece.,2026-05-22T14:07:56.992658
daa615c9-1df3-4bb6-86e0-1fcbee9f89b6,387d5b7c-40b0-4c07-a3fd-da5355b61bd4,40713600-da14-4eda-a084-05bb58930679,call,positive,Thus against imagine offer discuss forget measure.,2025-12-30T16:59:07.212391
29b46d68-0a9f-4af9-a7ea-843834323615,387d5b7c-40b0-4c07-a3fd-da5355b61bd4,40713600-da14-4eda-a084-05bb58930679,email,no_response,Third low forward travel hit friend American until with case similar that think eye whose.,2026-06-02T09:18:13.526061
9ba4d10b-acc7-4bbc-92b0-ffef77d20d61,eeb65a1b-2ec5-4537-9033-ee2b94815ff6,40713600-da14-4eda-a084-05bb58930679,demo,negative,Whole play board a information heart machine or side.,2026-04-16T05:33:36.362221
f3a862b8-a6f9-42a3-a103-3498eaa0870e,eeb65a1b-2ec5-4537-9033-ee2b94815ff6,40713600-da14-4eda-a084-05bb58930679,meeting,neutral,Because it down health determine that individual over.,2026-05-16T13:21:55.417809
3787e678-d30a-42e8-b5ca-31a8613efa73,eeb65a1b-2ec5-4537-9033-ee2b94815ff6,40713600-da14-4eda-a084-05bb58930679,call,neutral,Approach tree remain catch create office despite skin.,2026-02-17T07:17:02.862137
47db6f6b-c28c-4633-9cf6-4ac7eef310eb,eeb65a1b-2ec5-4537-9033-ee2b94815ff6,40713600-da14-4eda-a084-05bb58930679,follow_up,positive,Energy leader agree skill wide economic two take type catch action try commercial character.,2026-06-05T02:47:23.319461
19c67d15-6097-4628-9e89-1a58dd71ef6d,eeb65a1b-2ec5-4537-9033-ee2b94815ff6,40713600-da14-4eda-a084-05bb58930679,demo,positive,But mention on community challenge be medical control herself theory light.,2026-03-16T00:46:04.717829
6c9ac239-e1e0-4016-b06c-f7f4744c6367,eeb65a1b-2ec5-4537-9033-ee2b94815ff6,40713600-da14-4eda-a084-05bb58930679,follow_up,positive,Bill thought fact control tough set edge anything executive.,2026-05-28T05:14:55.155126
05e97747-9a28-45f3-b06a-e4ae85c7cb25,71782273-9dff-4ad8-bcf2-abd1a35516f2,11c59b73-1c6f-4521-8df0-fa6552bd4feb,email,positive,Indicate nice give make tree cover detail nice suffer might politics.,2026-06-13T17:26:05.409878
56fcce42-c57b-4337-9fda-854686ec0e80,71782273-9dff-4ad8-bcf2-abd1a35516f2,11c59b73-1c6f-4521-8df0-fa6552bd4feb,meeting,no_response,Reveal soldier center benefit alone available important simply each quite court gas necessary society contain.,2026-06-01T10:50:34.626233
c5b1a9f5-95a4-41d6-8284-2154e17473db,71782273-9dff-4ad8-bcf2-abd1a35516f2,11c59b73-1c6f-4521-8df0-fa6552bd4feb,demo,negative,Seem like enjoy project election site lay seem happen drug believe once interview.,2026-06-26T13:58:49.102468
cd0d93d6-07e7-4112-b52c-c54bd6adb7f8,71782273-9dff-4ad8-bcf2-abd1a35516f2,11c59b73-1c6f-4521-8df0-fa6552bd4feb,meeting,neutral,Agency wonder response still left arrive miss.,2026-06-04T05:51:23.697505
3c60079a-4e2e-41c8-b430-67788ee0ff7e,71782273-9dff-4ad8-bcf2-abd1a35516f2,11c59b73-1c6f-4521-8df0-fa6552bd4feb,meeting,positive,Avoid start seven easy really street present.,2026-05-02T12:26:03.576030
ff4fe562-b1c4-4409-9527-f6e5fd5403ce,71782273-9dff-4ad8-bcf2-abd1a35516f2,11c59b73-1c6f-4521-8df0-fa6552bd4feb,email,positive,Under fire sign land raise provide pressure figure their lay operation.,2026-05-22T17:58:27.156981
97453392-d284-4a62-bc01-fae527a06b0d,71782273-9dff-4ad8-bcf2-abd1a35516f2,11c59b73-1c6f-4521-8df0-fa6552bd4feb,follow_up,positive,What recognize discussion instead analysis once minute toward upon coach might hear.,2026-04-13T12:24:17.089047
1f4eef23-333d-42f7-b544-0d746a249918,1e155740-4383-41dd-bd60-a1c6be592efd,49ee0e04-55bc-4d24-89d5-288672473cb1,email,neutral,Training watch piece could play production discuss player bed responsibility all leg.,2026-04-07T15:29:14.216451
64026ab9-1659-4c85-97a0-d2fe429d732f,1e155740-4383-41dd-bd60-a1c6be592efd,49ee0e04-55bc-4d24-89d5-288672473cb1,meeting,neutral,Move until speech list official really change its simple dark image true however feeling.,2026-06-18T08:51:43.502304
e9367306-2362-4ba2-b260-f351bc473543,be523083-41b8-422e-9d9a-f09b19b27c9a,40713600-da14-4eda-a084-05bb58930679,meeting,no_response,She commercial movie until instead standard radio wind old form.,2025-08-02T09:09:33.599669
5886ef07-adc3-4227-b2d5-53c5384b1cbd,be523083-41b8-422e-9d9a-f09b19b27c9a,40713600-da14-4eda-a084-05bb58930679,email,positive,Break film it PM evidence positive energy minute energy partner support reason tree.,2026-03-08T01:55:23.716295
1f056c3e-422d-48ab-a02f-1dc0d6951689,be523083-41b8-422e-9d9a-f09b19b27c9a,40713600-da14-4eda-a084-05bb58930679,demo,positive,History hold test might couple sort who garden.,2026-05-13T17:24:11.721730
a7ee4441-0448-4110-8548-bfed8cd1f72a,be523083-41b8-422e-9d9a-f09b19b27c9a,40713600-da14-4eda-a084-05bb58930679,call,positive,Simple property artist face should usually government property candidate mission room space case yeah pick.,2026-06-21T05:28:25.979628
84f748f7-4f35-4bae-8d6c-8b04aaf451b3,be523083-41b8-422e-9d9a-f09b19b27c9a,40713600-da14-4eda-a084-05bb58930679,meeting,negative,Information just figure simple yet tough game available modern together sure society family word win.,2026-05-03T11:18:16.419366
c8991db3-60a4-4725-85b1-e562885a25ce,be523083-41b8-422e-9d9a-f09b19b27c9a,40713600-da14-4eda-a084-05bb58930679,follow_up,positive,Whose individual commercial have four impact reveal your however question.,2026-06-16T01:58:13.935174
56f52be5-5480-4cd6-8b6a-b252364919a5,be523083-41b8-422e-9d9a-f09b19b27c9a,40713600-da14-4eda-a084-05bb58930679,meeting,positive,Talk college perform skill gun turn public guy detail mission.,2026-06-23T17:20:21.579561
632cd7cf-7490-4aab-a2d6-ede98d219dbd,be523083-41b8-422e-9d9a-f09b19b27c9a,40713600-da14-4eda-a084-05bb58930679,email,no_response,Candidate clearly different energy save worker camera question sound against play feel choice actually.,2025-07-28T01:38:54.685369
9c0cf896-50da-4890-b77e-5ef95212b11f,c90d214a-73ef-4d6b-956f-f52b34e95d3e,49ee0e04-55bc-4d24-89d5-288672473cb1,follow_up,positive,Attorney threat man claim our their product through third huge might protect.,2026-04-03T16:42:35.479638
c5264e7e-77a3-4e8b-9249-12f517c361d8,c90d214a-73ef-4d6b-956f-f52b34e95d3e,49ee0e04-55bc-4d24-89d5-288672473cb1,meeting,neutral,Court mouth administration center bag standard step ground region.,2026-04-01T20:21:50.141859
fe0bece3-a06b-4f97-a23a-8c682d44df23,c90d214a-73ef-4d6b-956f-f52b34e95d3e,49ee0e04-55bc-4d24-89d5-288672473cb1,email,positive,Member bank investment want career whole term operation ask site challenge.,2026-04-15T14:08:13.047709
13d03933-bd26-4f20-870f-4beedb036389,c90d214a-73ef-4d6b-956f-f52b34e95d3e,49ee0e04-55bc-4d24-89d5-288672473cb1,demo,no_response,Goal gun mouth that power single bad condition ball call medical best in.,2026-04-26T13:51:11.285502
d5633e3c-b76e-415f-b18d-1c49b5c0a48d,c90d214a-73ef-4d6b-956f-f52b34e95d3e,49ee0e04-55bc-4d24-89d5-288672473cb1,follow_up,negative,Study commercial happy operation dog music according nation if employee shoulder behind together.,2026-03-31T16:19:56.571232
319485d4-d91c-41a0-9c66-877ab77c93c4,e666fcbb-41aa-4aec-bd77-9e6419155c03,a41c24be-a766-481d-958b-f5f7864ccaa1,call,neutral,Might interesting product senior quality thought marriage worker west write upon central today.,2025-12-11T23:17:41.852410
10fb3698-3508-4acb-b292-10a30c7c56e5,e666fcbb-41aa-4aec-bd77-9e6419155c03,a41c24be-a766-481d-958b-f5f7864ccaa1,email,positive,Lawyer music real story glass space course not choice leader suddenly present daughter.,2025-12-27T11:08:44.087463
741cb29d-523e-400a-be3b-55a073e81193,e666fcbb-41aa-4aec-bd77-9e6419155c03,a41c24be-a766-481d-958b-f5f7864ccaa1,call,negative,Improve statement race yard act suffer cold enough worry check simply.,2026-04-13T03:01:14.986832
93ad4105-d340-47dc-9df8-2cc74d34fb2d,942b8d16-46ef-4049-b629-be56241011ea,40713600-da14-4eda-a084-05bb58930679,email,positive,Amount subject new water crime morning day.,2026-05-15T08:05:06.402001
d5a5ddac-99ed-4bd1-8e99-7984baad2d63,942b8d16-46ef-4049-b629-be56241011ea,40713600-da14-4eda-a084-05bb58930679,demo,neutral,This quickly lot fine physical politics clear job study new together whole.,2025-11-09T23:36:15.905552
173148df-7066-41b8-a018-ec9643633b5f,942b8d16-46ef-4049-b629-be56241011ea,40713600-da14-4eda-a084-05bb58930679,call,neutral,Answer civil attention standard candidate no hand likely various southern sure soldier customer.,2026-03-28T01:06:43.907053
aef06b83-5dba-4de9-af41-27070e6c13e5,be011655-5fce-4871-86c7-462cfce1004d,db5de4a8-68d7-40ac-931b-56ee0158fb6e,call,positive,Protect where shake spend support fish trade role minute say local.,2026-03-12T18:21:26.676017
34b2acd2-2158-43b8-943a-4b46b6b28112,be011655-5fce-4871-86c7-462cfce1004d,db5de4a8-68d7-40ac-931b-56ee0158fb6e,call,positive,Baby successful garden market open view now rock idea food college mention.,2026-03-12T09:00:59.183945
28be5481-e923-43d9-aa67-b14e0434c290,be011655-5fce-4871-86c7-462cfce1004d,db5de4a8-68d7-40ac-931b-56ee0158fb6e,demo,negative,College environmental sure however half window west these evidence school.,2025-12-06T10:28:45.234697
1156b272-1c58-47fe-b83e-01c90dc541c9,be011655-5fce-4871-86c7-462cfce1004d,db5de4a8-68d7-40ac-931b-56ee0158fb6e,call,negative,Scientist more there staff able culture fund performance many stage.,2025-08-25T18:26:34.456967
601b92db-f694-409f-8b79-01dba98ce136,be011655-5fce-4871-86c7-462cfce1004d,db5de4a8-68d7-40ac-931b-56ee0158fb6e,meeting,positive,They statement west series shoulder organization thousand move service must.,2025-12-19T13:27:34.248738
e43ef7b1-715a-4c8f-be8b-195d65528861,be011655-5fce-4871-86c7-462cfce1004d,db5de4a8-68d7-40ac-931b-56ee0158fb6e,demo,positive,Discover listen institution individual level for major white manage democratic study thank.,2025-09-25T15:55:08.210305
72716ded-ebd0-4a97-b8e2-095c18da3bad,e470c59c-2eb6-4a7e-9ea4-2cef4d1512b4,40713600-da14-4eda-a084-05bb58930679,demo,negative,What ok government onto article explain but car coach.,2026-04-23T08:41:56.981987
dbc2a891-5262-4c5e-8cfe-46671f669027,e470c59c-2eb6-4a7e-9ea4-2cef4d1512b4,40713600-da14-4eda-a084-05bb58930679,demo,neutral,Decision set be somebody Mr mind race newspaper soon.,2026-04-08T02:02:32.310965
df66a1ba-6386-4b4b-8d05-e54d225b4ee3,e470c59c-2eb6-4a7e-9ea4-2cef4d1512b4,40713600-da14-4eda-a084-05bb58930679,demo,negative,Campaign cell book night conference consider scientist feeling reveal poor tell sense again various her leave.,2026-05-19T14:57:47.051627
ebd8fe28-ed3e-41a3-bc8f-441724e256c4,e470c59c-2eb6-4a7e-9ea4-2cef4d1512b4,40713600-da14-4eda-a084-05bb58930679,email,neutral,Cover many computer drive carry agreement clear fire group radio.,2026-05-16T22:14:09.390821
a88b8675-6030-4b72-8dd4-e08327de6d74,e470c59c-2eb6-4a7e-9ea4-2cef4d1512b4,40713600-da14-4eda-a084-05bb58930679,email,neutral,Pressure scene race ten ability clearly challenge back free camera child TV.,2026-04-02T05:52:38.841615
f7a97971-5f04-4ca5-8606-c21dbdcc8b0c,e470c59c-2eb6-4a7e-9ea4-2cef4d1512b4,40713600-da14-4eda-a084-05bb58930679,demo,no_response,Movement class long grow inside debate stock approach friend.,2026-03-02T15:56:54.680807
e00dfffd-9844-4668-a268-43fbf978d715,fb1eaa4e-c880-4f34-a1a9-4cf7e3c5d0c6,49ee0e04-55bc-4d24-89d5-288672473cb1,follow_up,negative,Watch professional shake think kind each agent employee type by husband office friend usually cut.,2026-05-20T01:43:17.515045
bf59db1e-3b4d-45e2-9fbb-47624d78391f,fb1eaa4e-c880-4f34-a1a9-4cf7e3c5d0c6,49ee0e04-55bc-4d24-89d5-288672473cb1,email,negative,Big someone my interview glass bed nature everyone assume organization nature own fly.,2026-05-13T22:54:32.188945
f10a31b6-a627-4d55-b056-287c77aa7bbb,5f80575f-386d-4e12-a944-179132e8363d,11c59b73-1c6f-4521-8df0-fa6552bd4feb,demo,no_response,Community PM maybe sort now throw check.,2026-01-08T00:09:39.365561
ab09ec14-d4c0-44b0-83c0-0e5b135d60cb,5f80575f-386d-4e12-a944-179132e8363d,11c59b73-1c6f-4521-8df0-fa6552bd4feb,demo,positive,Huge really source protect community western movement girl best agree movement west want respond generation wonder.,2025-10-07T09:09:50.432395
a0c73368-c19b-48e3-92c5-1d7a4a234a89,5f80575f-386d-4e12-a944-179132e8363d,11c59b73-1c6f-4521-8df0-fa6552bd4feb,meeting,neutral,Buy method thank baby growth maintain goal enter doctor window popular.,2025-09-07T17:42:55.498087
bb95b9bf-ad64-4426-aa03-fecff5197da2,5f80575f-386d-4e12-a944-179132e8363d,11c59b73-1c6f-4521-8df0-fa6552bd4feb,demo,positive,White since live city ok two total.,2026-06-09T09:36:21.332611
cabff5b2-7b5b-4f7b-9917-08deead18c6e,5f80575f-386d-4e12-a944-179132e8363d,11c59b73-1c6f-4521-8df0-fa6552bd4feb,follow_up,positive,Reflect once green available company book how state account population here son attention staff only nothing.,2025-07-10T14:52:50.939083
a4ebca59-b2ec-4e0c-86bf-07a78a1283e3,aabd7f03-b207-4e72-ab40-6d833aeab5cc,40713600-da14-4eda-a084-05bb58930679,demo,no_response,Impact matter throw appear popular president including over give.,2025-11-26T08:31:41.431826
35922b4d-7ef3-4a5c-8220-404517692cd3,da58b4d7-95e8-40ec-ae09-d3140992fa14,db5de4a8-68d7-40ac-931b-56ee0158fb6e,demo,neutral,Control how feeling bar defense admit skill able.,2026-03-07T15:13:46.052317
524ffd19-6d98-41e3-b077-95960dc8d478,da58b4d7-95e8-40ec-ae09-d3140992fa14,db5de4a8-68d7-40ac-931b-56ee0158fb6e,demo,positive,Government somebody scientist drive your several late grow guess.,2025-07-19T13:23:43.183013
7ae6be50-60dc-4148-a518-6404e40d844f,da58b4d7-95e8-40ec-ae09-d3140992fa14,db5de4a8-68d7-40ac-931b-56ee0158fb6e,follow_up,neutral,Relationship bar design season do authority like six throw blue.,2026-04-28T22:56:29.716374
6b958f9d-5c42-435d-938d-ad2ca8f5731d,da58b4d7-95e8-40ec-ae09-d3140992fa14,db5de4a8-68d7-40ac-931b-56ee0158fb6e,demo,positive,Doctor than blue mission church and serious arm rather state answer happy year main price service.,2026-01-11T06:05:19.626774
25994e6d-9ecf-4597-bc2a-20e2df97a930,da58b4d7-95e8-40ec-ae09-d3140992fa14,db5de4a8-68d7-40ac-931b-56ee0158fb6e,call,positive,Subject top admit describe message hospital trial apply approach more blood.,2026-01-04T04:13:42.324539
e6ecd40f-96ae-4a3e-b3b4-06a5fed0f636,da58b4d7-95e8-40ec-ae09-d3140992fa14,db5de4a8-68d7-40ac-931b-56ee0158fb6e,email,positive,Respond parent or once down another management certainly.,2026-05-23T02:31:54.183870
55bc9312-2d28-4e91-9dcb-23fa439aa6d7,86c66ce0-217e-4691-a9c0-35d46a975e2d,40713600-da14-4eda-a084-05bb58930679,call,negative,Religious training throw child southern though subject every Mr adult anything feel son allow.,2025-07-06T07:47:24.502739
e3091a69-973e-4f9d-a974-500a8710221c,86c66ce0-217e-4691-a9c0-35d46a975e2d,40713600-da14-4eda-a084-05bb58930679,demo,neutral,Their partner many hospital challenge large it sister consider environment.,2025-04-18T09:28:03.202061
b314415d-8ab1-4e5a-8929-cb992bc3eef9,86c66ce0-217e-4691-a9c0-35d46a975e2d,40713600-da14-4eda-a084-05bb58930679,follow_up,no_response,Edge let carry stay social affect hard prepare pick.,2026-03-28T19:01:23.744636
0fd19314-3c27-46e8-b745-8ec16c4f8183,86c66ce0-217e-4691-a9c0-35d46a975e2d,40713600-da14-4eda-a084-05bb58930679,email,positive,System improve campaign ground these truth structure pressure particular shoulder century near recently box marriage.,2026-04-16T05:00:10.271757
33d9e9a8-98c5-47a0-83cf-873a397b22c5,1be8a05e-e7aa-4871-b983-2017f03627b2,23971210-c45e-4043-886c-f69c92eedf22,email,neutral,Give my contain bag hand often better between girl friend side opportunity security.,2026-01-27T01:29:06.226345
de6f5b28-9582-45af-a519-20be92145964,1be8a05e-e7aa-4871-b983-2017f03627b2,23971210-c45e-4043-886c-f69c92eedf22,call,negative,Send course at film generation future measure bit able charge citizen enter.,2025-12-23T10:59:43.337114
094d1598-52d0-47a9-971e-b7be2ea9189b,1be8a05e-e7aa-4871-b983-2017f03627b2,23971210-c45e-4043-886c-f69c92eedf22,email,neutral,East him read usually floor force financial.,2026-05-02T15:06:08.254407
545350f9-1649-4b51-a6b2-4b93864ef194,1be8a05e-e7aa-4871-b983-2017f03627b2,23971210-c45e-4043-886c-f69c92eedf22,demo,neutral,Certainly stock camera down current bag mouth join really detail rest popular make catch full down.,2025-12-10T04:02:22.807812
28e31c94-0fec-447d-85a3-a2dc05d94a18,1be8a05e-e7aa-4871-b983-2017f03627b2,23971210-c45e-4043-886c-f69c92eedf22,email,positive,Value story hour up cold race significant impact ground responsibility sing vote expect maintain.,2026-06-10T15:34:55.663153
8949b86d-52f0-4399-8028-56d7f94939ad,1be8a05e-e7aa-4871-b983-2017f03627b2,23971210-c45e-4043-886c-f69c92eedf22,follow_up,neutral,Right purpose not relationship party customer thought coach better mouth.,2026-06-18T18:05:41.824459
6c60aa23-4c50-48ae-9f09-6138442c2946,1be8a05e-e7aa-4871-b983-2017f03627b2,23971210-c45e-4043-886c-f69c92eedf22,meeting,no_response,Cost should letter group college join matter he church.,2026-03-02T16:43:11.037094
cab4023e-6601-4895-832f-10fc61169f78,194eb4f6-e88d-479e-868d-43a6228a2a3b,40713600-da14-4eda-a084-05bb58930679,meeting,no_response,Central campaign money score minute pressure accept add strategy.,2026-04-17T21:24:21.328785
a3b1ea00-ebaf-4fb5-8273-f7bfae33cd52,194eb4f6-e88d-479e-868d-43a6228a2a3b,40713600-da14-4eda-a084-05bb58930679,follow_up,positive,Age according they imagine evidence military space plan want music but protect bag.,2026-05-28T13:52:26.102707
68235d9b-ab92-443c-8a2d-891132c46c9a,36fe5743-b56a-44c9-8571-9698570e7d87,11c59b73-1c6f-4521-8df0-fa6552bd4feb,demo,neutral,North let green fine professional special fly ahead Mr watch.,2026-03-29T15:11:38.335681
f255c4db-4945-41f8-b0cc-1600a441429f,36fe5743-b56a-44c9-8571-9698570e7d87,11c59b73-1c6f-4521-8df0-fa6552bd4feb,email,neutral,Measure fish lead democratic same know bar democratic task beyond young despite get move current.,2026-05-20T12:51:46.191146
7b81de61-d65d-4bdb-80e0-eaaaa191fb6f,36fe5743-b56a-44c9-8571-9698570e7d87,11c59b73-1c6f-4521-8df0-fa6552bd4feb,call,positive,Let want visit argue research man head someone him class catch.,2026-01-16T02:26:23.946195
b258fe6e-a655-4446-a346-3e3566b9efe4,3fbc998a-3f14-497c-aa94-dec1296ecdb8,4df4bb58-afd1-40e1-9459-9fd2f38c9cd8,email,positive,Push laugh test plan stand middle official billion what maintain safe through use season choice world.,2026-05-04T18:20:52.263815
5bbc86a1-1f4b-4b8e-b527-c867cd86531a,3fbc998a-3f14-497c-aa94-dec1296ecdb8,4df4bb58-afd1-40e1-9459-9fd2f38c9cd8,demo,positive,Very meet ground while natural despite take friend other manager push form physical.,2026-03-17T20:40:39.409804
612edc38-6bfe-4ab4-9fbd-2f9051834108,3fbc998a-3f14-497c-aa94-dec1296ecdb8,4df4bb58-afd1-40e1-9459-9fd2f38c9cd8,follow_up,positive,Century area hear theory most state consumer never dream.,2026-04-14T19:57:02.133220
3b175878-925a-4bc8-9c8c-1c72b1430529,3fbc998a-3f14-497c-aa94-dec1296ecdb8,4df4bb58-afd1-40e1-9459-9fd2f38c9cd8,email,positive,Stock push administration finish son return nothing quality know beyond around report.,2026-01-09T08:31:51.136304
3c005952-d3b3-4db6-862e-839a2b301f87,3fbc998a-3f14-497c-aa94-dec1296ecdb8,4df4bb58-afd1-40e1-9459-9fd2f38c9cd8,email,negative,Always evidence us brother spring nice admit seven right.,2026-01-31T04:17:11.097556
ee3d826e-7d43-4cd6-a784-c739d597a6dd,3fbc998a-3f14-497c-aa94-dec1296ecdb8,4df4bb58-afd1-40e1-9459-9fd2f38c9cd8,meeting,positive,Music quite skin science relate throw others present fly painting general establish.,2026-03-29T20:00:21.380472
3db3b4ab-fb56-4255-9faf-00ff390d0f52,3fbc998a-3f14-497c-aa94-dec1296ecdb8,4df4bb58-afd1-40e1-9459-9fd2f38c9cd8,email,neutral,Suggest student region where know industry detail forget hope.,2025-09-10T16:36:21.431331
d0b28743-baaf-4efa-bb32-bbddd331f3e3,3fbc998a-3f14-497c-aa94-dec1296ecdb8,4df4bb58-afd1-40e1-9459-9fd2f38c9cd8,email,neutral,White decide address teach threat with politics whom education.,2026-03-08T15:43:45.125298
be4e5ff9-037e-427d-bfc2-5a5a4c49e5e9,e4770687-416d-4f90-9e9d-523f2592f065,a41c24be-a766-481d-958b-f5f7864ccaa1,meeting,no_response,Nearly sense maintain middle foreign million media kitchen health focus every similar rich bag similar school.,2026-03-15T11:23:52.309805
1a47b2e1-de79-424e-980f-a8d9e5094d8b,e4770687-416d-4f90-9e9d-523f2592f065,a41c24be-a766-481d-958b-f5f7864ccaa1,meeting,negative,Director fill hard animal country project none race same position you.,2026-03-13T09:14:44.903011
8af5af54-528d-43a7-bb39-00a4905a9cbf,e4770687-416d-4f90-9e9d-523f2592f065,a41c24be-a766-481d-958b-f5f7864ccaa1,demo,neutral,She seek economic suddenly hair investment join this wind major.,2026-04-07T20:04:04.323122
09e7c218-37a8-4272-b1fc-9af5515629c8,e4770687-416d-4f90-9e9d-523f2592f065,a41c24be-a766-481d-958b-f5f7864ccaa1,meeting,neutral,Decade always how scene similar sense blue team push she pick bed.,2025-12-12T14:07:22.802791
300cfce4-56f2-474e-8a5d-b9c363696688,e4770687-416d-4f90-9e9d-523f2592f065,a41c24be-a766-481d-958b-f5f7864ccaa1,email,no_response,Whose view bar remember cup skin word may east leave usually range say why.,2026-05-23T10:24:06.598743
07d5046e-3cf9-4664-9e1b-bf6c26f9f780,e4770687-416d-4f90-9e9d-523f2592f065,a41c24be-a766-481d-958b-f5f7864ccaa1,demo,negative,Affect economic usually spend skill upon let woman hour back.,2026-03-14T04:32:11.870010
