id,deal_id,rep_id,type,outcome,notes,activity_date
1f9db730-39f7-4002-b59b-dc3dd0073ec2,33719f6f-c29c-4204-8508-98ff12a4b519,70828046-099d-4fe1-a262-4b11ec73efde,demo,positive,Range might many reality western trial set hotel fly cut cost by truth certainly.,2024-12-27T20:09:13.390525
01a2c70f-a9c3-40c6-8530-539f4fadf4ea,33719f6f-c29c-4204-8508-98ff12a4b519,70828046-099d-4fe1-a262-4b11ec73efde,email,no_response,Once feel believe value law together Republican east.,2026-03-23T17:08:13.523002
6f4c2f9b-68f4-468a-8510-775935904ea2,33719f6f-c29c-4204-8508-98ff12a4b519,70828046-099d-4fe1-a262-4b11ec73efde,demo,positive,Bad hear general pass push it a summer.,2025-03-05T02:21:08.314819
2be7f44f-eaae-460d-8f36-0237ecc6f666,33719f6f-c29c-4204-8508-98ff12a4b519,70828046-099d-4fe1-a262-4b11ec73efde,demo,no_response,Gun stop maybe reality leave mission time sea most city.,2024-12-10T07:31:58.079128
455bc923-4ea7-4a73-9ca4-6d34ed1b373e,33719f6f-c29c-4204-8508-98ff12a4b519,70828046-099d-4fe1-a262-4b11ec73efde,meeting,negative,Turn government rest actually term system style amount them staff process PM Republican.,2025-07-30T04:43:29.902610
79adc7b9-6f52-4554-894c-4261e901b4ba,82ae7163-3a31-47c4-a274-474128194d3b,d2c384c1-e51b-4c7e-aede-5f23b2e471f8,follow_up,neutral,Create huge author research detail leave author tonight agreement few dark black get raise.,2025-10-02T02:50:01.764244
fe01b023-3bc4-410d-bd7c-e4dfa789c318,82ae7163-3a31-47c4-a274-474128194d3b,d2c384c1-e51b-4c7e-aede-5f23b2e471f8,meeting,no_response,Ground anything six behind give training bring animal begin president everyone radio news issue.,2026-02-04T19:20:02.984241
24ec0be6-0de2-4287-a2b5-87f5ee2aa4e7,5c252aa8-f29d-493a-a08e-65136ba3161e,7526c649-bbdb-4001-a38d-9586cce08af3,meeting,neutral,Choice second hold actually represent research quality nation approach billion voice too.,2026-05-11T09:40:44.469199
c9e3797c-0593-480e-9d11-ca078cba58dc,5c252aa8-f29d-493a-a08e-65136ba3161e,7526c649-bbdb-4001-a38d-9586cce08af3,call,no_response,Deal go public avoid during ahead not.,2026-05-07T09:10:34.645319
ec6ed116-986d-4d00-a95a-916b58457cfc,5c252aa8-f29d-493a-a08e-65136ba3161e,7526c649-bbdb-4001-a38d-9586cce08af3,email,positive,Tough show defense sell mission spring fight sign model.,2026-05-16T09:33:55.990054
9ac5b84d-5eb2-4a31-92e5-8c8687fea119,ca77c865-1a4d-4b2f-a4af-681508772a26,70828046-099d-4fe1-a262-4b11ec73efde,call,neutral,Class account trouble region glass kind think pick event minute wide discuss necessary theory.,2025-07-30T09:59:26.842289
fdcf73cc-fec3-4c91-85bb-4016b93d2d38,ca77c865-1a4d-4b2f-a4af-681508772a26,70828046-099d-4fe1-a262-4b11ec73efde,follow_up,neutral,Lose as meeting kitchen girl main beautiful.,2026-03-28T01:32:40.173191
26ddf1c4-8794-4119-b881-0ee194770951,ca77c865-1a4d-4b2f-a4af-681508772a26,70828046-099d-4fe1-a262-4b11ec73efde,follow_up,positive,Early food last think child free account must perhaps senior carry station produce these.,2026-04-16T09:29:03.318679
e98090dc-5847-46bd-9f48-209a3d01822a,ca77c865-1a4d-4b2f-a4af-681508772a26,70828046-099d-4fe1-a262-4b11ec73efde,call,positive,Rate service threat staff office personal section rock wonder sport hotel mother.,2026-01-08T07:42:59.061285
21615429-779d-494a-a643-6cb9f96a10fc,ca77c865-1a4d-4b2f-a4af-681508772a26,70828046-099d-4fe1-a262-4b11ec73efde,demo,no_response,Per strategy appear possible usually central admit new religious cultural must hair take.,2025-09-25T11:11:28.168310
7d625095-77e5-4d55-bc62-5d10235aa756,ca77c865-1a4d-4b2f-a4af-681508772a26,70828046-099d-4fe1-a262-4b11ec73efde,demo,negative,Campaign stock land official identify compare term case fine.,2025-05-11T06:49:22.694307
0a53899e-06fc-460d-a59d-74ab1638f95f,ca77c865-1a4d-4b2f-a4af-681508772a26,70828046-099d-4fe1-a262-4b11ec73efde,demo,no_response,Choice age population player hit position material speech great.,2026-02-08T07:58:43.248334
f83c09ae-0273-4ef7-94bb-99b522b83b31,ca77c865-1a4d-4b2f-a4af-681508772a26,70828046-099d-4fe1-a262-4b11ec73efde,call,positive,May skill voice development record thousand would real.,2025-11-07T04:59:06.912413
99ec771a-9ed4-4a53-b4a9-a3579f517f5a,bde05320-155c-4ea4-806c-eaac181ea29c,2e84bd52-7df5-459d-ab52-be0a4951d0d7,call,positive,Know positive message parent money have wall religious above act.,2026-02-18T21:53:56.789646
ac45ee4f-5725-4db0-aeb3-8c497eb3856a,bde05320-155c-4ea4-806c-eaac181ea29c,2e84bd52-7df5-459d-ab52-be0a4951d0d7,follow_up,positive,Born trip plan agree protect section including son soon social purpose.,2025-12-04T13:00:24.808411
213d3f1c-04bf-42c9-8498-f4b38698704e,bde05320-155c-4ea4-806c-eaac181ea29c,2e84bd52-7df5-459d-ab52-be0a4951d0d7,follow_up,neutral,Card left wide claim check everybody enter place exactly image finally edge.,2026-01-03T00:03:46.760575
d20d8346-8bad-42c8-b7c9-4d2a57a33d91,bde05320-155c-4ea4-806c-eaac181ea29c,2e84bd52-7df5-459d-ab52-be0a4951d0d7,email,neutral,Pm end home executive political but deal.,2026-03-20T05:01:53.357042
ace01a63-32f4-4a43-b148-3c98310b1a33,bde05320-155c-4ea4-806c-eaac181ea29c,2e84bd52-7df5-459d-ab52-be0a4951d0d7,email,positive,Near program generation raise feel individual along view early wish run today whatever product physical.,2026-05-10T16:33:23.363098
f476c08e-195d-4a2a-8599-112d4fa731db,bde05320-155c-4ea4-806c-eaac181ea29c,2e84bd52-7df5-459d-ab52-be0a4951d0d7,call,negative,Dinner example professional election south fill find wonder cup society recent year easy five.,2026-04-10T01:41:45.718575
7ceb9ee5-6922-4369-86b2-a1e6ef4eff55,ffaade0b-135a-49fa-9b64-9dd8e7c919bd,87471b18-bfc0-4214-98fc-51cac106e539,meeting,positive,Bill throughout trial measure discuss argue professional like art provide away report ask rate rock different.,2025-12-20T09:46:01.101674
ff79a3a8-a987-49c8-8eda-21de66fdce10,ffaade0b-135a-49fa-9b64-9dd8e7c919bd,87471b18-bfc0-4214-98fc-51cac106e539,meeting,no_response,Deep education language back evening wind mean.,2026-03-28T14:18:15.073302
21546550-ff19-439e-b6c6-28d344d1f958,ffaade0b-135a-49fa-9b64-9dd8e7c919bd,87471b18-bfc0-4214-98fc-51cac106e539,email,neutral,Particular local space house without realize piece condition purpose number give fish during.,2026-05-24T14:41:46.956004
4c448fc0-51f9-4ebe-9983-94b1561fbe97,7e0c9121-22d3-4e67-b907-54cf218c450e,2f1fc9c6-62e9-4db7-beba-707ee6a1d81a,call,neutral,Late member surface region difference difference newspaper western process in yet magazine.,2025-12-09T20:28:41.716504
317ec437-d828-4b8b-aab5-85a9f52a089e,7e0c9121-22d3-4e67-b907-54cf218c450e,2f1fc9c6-62e9-4db7-beba-707ee6a1d81a,follow_up,neutral,Hard decision pull some fall carry morning.,2025-04-16T21:03:10.292658
76008f84-ccd3-48f6-8ee6-8c2b2d7f97d8,7e0c9121-22d3-4e67-b907-54cf218c450e,2f1fc9c6-62e9-4db7-beba-707ee6a1d81a,meeting,negative,Fact blue such answer develop kitchen knowledge ever raise avoid lead break opportunity phone.,2025-12-15T21:36:17.672096
8d891450-0ed2-4ce3-ba17-81797fbdc2f8,7e0c9121-22d3-4e67-b907-54cf218c450e,2f1fc9c6-62e9-4db7-beba-707ee6a1d81a,call,neutral,Rather grow step company international quickly world season candidate increase not indicate threat allow this.,2026-01-28T02:58:24.005870
665686a4-010b-40f7-afed-576c7c3251f5,7e0c9121-22d3-4e67-b907-54cf218c450e,2f1fc9c6-62e9-4db7-beba-707ee6a1d81a,email,neutral,Test he sort fight because know finally traditional look determine tax wide brother onto every cell.,2025-10-13T23:50:13.403955
20b2c80d-d912-4fe6-a594-c66e50ac9286,6edcafdd-8df1-452a-a19e-8b9f29bd2d53,ed7d7474-e7ef-44b6-aab3-0ba018420e1c,email,negative,Already thank seek form yourself the somebody nice blue shoulder.,2025-03-01T21:40:50.192046
38f8b064-f5f2-405c-8c99-dcd7352b828c,6edcafdd-8df1-452a-a19e-8b9f29bd2d53,ed7d7474-e7ef-44b6-aab3-0ba018420e1c,follow_up,neutral,On night everything more bring almost several resource his then contain eye air carry.,2025-10-21T20:44:57.988596
923db5db-937e-4d36-a3f7-6a348c7f9b95,6edcafdd-8df1-452a-a19e-8b9f29bd2d53,ed7d7474-e7ef-44b6-aab3-0ba018420e1c,follow_up,positive,Simply such compare eight around fund stop research think not.,2026-02-13T15:59:10.597948
bc437060-82e2-4396-95d2-73ecf3a727a0,5381f80e-a980-4646-baa7-8abddabf5ad4,87471b18-bfc0-4214-98fc-51cac106e539,call,positive,Notice early environment child sister candidate contain.,2026-04-29T18:31:29.743070
089e8ef2-cc34-4316-b369-4694ff00f99a,c09e06c8-7457-4b7e-a4ef-8027bcf0974e,7f3ae53d-7a26-4c3f-b716-aaed6f37379f,email,negative,Add red partner surface arrive forget in book.,2026-05-24T10:37:58.226611
a8578394-055c-4561-a71f-c78ddbb95ae5,c09e06c8-7457-4b7e-a4ef-8027bcf0974e,7f3ae53d-7a26-4c3f-b716-aaed6f37379f,demo,negative,Wonder make whether age thought because international tell imagine idea arrive toward process.,2026-05-24T12:39:33.575852
cd753adf-5556-4479-a462-c3ec192074db,c09e06c8-7457-4b7e-a4ef-8027bcf0974e,7f3ae53d-7a26-4c3f-b716-aaed6f37379f,call,neutral,Attorney vote school business participant finally enjoy while improve moment serious accept.,2026-05-24T15:46:51.973814
9848b6b3-4090-4a8d-b1fb-2f94aa825c42,c09e06c8-7457-4b7e-a4ef-8027bcf0974e,7f3ae53d-7a26-4c3f-b716-aaed6f37379f,follow_up,neutral,Such always other admit suddenly mother election let his.,2026-05-24T14:56:56.470576
5e4f2431-7cda-4cd8-99c4-1ade032fd39c,c09e06c8-7457-4b7e-a4ef-8027bcf0974e,7f3ae53d-7a26-4c3f-b716-aaed6f37379f,meeting,neutral,Great center study old suddenly food occur western eight ten trip perhaps eight thought man add.,2026-05-24T11:32:45.219343
793bdfbc-9238-4eaf-9b2e-64f39fc66b62,34636a85-0579-438d-83c6-65f4789bd42c,70828046-099d-4fe1-a262-4b11ec73efde,meeting,neutral,Little few career military own shoulder form unit force particular production to animal hope.,2026-01-15T18:03:44.212428
3f539ee4-eff5-4d86-bf0c-791743323503,34636a85-0579-438d-83c6-65f4789bd42c,70828046-099d-4fe1-a262-4b11ec73efde,call,positive,Glass off training behind likely else run bad admit various fight boy first.,2025-12-15T23:49:20.922902
5175a1a2-1106-4331-9044-58ca241b549f,34636a85-0579-438d-83c6-65f4789bd42c,70828046-099d-4fe1-a262-4b11ec73efde,demo,neutral,Everybody far if catch his maybe analysis analysis.,2025-06-13T20:33:18.856272
610a8461-2e17-4d95-919e-df6855a7a65b,34636a85-0579-438d-83c6-65f4789bd42c,70828046-099d-4fe1-a262-4b11ec73efde,email,neutral,Her effect plan budget new nothing oil score trip party mind protect again including.,2026-05-10T21:35:39.012502
329caaaa-d165-454e-8cff-5f9d0cb82125,34636a85-0579-438d-83c6-65f4789bd42c,70828046-099d-4fe1-a262-4b11ec73efde,email,neutral,Democratic future light month training sport once American camera debate rich number down you design.,2026-01-18T10:55:20.793170
b79e84c8-18e7-4a67-a579-ce0207bd3144,34636a85-0579-438d-83c6-65f4789bd42c,70828046-099d-4fe1-a262-4b11ec73efde,meeting,negative,Now court reflect policy wrong director full wife American again every financial allow.,2025-09-25T15:48:25.186789
31d2792b-6347-4192-96b4-0203938fe0d1,34636a85-0579-438d-83c6-65f4789bd42c,70828046-099d-4fe1-a262-4b11ec73efde,meeting,no_response,Protect attention box during rule draw although card take soldier nature put live fill send.,2025-12-21T03:55:04.040920
5cee70dd-521e-40ea-93ba-c6221fa3adf9,22bc163d-7f7f-49b1-9dbe-78613e80a6e8,87471b18-bfc0-4214-98fc-51cac106e539,meeting,neutral,Memory increase say relate scientist study moment.,2025-08-13T22:12:36.649780
f9cf0ecc-7351-4136-b9cd-440e734e5bc6,22bc163d-7f7f-49b1-9dbe-78613e80a6e8,87471b18-bfc0-4214-98fc-51cac106e539,call,positive,Blood pick fish rest arm leader accept move marriage black course film.,2025-03-19T13:22:08.547612
6e4581e4-d645-4a58-917f-94853576a21b,22bc163d-7f7f-49b1-9dbe-78613e80a6e8,87471b18-bfc0-4214-98fc-51cac106e539,demo,positive,Every cell claim dream hundred certain argue seven impact fear foot.,2025-02-24T00:57:05.136328
edf4573e-9e03-45c7-a329-fce1c3607e88,5d5f5be0-6faf-46f2-a42f-69d82ef605e3,2f1fc9c6-62e9-4db7-beba-707ee6a1d81a,email,positive,Set work since much seven best race wind support position political investment.,2026-02-09T16:47:16.711271
8f5a5661-5e14-41b4-b690-9fa03caad24e,5d5f5be0-6faf-46f2-a42f-69d82ef605e3,2f1fc9c6-62e9-4db7-beba-707ee6a1d81a,call,positive,Situation reality personal piece administration technology administration memory coach camera wait participant.,2026-01-11T14:56:57.886054
253d32f6-7152-46d1-967f-c04abd9c80b1,5d5f5be0-6faf-46f2-a42f-69d82ef605e3,2f1fc9c6-62e9-4db7-beba-707ee6a1d81a,demo,negative,Yourself environment make finally suggest performance design know nation guess power money.,2025-11-26T04:58:00.884260
f4bc0e99-9f35-4925-a06a-d846fe4b575f,5d5f5be0-6faf-46f2-a42f-69d82ef605e3,2f1fc9c6-62e9-4db7-beba-707ee6a1d81a,demo,positive,Still total suffer send team close forget author yourself political there human human about expect final.,2026-01-09T07:08:32.533291
bb3b5af9-dc9f-499d-9dbe-08919e214860,5d5f5be0-6faf-46f2-a42f-69d82ef605e3,2f1fc9c6-62e9-4db7-beba-707ee6a1d81a,email,negative,Simple full option series investment probably hospital trip physical general quality increase talk.,2025-11-15T07:54:09.276436
f76b2d8c-dc88-4d35-8599-19e2ef28af96,5d5f5be0-6faf-46f2-a42f-69d82ef605e3,2f1fc9c6-62e9-4db7-beba-707ee6a1d81a,follow_up,neutral,Field someone common carry interest figure dinner imagine enter treat big perhaps improve start.,2025-11-24T13:32:30.294295
3f76789c-d9f3-4b1c-9b1b-8c6a35dfadd3,5d5f5be0-6faf-46f2-a42f-69d82ef605e3,2f1fc9c6-62e9-4db7-beba-707ee6a1d81a,email,neutral,Above citizen together talk project guy citizen score dinner.,2025-12-11T03:32:14.994861
3ab4f1d3-9a4b-4939-bf54-8254ff847331,5d5f5be0-6faf-46f2-a42f-69d82ef605e3,2f1fc9c6-62e9-4db7-beba-707ee6a1d81a,demo,no_response,Campaign often old majority coach none themselves wonder different require technology prepare.,2026-03-26T16:04:07.124824
0b9d91c3-c4b1-4e79-87e6-76e6c7971360,49e53128-baf6-487b-9bf8-3be9eaf1343a,a5754b11-ecdc-438a-afd5-4f23892cc5d5,demo,no_response,Follow better ability success blood activity occur bad contain forward property degree thousand.,2025-12-30T20:27:58.519012
8c54fad0-4a8c-4df9-9585-91ee65acf06b,49e53128-baf6-487b-9bf8-3be9eaf1343a,a5754b11-ecdc-438a-afd5-4f23892cc5d5,demo,positive,There treat president season top bag population vote house.,2025-10-19T09:35:12.935902
d232be55-9fd4-4c04-ac22-5636b11334b8,49e53128-baf6-487b-9bf8-3be9eaf1343a,a5754b11-ecdc-438a-afd5-4f23892cc5d5,demo,neutral,Thing base why movie hand once claim by.,2025-09-13T18:17:40.710727
26009960-dd6f-4779-8ae4-262e89d4fdda,49e53128-baf6-487b-9bf8-3be9eaf1343a,a5754b11-ecdc-438a-afd5-4f23892cc5d5,email,positive,Industry author election pattern where attorney under avoid phone.,2026-01-15T02:02:10.713868
94343f9f-08b5-4d86-b260-c962a0bc1314,49e53128-baf6-487b-9bf8-3be9eaf1343a,a5754b11-ecdc-438a-afd5-4f23892cc5d5,meeting,positive,Food expert employee south size interest teacher energy we always all next.,2025-10-14T05:05:48.166929
c75e6371-e7ce-4b21-8664-df677187f362,49e53128-baf6-487b-9bf8-3be9eaf1343a,a5754b11-ecdc-438a-afd5-4f23892cc5d5,meeting,neutral,Stay who threat team tax court green run culture animal.,2026-01-02T18:00:22.353835
3ae5b5e8-2e56-464e-811e-ffea0bd0d542,49e53128-baf6-487b-9bf8-3be9eaf1343a,a5754b11-ecdc-438a-afd5-4f23892cc5d5,demo,neutral,Human quality recent or site as treatment wind turn along blue yourself.,2025-11-07T14:49:55.556063
71ec0fa3-d911-4f3f-a7d9-7d0e259d14fa,49e53128-baf6-487b-9bf8-3be9eaf1343a,a5754b11-ecdc-438a-afd5-4f23892cc5d5,call,negative,Have morning specific produce material song continue third director ten between discussion defense.,2026-04-19T15:41:21.783823
f1a617c4-813f-41bc-b2e7-bd5d607db154,584a46ef-3bc2-43b0-9bf0-1b4d3f7a2d01,2e0048a5-6ab0-4ac9-8e17-12c74e31ba4f,email,no_response,Hotel type spring firm physical artist safe discuss seek.,2025-07-19T02:34:21.936216
7476cbc3-550a-499b-ae82-09918b30ffd7,584a46ef-3bc2-43b0-9bf0-1b4d3f7a2d01,2e0048a5-6ab0-4ac9-8e17-12c74e31ba4f,meeting,negative,Some support share drop surface morning prepare form.,2026-01-15T07:39:51.183999
fe253792-9083-45db-8c8c-9cc385d99421,584a46ef-3bc2-43b0-9bf0-1b4d3f7a2d01,2e0048a5-6ab0-4ac9-8e17-12c74e31ba4f,meeting,positive,Central only history understand keep serious future military politics control not standard ability yes yourself task.,2025-09-19T12:12:03.544579
e858ac94-3526-43bc-a0e7-ee19b4ddae41,584a46ef-3bc2-43b0-9bf0-1b4d3f7a2d01,2e0048a5-6ab0-4ac9-8e17-12c74e31ba4f,call,neutral,Hospital situation news break look call relationship foreign affect focus shoulder nice measure support.,2026-05-05T23:49:06.289265
27a8cfbe-a3d7-4c0b-9809-b4a0d24d3bbd,584a46ef-3bc2-43b0-9bf0-1b4d3f7a2d01,2e0048a5-6ab0-4ac9-8e17-12c74e31ba4f,email,neutral,Wrong wide scene citizen center well weight usually conference owner own guy according customer.,2026-05-06T15:51:23.339254
80bdb37e-ec6f-4b03-a68d-1e000a73a649,584a46ef-3bc2-43b0-9bf0-1b4d3f7a2d01,2e0048a5-6ab0-4ac9-8e17-12c74e31ba4f,meeting,positive,Just always learn after she city second where option store.,2025-12-08T12:02:23.366085
45af3006-2622-499d-873b-81da3c7060b9,584a46ef-3bc2-43b0-9bf0-1b4d3f7a2d01,2e0048a5-6ab0-4ac9-8e17-12c74e31ba4f,follow_up,neutral,Great thus want seat about recognize tough public do report finish hope writer.,2025-10-13T08:12:55.047591
389f7a2e-4805-459d-b189-65fecf54c8c4,29fdb627-0f04-48a9-872f-445a320f6696,a5754b11-ecdc-438a-afd5-4f23892cc5d5,follow_up,negative,Although state most upon official expect large put beyond various turn maybe bar south likely use.,2025-11-04T11:28:38.748436
d64036c1-cbbf-4ff7-99b4-7932431e2b5c,29fdb627-0f04-48a9-872f-445a320f6696,a5754b11-ecdc-438a-afd5-4f23892cc5d5,call,positive,Operation him benefit join myself herself push receive others various.,2026-02-17T12:44:09.236696
e8da1000-b332-4012-9538-3408979138bc,29fdb627-0f04-48a9-872f-445a320f6696,a5754b11-ecdc-438a-afd5-4f23892cc5d5,call,neutral,Hot oil go action simply century loss but short himself guy listen be pressure.,2026-03-04T11:34:43.787765
b7093047-4872-4919-ac71-38304d2da564,29fdb627-0f04-48a9-872f-445a320f6696,a5754b11-ecdc-438a-afd5-4f23892cc5d5,meeting,neutral,Resource research land western treat over either area create laugh although stuff hope.,2026-05-04T20:27:58.890563
cd3b33ed-49f7-4cf5-8fd2-c139afe70684,29fdb627-0f04-48a9-872f-445a320f6696,a5754b11-ecdc-438a-afd5-4f23892cc5d5,meeting,negative,But though camera sea medical table chair avoid sometimes hair.,2026-04-30T11:25:08.457721
b47b5672-3237-47f6-974c-e08dbeb586c9,be3c8b4b-9628-453a-8800-99012e503172,2e0048a5-6ab0-4ac9-8e17-12c74e31ba4f,follow_up,neutral,By Republican fact four subject together case market.,2026-03-18T05:41:46.770191
c671a6ea-b1ff-4b0e-a603-bc205e0fb212,be3c8b4b-9628-453a-8800-99012e503172,2e0048a5-6ab0-4ac9-8e17-12c74e31ba4f,follow_up,positive,Adult student face his their audience worry pick statement interview second travel serve identify board.,2026-05-21T06:39:31.769815
43ddab0c-3ef9-4a17-b670-ac870eaa7a8a,be3c8b4b-9628-453a-8800-99012e503172,2e0048a5-6ab0-4ac9-8e17-12c74e31ba4f,call,positive,Imagine rich modern work side whose act fire Mrs effort strategy establish society sport.,2026-05-17T00:15:59.921635
70d44c33-4592-4e0e-aa05-4ce8b9e6667c,be3c8b4b-9628-453a-8800-99012e503172,2e0048a5-6ab0-4ac9-8e17-12c74e31ba4f,meeting,negative,Middle attention own street charge company collection everyone table.,2026-03-28T18:42:10.781161
0afffa0c-070d-459a-802b-f2ac1012ddfe,02f10a13-83c8-42e6-b41a-ba025383cca9,ed7d7474-e7ef-44b6-aab3-0ba018420e1c,email,negative,Share Mrs thus why beyond ten number along a prevent term push rate.,2026-02-25T14:48:13.784809
53191911-0760-4a62-a89b-62f450c2c38b,02f10a13-83c8-42e6-b41a-ba025383cca9,ed7d7474-e7ef-44b6-aab3-0ba018420e1c,follow_up,positive,Yourself kind experience consumer attorney expert speak age southern year.,2025-09-16T03:25:48.562997
aedbde1b-7706-4fb4-b8b3-3ede492bd842,02f10a13-83c8-42e6-b41a-ba025383cca9,ed7d7474-e7ef-44b6-aab3-0ba018420e1c,follow_up,neutral,Bit father above computer simple plan then concern fill visit herself.,2026-03-02T03:03:00.263394
3b699d1b-35ac-45a1-a8fa-aac5ef7dcb66,02f10a13-83c8-42e6-b41a-ba025383cca9,ed7d7474-e7ef-44b6-aab3-0ba018420e1c,demo,no_response,Would book building audience cost look group consider quickly.,2026-04-22T19:43:34.731257
a76abb15-2b31-4182-9213-72217a2c5049,02f10a13-83c8-42e6-b41a-ba025383cca9,ed7d7474-e7ef-44b6-aab3-0ba018420e1c,meeting,neutral,As thing note book notice movement how.,2025-08-04T04:37:14.773126
ebd77ea3-ea06-4ce0-8a51-5a04ba4306e2,02f10a13-83c8-42e6-b41a-ba025383cca9,ed7d7474-e7ef-44b6-aab3-0ba018420e1c,follow_up,negative,Moment general structure inside around student it claim.,2025-09-08T02:11:27.287377
673a60fe-34af-4de9-b229-b8a56db63c68,02f10a13-83c8-42e6-b41a-ba025383cca9,ed7d7474-e7ef-44b6-aab3-0ba018420e1c,follow_up,neutral,Interest star across short report room interesting can major everyone management simply meeting us.,2026-01-13T23:17:02.914945
d98a6dc8-845f-4d1d-9223-54602dda1111,02f10a13-83c8-42e6-b41a-ba025383cca9,ed7d7474-e7ef-44b6-aab3-0ba018420e1c,follow_up,neutral,Some group camera station group religious different.,2025-08-18T08:39:53.728142
77d40f21-1826-4a3b-8c5d-8f67a47e01aa,81641c69-019c-4826-806e-fe0033b38dd4,2e84bd52-7df5-459d-ab52-be0a4951d0d7,meeting,neutral,Feeling somebody value eight case mission lose star pay dark could seem say can fill.,2025-10-23T11:22:00.535357
05b9412a-2ceb-4397-a2ec-272d53cc047f,70ffea41-9687-41d6-abbe-1d889fe4e78e,ed7d7474-e7ef-44b6-aab3-0ba018420e1c,demo,neutral,Single attack alone age yet they arrive fact share stage range grow media couple myself.,2026-03-22T13:37:01.705193
d0144683-1913-44ba-9080-0b2963e5c742,70ffea41-9687-41d6-abbe-1d889fe4e78e,ed7d7474-e7ef-44b6-aab3-0ba018420e1c,call,neutral,Truth recently here section school travel position stuff same word race forget.,2025-12-27T12:37:57.077571
13dc84f1-b9bf-4613-a9e2-f1fee639dbad,279309c6-0962-46dc-8f4c-462207b47075,2f1fc9c6-62e9-4db7-beba-707ee6a1d81a,follow_up,neutral,Technology as data begin many read speak get resource degree soon catch piece war bag.,2026-01-19T23:30:04.977005
2b261294-3f2f-4e2d-b1c9-397e432dfbb3,279309c6-0962-46dc-8f4c-462207b47075,2f1fc9c6-62e9-4db7-beba-707ee6a1d81a,call,neutral,Sound personal energy wife look rich provide another trip relationship hit care strategy.,2025-07-27T03:02:15.299912
60f1c79a-3fa4-48e0-9514-562d183f8a7a,279309c6-0962-46dc-8f4c-462207b47075,2f1fc9c6-62e9-4db7-beba-707ee6a1d81a,email,neutral,Spring maintain note benefit high any better see pass fall.,2025-10-02T01:39:10.420441
47045c74-d0e4-4e7a-87ba-20edf8e3c35e,279309c6-0962-46dc-8f4c-462207b47075,2f1fc9c6-62e9-4db7-beba-707ee6a1d81a,follow_up,neutral,Operation term yard teacher father score age half tell until wish officer money finally group.,2025-03-27T09:46:15.310943
8ad8cbb6-d46b-4bc1-b840-3956c3f19290,279309c6-0962-46dc-8f4c-462207b47075,2f1fc9c6-62e9-4db7-beba-707ee6a1d81a,demo,positive,Hear story news administration talk sing office near right mean than catch push force.,2025-09-26T11:04:13.139144
c7d12b1e-b2a8-45d7-8bfb-8f1d85ee92d9,a02edba2-ceca-452a-9a33-698326c57c13,2f1fc9c6-62e9-4db7-beba-707ee6a1d81a,call,neutral,Purpose food rest expect wall argue color structure environment always news might.,2025-12-19T12:43:55.649865
abea7f4d-e790-43a4-af43-2b3f023995fb,a02edba2-ceca-452a-9a33-698326c57c13,2f1fc9c6-62e9-4db7-beba-707ee6a1d81a,call,positive,Now pressure list PM four dream important.,2026-01-01T21:49:00.092816
79f6daed-d3f3-4ac5-b43b-2e0265a87333,a02edba2-ceca-452a-9a33-698326c57c13,2f1fc9c6-62e9-4db7-beba-707ee6a1d81a,demo,neutral,Study feel list together other over scene talk.,2026-02-01T22:48:09.623178
89c95609-12bd-47e9-bdd8-7a37e8786c2d,a02edba2-ceca-452a-9a33-698326c57c13,2f1fc9c6-62e9-4db7-beba-707ee6a1d81a,email,neutral,Mention right perhaps stuff more quite interesting military agency make herself career group.,2025-10-27T22:49:46.033125
db83f2f4-d619-48d1-885b-fc19f65dbff0,91da2531-cf7a-4003-bc37-10d23304b9f3,2e84bd52-7df5-459d-ab52-be0a4951d0d7,demo,neutral,Both painting business it television trial bank reduce perhaps speech economy minute.,2026-01-19T01:47:35.593306
0f0b0b84-8ddc-4a0e-be91-eaedb77dcffa,91da2531-cf7a-4003-bc37-10d23304b9f3,2e84bd52-7df5-459d-ab52-be0a4951d0d7,follow_up,negative,Size black technology common help no activity piece professor follow action study lead development information end.,2025-10-18T21:21:25.780544
c076fcbd-fe68-41f5-ae45-0fddbca421c0,91da2531-cf7a-4003-bc37-10d23304b9f3,2e84bd52-7df5-459d-ab52-be0a4951d0d7,call,neutral,After throw state blue task their skill car.,2025-07-20T05:50:50.048300
c908d563-6b38-4b21-b266-ada2aba60086,91da2531-cf7a-4003-bc37-10d23304b9f3,2e84bd52-7df5-459d-ab52-be0a4951d0d7,follow_up,positive,There actually choose forward really improve necessary open find by we.,2026-01-22T11:58:28.251444
12bd2f48-c2ee-4abd-9438-d8d7fed09f67,691f3749-55f3-4fd6-8034-9081c9b5396a,ed7d7474-e7ef-44b6-aab3-0ba018420e1c,demo,neutral,Method skin a threat line maybe nor city attack window during time suddenly fish before.,2025-12-29T18:49:49.892098
50cb5681-6957-4a55-a33d-94416a8ceead,691f3749-55f3-4fd6-8034-9081c9b5396a,ed7d7474-e7ef-44b6-aab3-0ba018420e1c,meeting,no_response,Bad happy training build fire discover likely himself quickly.,2024-12-31T14:42:45.337684
4c8057e6-9bde-49c9-bc5d-6b628b90e9b5,691f3749-55f3-4fd6-8034-9081c9b5396a,ed7d7474-e7ef-44b6-aab3-0ba018420e1c,demo,negative,Employee maintain lose kind including mission affect lay really then reflect free investment operation oil key.,2025-12-17T20:43:12.728842
93fdca63-01cc-4731-81d2-3d2af246d64f,691f3749-55f3-4fd6-8034-9081c9b5396a,ed7d7474-e7ef-44b6-aab3-0ba018420e1c,meeting,neutral,Term son single skin around system allow far sometimes fast though nation help allow blue.,2025-03-11T01:37:07.311007
a1cc1f58-b941-4fdc-bf94-409d2c4d00b2,691f3749-55f3-4fd6-8034-9081c9b5396a,ed7d7474-e7ef-44b6-aab3-0ba018420e1c,meeting,neutral,Paper class instead relationship shake name anyone movie it keep else.,2025-02-25T08:56:20.033226
bb65a0cc-7567-4337-87c8-0b81605354bf,691f3749-55f3-4fd6-8034-9081c9b5396a,ed7d7474-e7ef-44b6-aab3-0ba018420e1c,email,no_response,Already soon again goal rate remain enough sound.,2025-11-20T17:09:33.331491
04ed47b6-f7cf-4ed3-9c92-c0d708a40c47,f154e2af-8395-4199-ae0f-1365338e2432,2e0048a5-6ab0-4ac9-8e17-12c74e31ba4f,follow_up,positive,During particularly detail realize force pick where although modern.,2026-04-23T14:06:24.915956
c4bec00f-4c23-4652-8642-3c87a1d71a7c,f154e2af-8395-4199-ae0f-1365338e2432,2e0048a5-6ab0-4ac9-8e17-12c74e31ba4f,meeting,neutral,Police sometimes kitchen card so Mrs long capital situation action sea apply institution development purpose practice.,2026-04-27T09:02:09.609186
5fc0ba7d-c305-4ce9-bcd8-563ee6022da7,f154e2af-8395-4199-ae0f-1365338e2432,2e0048a5-6ab0-4ac9-8e17-12c74e31ba4f,email,neutral,Actually author value indicate history money alone trade.,2026-05-14T18:17:25.004602
b5d5b5eb-dfe1-41ec-88fa-c60b2f55d631,f154e2af-8395-4199-ae0f-1365338e2432,2e0048a5-6ab0-4ac9-8e17-12c74e31ba4f,demo,positive,Give growth kind land game major some teacher interest.,2026-05-16T02:09:01.061332
12b3f12f-ccbf-4acd-8343-293e2454e9c3,f154e2af-8395-4199-ae0f-1365338e2432,2e0048a5-6ab0-4ac9-8e17-12c74e31ba4f,meeting,neutral,Last dog question tough letter least establish popular piece page smile personal and.,2026-04-09T06:55:05.718606
b001e1ff-a867-4c85-8d24-eee769343d83,aaca2758-72d3-43d3-bae8-463afdb92aab,2f1fc9c6-62e9-4db7-beba-707ee6a1d81a,meeting,positive,Population art class past radio can gun state thought character several within course.,2026-03-10T15:19:07.109868
40233930-61d4-41d6-b63c-5879d9fa653a,aaca2758-72d3-43d3-bae8-463afdb92aab,2f1fc9c6-62e9-4db7-beba-707ee6a1d81a,follow_up,positive,Yard fill serious onto skill give area open weight memory already oil modern.,2026-02-26T08:40:00.610230
6dbb3606-3cec-455e-b71f-fcf88d320c89,aaca2758-72d3-43d3-bae8-463afdb92aab,2f1fc9c6-62e9-4db7-beba-707ee6a1d81a,demo,negative,Control call attack all mission yet or society pick individual industry read care.,2026-03-21T05:55:29.435102
110f607c-0ec0-4581-8c27-61cfa0d1ec95,aaca2758-72d3-43d3-bae8-463afdb92aab,2f1fc9c6-62e9-4db7-beba-707ee6a1d81a,email,positive,Especially church Republican father agreement claim Democrat protect thing anything them check air must cut in.,2026-02-05T00:25:43.743997
40959e4c-5829-457f-aa1e-9f902022008d,aaca2758-72d3-43d3-bae8-463afdb92aab,2f1fc9c6-62e9-4db7-beba-707ee6a1d81a,meeting,no_response,Light while whether final guess dog might mind way watch whose very turn window would loss.,2026-04-04T07:27:30.533833
07798490-4dd9-4fa5-a668-dc3263243a98,b7994f5b-3c08-4507-a9c0-381f9ee9faa7,d2c384c1-e51b-4c7e-aede-5f23b2e471f8,meeting,no_response,Follow six lay process kind already risk day.,2025-09-25T09:08:03.167968
9a6016d0-8ee4-4aca-9918-e6ede9aba578,b7994f5b-3c08-4507-a9c0-381f9ee9faa7,d2c384c1-e51b-4c7e-aede-5f23b2e471f8,meeting,negative,Office value company gun line side indeed economic hear.,2025-05-27T01:01:17.920693
0ceb0c94-52b4-4359-b483-1f79b3ba0548,ac57a498-e68b-4ef3-b447-b2b1355d0d59,7f3ae53d-7a26-4c3f-b716-aaed6f37379f,email,negative,World young thousand but ever look growth nor national together.,2026-02-27T15:06:32.950592
bb1a65ec-267d-4d45-ab0a-93b365434e3d,ac57a498-e68b-4ef3-b447-b2b1355d0d59,7f3ae53d-7a26-4c3f-b716-aaed6f37379f,meeting,no_response,Increase Republican sport ahead another these official paper recent table.,2026-01-18T07:55:50.954753
67e68d46-e5ed-40c1-a902-421e458940b2,ac57a498-e68b-4ef3-b447-b2b1355d0d59,7f3ae53d-7a26-4c3f-b716-aaed6f37379f,meeting,positive,Glass and popular evening TV grow finally get among none your tough traditional increase.,2026-01-16T04:22:36.313388
8266496f-477d-4423-b951-e4d8f478659d,ac57a498-e68b-4ef3-b447-b2b1355d0d59,7f3ae53d-7a26-4c3f-b716-aaed6f37379f,follow_up,negative,Fast somebody nothing probably president watch business environment control early least decade event Congress rather look.,2025-01-30T01:21:27.217901
9a70b9e0-deed-48a1-ad7b-0099abe1f48a,ad7ccbba-de54-49c9-965f-2d1d16bb55c0,2f1fc9c6-62e9-4db7-beba-707ee6a1d81a,email,positive,Pressure interesting these stuff conference whose sea suggest technology like million meet section star.,2025-03-05T19:50:36.450802
50836cce-417a-414c-afcf-847ab1da9678,ad7ccbba-de54-49c9-965f-2d1d16bb55c0,2f1fc9c6-62e9-4db7-beba-707ee6a1d81a,follow_up,positive,Last admit drug commercial training available best church century adult quite safe free toward adult tend.,2025-03-20T01:32:54.115262
df7dcc1c-aa39-4140-ad68-5a9297a29e62,ad7ccbba-de54-49c9-965f-2d1d16bb55c0,2f1fc9c6-62e9-4db7-beba-707ee6a1d81a,email,positive,Manager safe price affect recognize add hold small soldier.,2026-01-03T13:33:14.677216
54e22646-eca9-457e-bdd6-1874d6fc4728,ad7ccbba-de54-49c9-965f-2d1d16bb55c0,2f1fc9c6-62e9-4db7-beba-707ee6a1d81a,demo,positive,Agree difficult usually process source you meet phone.,2026-05-05T05:14:24.907578
4a94d174-a1d2-4cf4-92c2-4504abab3cb5,23afe003-a758-4bc1-b215-ca74031c430f,a5754b11-ecdc-438a-afd5-4f23892cc5d5,call,negative,Sell perform choice mission enough decide term drop recent feel left east matter.,2025-05-19T21:08:26.941652
72d1046c-8857-4bc8-9aec-8661cabf9396,23afe003-a758-4bc1-b215-ca74031c430f,a5754b11-ecdc-438a-afd5-4f23892cc5d5,email,positive,Beautiful among strong deep front partner important news food.,2025-05-10T07:25:20.098022
8f3e6ad7-cee2-46cd-bddb-cd37a64a413f,23afe003-a758-4bc1-b215-ca74031c430f,a5754b11-ecdc-438a-afd5-4f23892cc5d5,follow_up,no_response,College student chance lot scene easy enough election.,2026-04-06T10:33:42.536886
bdbd5c36-99e3-4782-b217-8ef3cc42f4a3,23afe003-a758-4bc1-b215-ca74031c430f,a5754b11-ecdc-438a-afd5-4f23892cc5d5,email,neutral,Professor energy glass order chair hot coach alone seven at middle down he.,2025-10-07T22:24:00.681500
fa717a12-91b6-4ba7-96b3-249fe3bf6c56,23afe003-a758-4bc1-b215-ca74031c430f,a5754b11-ecdc-438a-afd5-4f23892cc5d5,demo,neutral,Policy truth perform everything him important coach example treatment seek only increase institution model across case.,2025-04-16T16:53:31.962440
3a33b112-bf55-4829-85a6-0dc0ed3b98bd,23afe003-a758-4bc1-b215-ca74031c430f,a5754b11-ecdc-438a-afd5-4f23892cc5d5,email,negative,Road tend picture total adult others game term look mother show west force scientist improve pattern.,2025-11-30T16:21:07.817081
0ad78875-729a-465d-81eb-109885ac123e,23afe003-a758-4bc1-b215-ca74031c430f,a5754b11-ecdc-438a-afd5-4f23892cc5d5,meeting,neutral,Draw government food want success under wonder member small.,2025-10-06T12:28:51.939950
544acbd8-67aa-4589-9d95-3fabe421a012,23afe003-a758-4bc1-b215-ca74031c430f,a5754b11-ecdc-438a-afd5-4f23892cc5d5,call,no_response,Data pretty just east a opportunity can act discover thank.,2026-03-18T05:34:54.564142
eb0a5bde-0eae-4ce7-aa6a-b7900c0dd48f,4bbb0669-290e-462b-bc6a-934f1e8cf1f4,a5754b11-ecdc-438a-afd5-4f23892cc5d5,follow_up,positive,Baby and century thought thank assume sure wife.,2025-11-15T18:31:46.321671
e06abd4f-d929-42a9-a9f8-609e821ae48e,4bbb0669-290e-462b-bc6a-934f1e8cf1f4,a5754b11-ecdc-438a-afd5-4f23892cc5d5,call,no_response,Prevent natural your soldier analysis wish subject owner.,2025-10-19T08:36:32.624464
ac6adaa1-1d84-4d9d-ba63-9dbba41bcb7e,4e9bc8b7-fc7e-438a-8cd6-18729975498a,a5754b11-ecdc-438a-afd5-4f23892cc5d5,demo,no_response,Take not performance trade number budget deep marriage care help daughter financial.,2026-05-08T20:26:45.205804
b4f3c8aa-170e-4d90-bc9e-668079ec22ef,4e9bc8b7-fc7e-438a-8cd6-18729975498a,a5754b11-ecdc-438a-afd5-4f23892cc5d5,email,no_response,Value them state other job whole program score discussion degree play reason west.,2026-04-15T11:36:45.216019
b7dd8e5b-9489-4f4c-95a9-d38b9b735541,4e9bc8b7-fc7e-438a-8cd6-18729975498a,a5754b11-ecdc-438a-afd5-4f23892cc5d5,call,no_response,Floor increase month impact bring policy within talk environmental nation room task hope late.,2026-04-01T06:32:21.211610
52006711-7128-4563-9ed8-f5dba7faf771,adddb282-6c07-4218-89af-78eddcc6baee,d2c384c1-e51b-4c7e-aede-5f23b2e471f8,demo,positive,Word federal like require significant possible matter long without picture.,2026-05-23T12:45:32.799963
f321f622-d44b-4815-a991-aa98a1f663f2,adddb282-6c07-4218-89af-78eddcc6baee,d2c384c1-e51b-4c7e-aede-5f23b2e471f8,meeting,negative,Administration than commercial wrong avoid free despite itself clearly when act like act hotel week smile.,2026-05-16T13:19:12.414058
1120874b-cda1-4f2d-8770-23d9874282e1,adddb282-6c07-4218-89af-78eddcc6baee,d2c384c1-e51b-4c7e-aede-5f23b2e471f8,call,positive,Recognize significant computer if message any imagine become rule program throughout blue exist soldier itself region.,2026-05-22T15:01:56.570389
db1bce97-0cad-4998-83b5-ffd0d3954132,adddb282-6c07-4218-89af-78eddcc6baee,d2c384c1-e51b-4c7e-aede-5f23b2e471f8,follow_up,positive,Area score be girl admit truth really property hit position three officer.,2026-05-14T05:40:50.369540
c74d3d75-df2b-438c-9bd6-e61302cb98d8,adddb282-6c07-4218-89af-78eddcc6baee,d2c384c1-e51b-4c7e-aede-5f23b2e471f8,meeting,positive,Soldier organization name walk town rise fire guess stock shoulder country today direction training.,2026-05-22T03:34:42.043679
1869a5e0-efc3-42bf-bf25-1d70e2808598,adddb282-6c07-4218-89af-78eddcc6baee,d2c384c1-e51b-4c7e-aede-5f23b2e471f8,follow_up,neutral,Me significant discuss yourself specific address order industry grow quality most administration at form.,2026-05-15T03:23:03.816138
925fba93-9932-4719-b436-a63f5c444d70,adddb282-6c07-4218-89af-78eddcc6baee,d2c384c1-e51b-4c7e-aede-5f23b2e471f8,email,negative,Sign character bed they give sport home fear staff.,2026-05-23T14:42:31.169395
d4b5b5ba-3dd6-4239-ab26-4bb7d7ae5c50,51f52ff1-c6b8-40a8-9f22-ca8550ba55b1,70828046-099d-4fe1-a262-4b11ec73efde,meeting,positive,Democrat modern production save computer follow politics compare study international important accept campaign.,2026-03-09T09:39:56.487543
41c7e1df-6637-492f-afaf-7d3360da1f2c,51f52ff1-c6b8-40a8-9f22-ca8550ba55b1,70828046-099d-4fe1-a262-4b11ec73efde,call,neutral,Example face rather truth page color door indeed just address account in.,2026-01-23T03:14:36.459180
1ea8f4ca-0651-4571-a0eb-af0da1da70be,51f52ff1-c6b8-40a8-9f22-ca8550ba55b1,70828046-099d-4fe1-a262-4b11ec73efde,demo,negative,Else who however far rock smile grow item.,2026-02-07T22:08:00.214204
a455ca73-3213-4aed-be4a-9eb3db403401,51f52ff1-c6b8-40a8-9f22-ca8550ba55b1,70828046-099d-4fe1-a262-4b11ec73efde,email,positive,Available treat ground over better language should series.,2026-02-01T20:48:06.558052
e8e3f348-8bba-4373-a7f3-358cfcc53fe7,51f52ff1-c6b8-40a8-9f22-ca8550ba55b1,70828046-099d-4fe1-a262-4b11ec73efde,meeting,negative,Career opportunity page go politics discussion TV body language.,2026-04-06T18:46:51.786144
d83db15f-5d3b-434a-9453-4e4e5b6a79ad,51f52ff1-c6b8-40a8-9f22-ca8550ba55b1,70828046-099d-4fe1-a262-4b11ec73efde,follow_up,negative,Federal girl with if four rise radio nice claim black recently skin PM.,2026-02-08T14:53:36.140242
7b89a566-7a85-43ea-8067-7c11ef571b4f,51f52ff1-c6b8-40a8-9f22-ca8550ba55b1,70828046-099d-4fe1-a262-4b11ec73efde,email,positive,Left small soon peace respond imagine lay.,2026-05-13T22:35:09.970441
22956401-52ca-4ede-a4c6-56240c3bbfb1,51f52ff1-c6b8-40a8-9f22-ca8550ba55b1,70828046-099d-4fe1-a262-4b11ec73efde,demo,negative,Military sea evidence administration serious painting spring film reason culture west energy decision sign business.,2026-03-21T14:06:55.296734
82293291-12bb-41f3-ad7f-e7e54c0e5905,e94b5756-f7c7-4235-abf6-b161df7ff444,87471b18-bfc0-4214-98fc-51cac106e539,call,neutral,Onto feel source prevent Democrat six we happy right stage direction interest.,2026-02-16T16:01:43.174809
7d255bbe-f790-4de4-984c-2809d6457d9a,e94b5756-f7c7-4235-abf6-b161df7ff444,87471b18-bfc0-4214-98fc-51cac106e539,call,positive,Development air either speech now get economic management friend.,2025-10-26T11:08:19.471239
3206e794-8cb3-4942-b53b-fabf662a514a,e94b5756-f7c7-4235-abf6-b161df7ff444,87471b18-bfc0-4214-98fc-51cac106e539,email,neutral,Any collection section court room your mission rich radio.,2025-12-30T03:02:33.111207
29118772-e0a5-4151-b54a-e75de37ce747,e94b5756-f7c7-4235-abf6-b161df7ff444,87471b18-bfc0-4214-98fc-51cac106e539,email,positive,Total color other within discover among prove since accept great week middle consumer yes.,2025-10-13T21:26:04.223730
459989c7-5fde-4f5f-99cc-2b1f8dfddcd5,e94b5756-f7c7-4235-abf6-b161df7ff444,87471b18-bfc0-4214-98fc-51cac106e539,demo,positive,Ask capital another speech tough less security continue consumer despite.,2025-09-30T11:45:33.183836
3686d9f1-1a81-4a77-a314-dcaf3cc8877c,e94b5756-f7c7-4235-abf6-b161df7ff444,87471b18-bfc0-4214-98fc-51cac106e539,meeting,no_response,Land create central voice example miss newspaper bad east eight arm help of.,2025-12-11T00:21:11.404460
5d18a9a6-3e71-400d-b46e-2d6cb47168b6,62c95757-e5c1-4c37-964c-c41d8d2e9803,2e0048a5-6ab0-4ac9-8e17-12c74e31ba4f,follow_up,neutral,Stand prevent education great three require behind despite beyond they.,2026-03-20T07:02:05.924337
0912fcb5-4fdf-4d5a-8507-7045866b528f,62c95757-e5c1-4c37-964c-c41d8d2e9803,2e0048a5-6ab0-4ac9-8e17-12c74e31ba4f,call,positive,New experience however scientist reason care trip page last continue trial floor.,2026-04-18T11:44:16.963643
9497e22b-39d8-4b50-8e07-a0cef44ee181,62c95757-e5c1-4c37-964c-c41d8d2e9803,2e0048a5-6ab0-4ac9-8e17-12c74e31ba4f,meeting,neutral,Sure blue front new city down painting section street article court federal focus official group meet.,2026-02-26T11:06:12.832681
a27a0c61-d691-4e72-a567-d2c17b03604c,62c95757-e5c1-4c37-964c-c41d8d2e9803,2e0048a5-6ab0-4ac9-8e17-12c74e31ba4f,call,neutral,Admit up voice usually unit modern past reason bar.,2026-04-17T21:46:58.140542
9ac07f28-4d8d-426d-8a05-f3dc8fd66539,62c95757-e5c1-4c37-964c-c41d8d2e9803,2e0048a5-6ab0-4ac9-8e17-12c74e31ba4f,demo,positive,Environment section ahead even young newspaper attorney interest here.,2026-05-02T17:25:24.994193
92cc5206-15a2-4dc9-9e58-601bf295ed25,e4f2ff09-d49e-4a5c-a97a-38df8681cb58,70828046-099d-4fe1-a262-4b11ec73efde,follow_up,no_response,Mean full business summer clear pattern wrong end here we whether describe.,2025-05-21T06:27:08.066177
d016588a-217a-465a-a585-4365148395f9,e4f2ff09-d49e-4a5c-a97a-38df8681cb58,70828046-099d-4fe1-a262-4b11ec73efde,meeting,negative,Within determine mother yeah market say fine resource avoid guy eye matter.,2025-08-06T02:20:42.812267
4be41b9f-e982-4ce5-84a3-b6920ecaef38,e4f2ff09-d49e-4a5c-a97a-38df8681cb58,70828046-099d-4fe1-a262-4b11ec73efde,meeting,neutral,Style near without over dream take enough technology million short want do political him image.,2026-03-28T05:26:23.685082
f9d3c77c-9a84-445a-82a6-326108d2daa0,e4f2ff09-d49e-4a5c-a97a-38df8681cb58,70828046-099d-4fe1-a262-4b11ec73efde,email,positive,Especially matter trip capital site little pattern fill among remain piece parent.,2025-06-21T14:11:38.870232
f75b7afd-96b2-4c04-b8a2-5eea48e25e97,e4f2ff09-d49e-4a5c-a97a-38df8681cb58,70828046-099d-4fe1-a262-4b11ec73efde,email,neutral,Single be far analysis director remain star claim become.,2026-03-07T08:23:24.234714
92510c7e-bd7f-41e0-a5d4-d4d35f92839e,e4f2ff09-d49e-4a5c-a97a-38df8681cb58,70828046-099d-4fe1-a262-4b11ec73efde,demo,negative,Final fish article main involve memory too dinner take but sometimes far fine once.,2025-08-08T19:40:23.003886
917b845a-62a8-41fe-905e-59b4e773f7e1,e4f2ff09-d49e-4a5c-a97a-38df8681cb58,70828046-099d-4fe1-a262-4b11ec73efde,follow_up,neutral,The recognize run stage mention staff available box section another.,2025-11-29T23:22:47.390843
4cb759b9-977e-4365-aa6b-a173e880a215,b93c2cc2-fccb-43a0-ba3d-b5bfd43af7df,a5754b11-ecdc-438a-afd5-4f23892cc5d5,follow_up,negative,Although within plan so with meeting establish job support somebody.,2025-12-04T05:17:54.564337
d8fd5ea7-8c2c-4b80-85b5-1c04bd433220,b93c2cc2-fccb-43a0-ba3d-b5bfd43af7df,a5754b11-ecdc-438a-afd5-4f23892cc5d5,email,neutral,Lawyer continue spring training will so movement total group business measure down must second agent.,2026-04-23T20:13:28.715719
4bdd07aa-a1dd-4865-a884-10cf6ebd4134,b93c2cc2-fccb-43a0-ba3d-b5bfd43af7df,a5754b11-ecdc-438a-afd5-4f23892cc5d5,follow_up,negative,Live interesting left nature get miss fast pull public owner eight medical mission allow also.,2026-03-03T20:02:59.413305
c639b9e1-2111-4bdb-bd23-d1c095987f20,b93c2cc2-fccb-43a0-ba3d-b5bfd43af7df,a5754b11-ecdc-438a-afd5-4f23892cc5d5,call,neutral,Rate whole behavior whose feel chance anything.,2025-09-09T07:59:58.485117
39b59896-5e47-4642-9d33-a78bd15dfb63,b93c2cc2-fccb-43a0-ba3d-b5bfd43af7df,a5754b11-ecdc-438a-afd5-4f23892cc5d5,follow_up,neutral,Blood still budget while probably improve table think job card.,2026-03-04T22:41:29.839581
a74c596f-9831-4dcd-834c-0c4882ea6aa7,b93c2cc2-fccb-43a0-ba3d-b5bfd43af7df,a5754b11-ecdc-438a-afd5-4f23892cc5d5,call,negative,Raise suffer picture end letter personal imagine finish.,2026-03-06T18:33:27.687091
730c07a1-9c21-4f1d-9b56-27f700cc5216,b93c2cc2-fccb-43a0-ba3d-b5bfd43af7df,a5754b11-ecdc-438a-afd5-4f23892cc5d5,call,positive,Follow important year campaign hundred stop value.,2025-09-29T11:39:39.021402
b00d3591-a14b-4c01-b841-75b6af712847,b93c2cc2-fccb-43a0-ba3d-b5bfd43af7df,a5754b11-ecdc-438a-afd5-4f23892cc5d5,follow_up,negative,Couple picture national recently wear green yard financial commercial by this concern yourself.,2025-10-15T06:32:55.395965
22305aee-16cf-47f6-bdca-90541132c565,e072a7ba-762c-4895-91ed-408a6745f92c,a5754b11-ecdc-438a-afd5-4f23892cc5d5,follow_up,neutral,They traditional maintain protect interview organization project subject nothing decide weight sit then.,2025-10-30T04:22:58.678491
57f6a2ca-910b-4dd2-996c-2b79fda89c5b,e072a7ba-762c-4895-91ed-408a6745f92c,a5754b11-ecdc-438a-afd5-4f23892cc5d5,email,neutral,Newspaper if out about find state represent around four condition film ready among especially.,2025-11-26T19:33:01.384374
23ffc4ae-9ba7-4a73-ad63-829b7cd661f6,e072a7ba-762c-4895-91ed-408a6745f92c,a5754b11-ecdc-438a-afd5-4f23892cc5d5,follow_up,neutral,International table nature room as challenge executive then stage maybe read we.,2026-01-08T05:05:58.596650
a8fb544d-a55a-48a9-85c1-a5a0c52a4476,e072a7ba-762c-4895-91ed-408a6745f92c,a5754b11-ecdc-438a-afd5-4f23892cc5d5,email,negative,None project able example beat community personal thank deep perhaps course eye.,2026-04-09T16:50:38.323379
8c34b9b6-d216-4f43-8e21-d28460f0624c,f5247ac3-684d-4854-85a4-c24d8774705c,7f3ae53d-7a26-4c3f-b716-aaed6f37379f,call,negative,International avoid popular response her cover friend information probably police consumer company appear face since base.,2025-10-10T01:29:28.273478
a84280a7-8a41-4913-b352-a8e2a26b14cf,f5247ac3-684d-4854-85a4-c24d8774705c,7f3ae53d-7a26-4c3f-b716-aaed6f37379f,demo,negative,Tend hotel good program eight family role billion why think actually imagine.,2026-04-08T22:10:28.366276
569c8347-f00e-4f36-95ed-552ca32e97ac,f5247ac3-684d-4854-85a4-c24d8774705c,7f3ae53d-7a26-4c3f-b716-aaed6f37379f,demo,positive,Compare whole reach subject couple politics sign realize.,2025-05-12T20:09:47.291826
45614522-2cc3-4fa9-8db8-ccaf05dd741e,f5247ac3-684d-4854-85a4-c24d8774705c,7f3ae53d-7a26-4c3f-b716-aaed6f37379f,demo,positive,Sit wish young night will decision debate learn best we mean.,2025-12-04T17:31:42.405868
5068e9e1-f210-4efb-b74a-ed8474fd254d,f5247ac3-684d-4854-85a4-c24d8774705c,7f3ae53d-7a26-4c3f-b716-aaed6f37379f,call,neutral,Work list and foreign discover economic offer win budget.,2025-05-09T01:08:36.505945
2368b8f1-d721-40e9-8e5a-d6682c28b174,f5247ac3-684d-4854-85a4-c24d8774705c,7f3ae53d-7a26-4c3f-b716-aaed6f37379f,meeting,neutral,Professional training fire type in but blue mind minute nice middle foot option necessary wind.,2025-06-15T10:22:27.657555
36b01e22-faba-4949-a7b2-a29a74d8e1f3,f5247ac3-684d-4854-85a4-c24d8774705c,7f3ae53d-7a26-4c3f-b716-aaed6f37379f,demo,positive,Yeah there cover account three international cup without material.,2026-04-08T15:06:34.257182
fbeaef63-35ca-434c-afe6-48ff39e40523,f5247ac3-684d-4854-85a4-c24d8774705c,7f3ae53d-7a26-4c3f-b716-aaed6f37379f,call,neutral,Religious PM should Republican federal room today Democrat.,2026-02-22T10:31:00.060073
d1506ca8-df4d-4c02-9cb9-53c1c0c105c2,efb100fc-7316-4c32-a49a-fcad3223cb01,d2c384c1-e51b-4c7e-aede-5f23b2e471f8,call,positive,Strong fly door blood year serious establish get network school guess imagine.,2026-01-23T11:15:23.978310
417b2eed-b60d-4b64-9932-ec85fb400fff,efb100fc-7316-4c32-a49a-fcad3223cb01,d2c384c1-e51b-4c7e-aede-5f23b2e471f8,call,neutral,Ok speak heart hope whatever arm at partner president return brother determine determine ten.,2025-02-25T16:08:54.679544
c093a42b-ae7d-400f-8949-f83eae0a76a9,02dee5fe-f314-4125-8eea-becc3dc67db2,7f3ae53d-7a26-4c3f-b716-aaed6f37379f,call,no_response,Pass against Mr view collection easy house bed green yet police.,2025-03-13T20:12:10.337014
8224969e-62d5-4d71-a5ab-7e44fd8db785,72e7368a-e57d-49c0-ba33-1c576dc1a2db,70828046-099d-4fe1-a262-4b11ec73efde,call,neutral,Husband leg government wife continue away but eye thousand.,2026-04-15T12:03:23.318757
179ba864-936c-4726-a55a-9554032cf9c2,72e7368a-e57d-49c0-ba33-1c576dc1a2db,70828046-099d-4fe1-a262-4b11ec73efde,email,negative,Far prevent attorney hot lose sign this reflect into prove church right nation try.,2025-08-09T22:10:32.078086
7ba4780e-29e9-4d99-a866-5a7cda61c824,72e7368a-e57d-49c0-ba33-1c576dc1a2db,70828046-099d-4fe1-a262-4b11ec73efde,demo,neutral,Off operation position establish on analysis section plan suffer station near main seat.,2025-02-08T19:04:52.161041
d0fd75b6-eac8-4295-8688-17206b795f25,72e7368a-e57d-49c0-ba33-1c576dc1a2db,70828046-099d-4fe1-a262-4b11ec73efde,demo,neutral,Today gas under make total position yet main forget often kind treat knowledge.,2025-04-11T08:56:29.883114
2800efa2-5e27-463f-aabd-f2b06d899d60,72e7368a-e57d-49c0-ba33-1c576dc1a2db,70828046-099d-4fe1-a262-4b11ec73efde,demo,neutral,Interest memory trip woman door full around force machine article lawyer better themselves pretty none.,2026-05-03T16:34:51.206612
2340400c-86d2-4d2d-be65-3dfe8401ad6a,72e7368a-e57d-49c0-ba33-1c576dc1a2db,70828046-099d-4fe1-a262-4b11ec73efde,follow_up,positive,North television nothing film certainly analysis themselves water surface feeling character candidate.,2025-12-13T12:04:58.287857
8595878c-8ef3-43ab-97c7-d061ed935b84,72e7368a-e57d-49c0-ba33-1c576dc1a2db,70828046-099d-4fe1-a262-4b11ec73efde,meeting,positive,Drop to investment manager condition work continue thousand garden say system media case state.,2025-05-01T07:25:46.626006
8229d116-5a82-421b-895e-692771dc1ac3,72e7368a-e57d-49c0-ba33-1c576dc1a2db,70828046-099d-4fe1-a262-4b11ec73efde,follow_up,neutral,Beautiful science trade international floor such start month know peace career.,2025-03-10T16:03:43.951258
f4603898-eee5-4ba4-ad8e-b1241fe2d2f2,b94d4991-8e04-48c9-b7fc-c43768c76175,a5754b11-ecdc-438a-afd5-4f23892cc5d5,email,negative,Nor board recently some including approach possible suffer student blue TV security people true think serve.,2025-09-21T05:13:54.160815
3140d84d-dff5-4b34-a3d8-2f9a9654fdc6,b94d4991-8e04-48c9-b7fc-c43768c76175,a5754b11-ecdc-438a-afd5-4f23892cc5d5,call,no_response,Opportunity hotel test treat administration tell well play respond ever six stuff should second size.,2026-04-22T11:14:55.658852
3c7fbf03-aea7-4ca0-990c-16dbfe5db2c9,b94d4991-8e04-48c9-b7fc-c43768c76175,a5754b11-ecdc-438a-afd5-4f23892cc5d5,demo,negative,Recently claim stuff read public eight American worry act here.,2025-07-06T12:58:54.647593
e3e4616d-b7b9-49b2-9bfc-70127464e241,88eeaf9e-f875-4a36-a424-a2e1b082fc90,ed7d7474-e7ef-44b6-aab3-0ba018420e1c,follow_up,neutral,See office choose notice indeed way agency trouble answer career maybe adult relate station family.,2025-12-21T07:39:33.951817
ea9e8ad7-7b4a-4423-994c-883c68a75745,88eeaf9e-f875-4a36-a424-a2e1b082fc90,ed7d7474-e7ef-44b6-aab3-0ba018420e1c,email,positive,However throw little bar source understand evening business crime chance significant know exactly.,2025-12-24T15:09:45.705111
42a122cc-69c0-4993-a29d-c6b4c042dd49,88eeaf9e-f875-4a36-a424-a2e1b082fc90,ed7d7474-e7ef-44b6-aab3-0ba018420e1c,meeting,positive,Artist need interesting safe guess radio vote mission from fund side south analysis grow.,2026-02-13T00:00:06.718133
af6e6fe1-57aa-4659-a655-4a383e00ff43,88eeaf9e-f875-4a36-a424-a2e1b082fc90,ed7d7474-e7ef-44b6-aab3-0ba018420e1c,email,no_response,Worry story ball agent report article put past them dark might shoulder population.,2026-03-19T02:32:49.636600
8d65f3e9-7e00-4ca0-b160-e97ba1756d05,88eeaf9e-f875-4a36-a424-a2e1b082fc90,ed7d7474-e7ef-44b6-aab3-0ba018420e1c,call,positive,Throughout high different any paper base believe include.,2026-05-20T15:25:50.236943
a0f2bb20-8819-48c8-94ba-7a27a3d16f51,88eeaf9e-f875-4a36-a424-a2e1b082fc90,ed7d7474-e7ef-44b6-aab3-0ba018420e1c,demo,negative,One smile rest both short church need behind our lose western responsibility modern.,2026-01-17T23:42:22.639245
dee91916-6f78-471b-8713-dca46fdadd66,88eeaf9e-f875-4a36-a424-a2e1b082fc90,ed7d7474-e7ef-44b6-aab3-0ba018420e1c,call,positive,Among discuss use professor trial allow note tree sit follow.,2026-01-31T14:35:31.473985
ae1145f0-11b0-4ee7-a74f-2ced31d9e9b3,4ce1abd8-d1b5-43ed-9b82-36b41fa3ed1e,87471b18-bfc0-4214-98fc-51cac106e539,call,neutral,Bad argue account do field they understand do well.,2026-02-08T23:21:12.145369
dfcf59df-1977-46f2-b308-79971c4af74d,4ce1abd8-d1b5-43ed-9b82-36b41fa3ed1e,87471b18-bfc0-4214-98fc-51cac106e539,demo,neutral,Discover create great call material fish speech collection air.,2026-02-07T11:40:13.590839
bc48eef5-b8c2-4967-b5a0-4775addee3f1,608f08d4-d1a0-4243-9a66-d78bceb144d5,2e0048a5-6ab0-4ac9-8e17-12c74e31ba4f,email,neutral,Something impact professor ground kind food loss party yard life security ahead describe school.,2026-05-19T23:04:00.538074
8eb27d38-c9cd-4101-851d-cf8ed763621b,e928f197-bb53-48a3-a0af-efd8e4f3fe4c,ed7d7474-e7ef-44b6-aab3-0ba018420e1c,demo,positive,Affect political table break play interesting list real century.,2026-05-13T07:12:24.038501
da57a43d-7c99-4b37-bfdb-e95c358c1d44,e928f197-bb53-48a3-a0af-efd8e4f3fe4c,ed7d7474-e7ef-44b6-aab3-0ba018420e1c,email,negative,Manage watch assume inside share foot protect respond.,2026-04-30T21:02:01.132357
91224c37-ad46-447d-a57c-2611a63e9a0f,e928f197-bb53-48a3-a0af-efd8e4f3fe4c,ed7d7474-e7ef-44b6-aab3-0ba018420e1c,call,positive,Next report small structure ability figure happen team one quality artist central.,2026-04-24T06:46:37.064863
b5a152bd-299b-4af9-b14d-716fdc7e08c3,e928f197-bb53-48a3-a0af-efd8e4f3fe4c,ed7d7474-e7ef-44b6-aab3-0ba018420e1c,meeting,positive,Down event world voice nearly imagine scientist adult news stuff as beyond by.,2026-01-25T01:22:48.448134
ada4f4e5-0662-4eef-81bb-b128f05ad956,e928f197-bb53-48a3-a0af-efd8e4f3fe4c,ed7d7474-e7ef-44b6-aab3-0ba018420e1c,follow_up,neutral,Prepare add day seek address very one lay history energy.,2025-12-11T20:53:17.781260
ec0ca646-3140-4b84-a3da-ed8f81154335,e928f197-bb53-48a3-a0af-efd8e4f3fe4c,ed7d7474-e7ef-44b6-aab3-0ba018420e1c,follow_up,negative,His meeting year seem responsibility onto recognize notice get song alone perform once week can able.,2025-12-20T05:38:03.032181
b84b64de-8d11-4191-8af2-68a94e4fe875,e928f197-bb53-48a3-a0af-efd8e4f3fe4c,ed7d7474-e7ef-44b6-aab3-0ba018420e1c,meeting,positive,Music professional condition doctor service program word explain continue discuss reflect address long.,2025-10-09T05:30:38.789211
2b227239-3c7f-4d43-b288-3b000338fa89,0d3c5107-8470-45cc-9736-78bcb95fed46,f2c0b9d2-c44d-4ae1-9353-3b3f3fc2a1c2,follow_up,positive,Stock economic learn suggest sister leave well bank soon throw research fall edge certain product candidate.,2026-05-02T19:37:29.195012
52d12403-5bf7-409d-844a-bbd8c3a4f4cc,0d3c5107-8470-45cc-9736-78bcb95fed46,f2c0b9d2-c44d-4ae1-9353-3b3f3fc2a1c2,meeting,neutral,Page research speak lead often off at season.,2026-04-20T01:38:41.544279
3f84d6e0-f7b1-4d85-a5ea-19e33935f1ed,0d3c5107-8470-45cc-9736-78bcb95fed46,f2c0b9d2-c44d-4ae1-9353-3b3f3fc2a1c2,follow_up,no_response,Probably American nor be order type morning so technology child specific material its bar lawyer choice.,2025-10-05T08:12:16.641798
f8a148b8-ed58-43eb-8c77-9921720f1cec,7611db9d-32ec-46f1-94f3-a708bcf96896,7f3ae53d-7a26-4c3f-b716-aaed6f37379f,demo,neutral,Social decade PM language heart able determine pretty choose natural summer project.,2026-04-17T19:32:22.692250
32cca079-8786-467a-ad74-4295c262801b,7611db9d-32ec-46f1-94f3-a708bcf96896,7f3ae53d-7a26-4c3f-b716-aaed6f37379f,call,no_response,Party a pick organization happy act activity season others world.,2025-08-15T23:27:26.260303
f510c301-4edb-4de0-84c5-bd4b58bd6f67,7611db9d-32ec-46f1-94f3-a708bcf96896,7f3ae53d-7a26-4c3f-b716-aaed6f37379f,demo,negative,Character describe crime whole one wife program suffer.,2025-05-24T15:54:10.959157
f0c1b25f-38b7-4d60-a78a-95399009e646,962a74ec-bf18-4ff4-9e48-14cde87d1ec1,7f3ae53d-7a26-4c3f-b716-aaed6f37379f,demo,neutral,Street realize lay those field expect issue sing must economy easy.,2026-04-11T19:10:16.034806
ec50d041-fa72-4843-8f0c-ce73650940c4,962a74ec-bf18-4ff4-9e48-14cde87d1ec1,7f3ae53d-7a26-4c3f-b716-aaed6f37379f,meeting,neutral,Student short any fact whether agree thousand measure lawyer myself third watch.,2026-04-15T19:27:14.865768
1acf8947-8644-4b72-b8d7-a7f06a58699d,962a74ec-bf18-4ff4-9e48-14cde87d1ec1,7f3ae53d-7a26-4c3f-b716-aaed6f37379f,follow_up,neutral,Stop take often cost road necessary manager impact nearly program stop change.,2026-05-04T04:42:19.687802
c11acab7-2069-4b59-aeb2-494e14c6f40a,962a74ec-bf18-4ff4-9e48-14cde87d1ec1,7f3ae53d-7a26-4c3f-b716-aaed6f37379f,email,neutral,Dream debate staff wall of instead heavy story this although source could.,2026-02-14T02:16:22.777926
25f04764-9370-475d-823a-bda21b512f02,962a74ec-bf18-4ff4-9e48-14cde87d1ec1,7f3ae53d-7a26-4c3f-b716-aaed6f37379f,email,negative,Then process arm season cover cup claim discussion rich spend economy represent stock fall business hospital.,2026-02-07T11:48:19.040787
2bf95978-921a-421d-903f-997344b8f925,962a74ec-bf18-4ff4-9e48-14cde87d1ec1,7f3ae53d-7a26-4c3f-b716-aaed6f37379f,call,neutral,Rather reveal more near think open sport soon true dog collection wonder like foreign room.,2026-03-30T00:38:51.850408
5c5f31e4-3bcf-41e3-a89e-ee8f0c90e00f,532a723f-0093-4bc5-8b48-c32a3045a74b,ed7d7474-e7ef-44b6-aab3-0ba018420e1c,follow_up,neutral,Might pattern yes kitchen treatment sense true.,2026-02-11T04:14:47.134511
e87e849f-5284-45a8-9ae3-271e2587cb8d,532a723f-0093-4bc5-8b48-c32a3045a74b,ed7d7474-e7ef-44b6-aab3-0ba018420e1c,demo,positive,Anyone expert threat rich blue skill industry result if movie reason character industry avoid degree now.,2025-04-29T13:06:09.105505
60591e57-3984-463c-93b3-6f7bf8361acb,532a723f-0093-4bc5-8b48-c32a3045a74b,ed7d7474-e7ef-44b6-aab3-0ba018420e1c,email,neutral,Democrat first long cultural class free system star form challenge win usually.,2025-10-11T15:44:17.614064
2e6a57af-44c9-46ff-9f04-46f001f257ab,532a723f-0093-4bc5-8b48-c32a3045a74b,ed7d7474-e7ef-44b6-aab3-0ba018420e1c,call,no_response,Society imagine fill single decision challenge test whole conference recently.,2025-12-05T06:48:32.481961
4d512778-b1cf-456f-a40a-8e9ad50a7776,532a723f-0093-4bc5-8b48-c32a3045a74b,ed7d7474-e7ef-44b6-aab3-0ba018420e1c,meeting,positive,Paper respond sure sell popular occur site wait image assume turn through.,2026-01-03T14:02:42.613513
35fb7fba-387f-4adb-8c20-ffa72ec19822,532a723f-0093-4bc5-8b48-c32a3045a74b,ed7d7474-e7ef-44b6-aab3-0ba018420e1c,email,positive,Popular worry particularly say majority fall alone commercial beautiful behavior available walk story fine listen.,2025-12-06T19:24:12.076870
ed84a601-26d3-4dd9-b179-623202ac976f,532a723f-0093-4bc5-8b48-c32a3045a74b,ed7d7474-e7ef-44b6-aab3-0ba018420e1c,demo,negative,Other note at road condition feel wear face south next organization apply office them.,2025-11-17T02:28:26.845537
b882dbe6-0866-4680-92e5-6c536ec2eac2,a486e08e-a8d0-498b-be3b-7399a29cd7c3,d2c384c1-e51b-4c7e-aede-5f23b2e471f8,call,positive,Represent respond floor at economic writer agent.,2025-08-10T22:47:16.533216
caceb103-5a2c-4267-8985-0bcffd58419f,3706dd1f-96a6-4d41-9bcd-f771a94ff71b,d2c384c1-e51b-4c7e-aede-5f23b2e471f8,demo,positive,Couple make brother feeling some start executive else goal and agent fine now future.,2025-04-23T20:31:53.660546
e6ca0a69-4fee-4d82-88eb-d77111c085fa,3706dd1f-96a6-4d41-9bcd-f771a94ff71b,d2c384c1-e51b-4c7e-aede-5f23b2e471f8,meeting,positive,Treatment picture national car other save security beautiful accept us.,2026-04-17T13:24:07.540616
42faaf36-3c68-45b5-8682-5673a07c9553,3706dd1f-96a6-4d41-9bcd-f771a94ff71b,d2c384c1-e51b-4c7e-aede-5f23b2e471f8,call,positive,Shake most order care minute support pressure attack practice task report maybe son by.,2026-03-14T05:27:16.943317
1d126416-84b0-4617-9a0e-0c2e815f90db,3706dd1f-96a6-4d41-9bcd-f771a94ff71b,d2c384c1-e51b-4c7e-aede-5f23b2e471f8,email,no_response,Front production question worker interest teach direction quality common even once know describe forget piece set.,2026-01-02T06:07:00.199828
3a72fb21-6564-422b-9610-74b688dcd268,f4fb5e0a-d5c0-43c2-b28b-92ea082140a3,87471b18-bfc0-4214-98fc-51cac106e539,demo,no_response,Large keep step activity boy actually television traditional parent law machine be teach.,2025-04-27T02:56:19.718944
2e8a8675-13f5-42a7-b145-85e1511d9599,f4fb5e0a-d5c0-43c2-b28b-92ea082140a3,87471b18-bfc0-4214-98fc-51cac106e539,follow_up,negative,Property figure stay now fight every figure.,2025-03-07T23:47:15.745898
8330c6cf-7db0-4986-bef6-49390c69501c,22d1acc2-bbd2-4a67-95f1-0f3fb64371a7,2f1fc9c6-62e9-4db7-beba-707ee6a1d81a,email,neutral,Simple girl brother whose grow worker know certain represent me improve raise future blood.,2026-04-21T09:38:33.370824
ccdd3f30-d981-4440-925d-bf52316e3884,22d1acc2-bbd2-4a67-95f1-0f3fb64371a7,2f1fc9c6-62e9-4db7-beba-707ee6a1d81a,meeting,positive,Morning score box develop issue line maintain record trouble safe floor authority run case.,2025-09-12T22:17:02.011035
73265b18-aff9-44cd-8fd0-d0a674120b65,22d1acc2-bbd2-4a67-95f1-0f3fb64371a7,2f1fc9c6-62e9-4db7-beba-707ee6a1d81a,follow_up,neutral,This show finish Republican walk speech assume probably full follow its such approach coach brother under.,2025-10-16T16:19:23.769347
c5f14804-c7d6-44ef-9b53-99f6ee001483,22d1acc2-bbd2-4a67-95f1-0f3fb64371a7,2f1fc9c6-62e9-4db7-beba-707ee6a1d81a,meeting,positive,Bank point high account understand picture full.,2026-03-02T15:43:43.596361
241564a2-a8f2-4794-b7e1-f5ecc24697c1,22d1acc2-bbd2-4a67-95f1-0f3fb64371a7,2f1fc9c6-62e9-4db7-beba-707ee6a1d81a,follow_up,negative,Feel piece everything nature could less professor mention.,2025-09-19T20:40:17.944211
eded9cad-b13b-4e6e-a3e6-230d8174352d,22d1acc2-bbd2-4a67-95f1-0f3fb64371a7,2f1fc9c6-62e9-4db7-beba-707ee6a1d81a,demo,positive,Even interview newspaper career talk decide difficult.,2025-12-01T19:36:23.116232
5e7dafa9-5b12-4790-bee0-7c613ddac10c,22d1acc2-bbd2-4a67-95f1-0f3fb64371a7,2f1fc9c6-62e9-4db7-beba-707ee6a1d81a,demo,neutral,Gun spend beyond method security enough choice likely eight power both pick.,2025-08-01T19:14:26.821085
3b01962c-2271-45e5-8578-52bc4d25a540,b9f1d8e4-55cd-4a61-ba91-5b17390a8257,2e0048a5-6ab0-4ac9-8e17-12c74e31ba4f,email,positive,Wish dark magazine how blood scientist try meeting fast.,2025-10-10T13:21:17.514434
85351a7d-8864-4976-8739-03bb74801f9c,b9f1d8e4-55cd-4a61-ba91-5b17390a8257,2e0048a5-6ab0-4ac9-8e17-12c74e31ba4f,demo,positive,Sense report upon heavy section several simple house arrive.,2026-04-18T18:38:57.451549
d492a1d4-6063-4a7b-bb32-54c6ce598495,b9f1d8e4-55cd-4a61-ba91-5b17390a8257,2e0048a5-6ab0-4ac9-8e17-12c74e31ba4f,email,neutral,Mind do capital whether concern name seek record walk financial.,2026-03-16T04:51:55.072082
9de438e8-698c-4b8b-87ef-8e27a3da5ba8,b9f1d8e4-55cd-4a61-ba91-5b17390a8257,2e0048a5-6ab0-4ac9-8e17-12c74e31ba4f,call,positive,Treat help according million floor list attack increase.,2025-11-08T01:22:33.952615
f5dafda3-22e0-44e9-8a2d-7d386bbc0f11,b9f1d8e4-55cd-4a61-ba91-5b17390a8257,2e0048a5-6ab0-4ac9-8e17-12c74e31ba4f,follow_up,neutral,Ready surface theory picture thus later suggest budget ask stock room occur data front suffer.,2025-12-24T06:20:12.166454
27593895-8013-4cea-9074-58a76eaab211,b9f1d8e4-55cd-4a61-ba91-5b17390a8257,2e0048a5-6ab0-4ac9-8e17-12c74e31ba4f,demo,positive,Agreement beat office what suffer turn mouth fire another cover still member relationship yeah.,2026-03-11T21:06:29.627324
757c870c-daa5-402a-aab0-0f2135943fcc,4f55a35b-968f-4d40-bdc7-0d91f1a41857,70828046-099d-4fe1-a262-4b11ec73efde,meeting,neutral,Miss fight any great door reflect create great know.,2025-12-11T18:50:52.879611
d738813e-e026-4573-b9bb-0184786c16c3,4f55a35b-968f-4d40-bdc7-0d91f1a41857,70828046-099d-4fe1-a262-4b11ec73efde,follow_up,no_response,Enjoy throw difficult what especially number tree also money avoid some fast your country.,2025-06-16T08:44:11.076900
8fb8b3f6-1f93-4384-8e05-addbb604d3ff,4f55a35b-968f-4d40-bdc7-0d91f1a41857,70828046-099d-4fe1-a262-4b11ec73efde,demo,negative,Less deal war ground away body determine.,2025-08-09T12:45:10.777010
60adf651-06d8-4a94-b8a3-6a7ebe217f2f,4f55a35b-968f-4d40-bdc7-0d91f1a41857,70828046-099d-4fe1-a262-4b11ec73efde,meeting,neutral,Sea word partner none and its during environmental teach.,2025-07-25T07:49:06.146962
0ef2bd54-57c5-4abf-8814-062f0aaf6943,0bc1ce6e-8580-4d3a-a4c2-8d8cfd0650e1,87471b18-bfc0-4214-98fc-51cac106e539,demo,neutral,Really commercial particularly each training those new decade leader artist paper across sport report.,2025-10-13T13:28:38.785497
eeec7a22-be87-4d6a-aa34-b692be5eae0b,0bc1ce6e-8580-4d3a-a4c2-8d8cfd0650e1,87471b18-bfc0-4214-98fc-51cac106e539,meeting,positive,Become level east understand option population billion grow responsibility likely far shoulder store central work.,2026-02-14T11:12:39.472818
a1332080-8094-4651-be48-da7c81f4a5ae,0bc1ce6e-8580-4d3a-a4c2-8d8cfd0650e1,87471b18-bfc0-4214-98fc-51cac106e539,follow_up,neutral,Bed under focus commercial pretty consumer yes number partner but skin open yourself task hand hour.,2025-11-16T23:44:43.579775
4a08f94b-e6d7-476e-abfc-472d4ba36329,0bc1ce6e-8580-4d3a-a4c2-8d8cfd0650e1,87471b18-bfc0-4214-98fc-51cac106e539,follow_up,no_response,Art teacher middle tend beat inside base current authority difference among public certainly discussion see.,2025-09-27T12:26:33.368520
21a34fad-d814-4c72-9ec5-0a19ee9f3c25,0bc1ce6e-8580-4d3a-a4c2-8d8cfd0650e1,87471b18-bfc0-4214-98fc-51cac106e539,call,neutral,Wind through key wish owner matter street somebody spend large involve seek add performance.,2025-09-09T22:20:56.646992
3bb866c3-1fc8-448a-a2d8-b4543d836f4b,0bc1ce6e-8580-4d3a-a4c2-8d8cfd0650e1,87471b18-bfc0-4214-98fc-51cac106e539,call,no_response,Product same sure itself thus even thing modern wait peace once small.,2026-02-23T16:52:08.644403
71781cf2-486b-4b89-bfc3-d35b3536798c,0bc1ce6e-8580-4d3a-a4c2-8d8cfd0650e1,87471b18-bfc0-4214-98fc-51cac106e539,call,negative,Traditional forward they necessary about candidate nation five and huge.,2025-12-18T15:27:29.990269
dfb1e54e-25c7-4389-9d91-300715423766,0bc1ce6e-8580-4d3a-a4c2-8d8cfd0650e1,87471b18-bfc0-4214-98fc-51cac106e539,demo,positive,Drug bring whether middle should structure campaign organization evening middle price whether.,2026-03-07T15:57:38.037120
09dc1c8f-ffd8-473a-acc7-23dfffcc2d7a,e305ba4c-d466-40cb-911f-daaa5dbe83a8,2f1fc9c6-62e9-4db7-beba-707ee6a1d81a,call,negative,Consider budget writer lose itself listen religious theory teach.,2026-01-08T14:31:45.475551
8b9dce3a-442c-49db-9625-5394cc7c861b,e305ba4c-d466-40cb-911f-daaa5dbe83a8,2f1fc9c6-62e9-4db7-beba-707ee6a1d81a,call,positive,But case suffer candidate clear wait guess air spend fly can treat even house research.,2026-04-27T03:49:08.925083
05d10d5f-ee6e-4a78-9f13-0fc4ae4afb58,e305ba4c-d466-40cb-911f-daaa5dbe83a8,2f1fc9c6-62e9-4db7-beba-707ee6a1d81a,demo,neutral,Position white increase environmental crime provide treatment prevent federal none prove almost expert high open three.,2025-12-30T17:02:15.065942
e6b3e90b-ad19-47fa-a3ea-8f9def388ec7,e305ba4c-d466-40cb-911f-daaa5dbe83a8,2f1fc9c6-62e9-4db7-beba-707ee6a1d81a,follow_up,negative,Five hour crime or year fact sound politics truth.,2025-11-25T10:44:15.450463
7cc61018-1b8a-4926-9862-72fd20a55655,c06d6009-140a-4009-89a5-e35bdae54c75,87471b18-bfc0-4214-98fc-51cac106e539,demo,positive,Likely bill usually fear section have foot beautiful our remain large year analysis population.,2026-03-04T14:54:56.488262
b925af0b-6257-4500-b31d-a02b9868f795,c06d6009-140a-4009-89a5-e35bdae54c75,87471b18-bfc0-4214-98fc-51cac106e539,follow_up,neutral,Support employee just your exactly tough bill role teach while office seek Republican.,2026-02-18T13:12:28.891880
f96491d6-26d7-4041-af6c-579cd74c4f34,c06d6009-140a-4009-89a5-e35bdae54c75,87471b18-bfc0-4214-98fc-51cac106e539,call,positive,Including around prepare talk certain laugh itself thing foreign teacher seek area author environmental.,2026-02-16T05:37:06.022187
bd1f1567-3d02-4d11-9cdf-e1023951d4c7,c06d6009-140a-4009-89a5-e35bdae54c75,87471b18-bfc0-4214-98fc-51cac106e539,meeting,neutral,Reveal fast style young happen push no church push power network human box.,2026-03-04T14:47:50.073447
9274063a-5873-4fc5-a2c3-ed20bad6df87,c06d6009-140a-4009-89a5-e35bdae54c75,87471b18-bfc0-4214-98fc-51cac106e539,meeting,positive,Smile prepare step hear painting man card key customer quite.,2026-03-31T17:07:59.992501
3b9f7063-61be-4a9e-9b55-0aade161b6df,c06d6009-140a-4009-89a5-e35bdae54c75,87471b18-bfc0-4214-98fc-51cac106e539,demo,negative,Far big difficult red me impact this several vote tree case concern her.,2026-03-24T14:29:55.051304
400ff37c-c2fe-4c51-94ce-56ae809d9ff7,c06d6009-140a-4009-89a5-e35bdae54c75,87471b18-bfc0-4214-98fc-51cac106e539,email,positive,Assume yet from people road service plant professional way word edge fall fact.,2026-05-20T04:07:22.010885
2b0c59ea-cc07-4dac-acf9-e14489c492aa,c06d6009-140a-4009-89a5-e35bdae54c75,87471b18-bfc0-4214-98fc-51cac106e539,call,neutral,Seven set loss range section history list discussion argue.,2026-04-30T08:05:56.156279
e03e8f0b-3159-4a5e-806a-8e3b5e02144f,58a6439c-cdff-4343-8ef0-88a681375dbb,2e0048a5-6ab0-4ac9-8e17-12c74e31ba4f,email,negative,Force according ok anyone gas close another music possible effort threat idea free say travel.,2026-02-23T00:20:00.180354
57c4157f-279f-444a-92e6-63095e4a0c2a,58a6439c-cdff-4343-8ef0-88a681375dbb,2e0048a5-6ab0-4ac9-8e17-12c74e31ba4f,meeting,negative,Seat machine before significant think certain choose sound agree.,2026-02-19T03:16:57.104873
85b6b6b1-12ce-41d2-a281-71ce203ffbca,58a6439c-cdff-4343-8ef0-88a681375dbb,2e0048a5-6ab0-4ac9-8e17-12c74e31ba4f,meeting,negative,Least production number specific project miss chance coach low.,2026-01-08T02:25:20.350025
b2a8c1ec-bd3d-4ff8-aa7b-44825e43d047,58a6439c-cdff-4343-8ef0-88a681375dbb,2e0048a5-6ab0-4ac9-8e17-12c74e31ba4f,call,neutral,Test ever option term make career truth recently arm plant society future door long will.,2025-07-04T22:51:04.427899
01c58ff6-2638-4f16-81cb-34f76e16737d,107c367f-3872-4f84-89a1-c9e260877eed,ed7d7474-e7ef-44b6-aab3-0ba018420e1c,demo,neutral,Eat theory case nor night entire the campaign teach service.,2026-04-15T05:34:00.281973
d436cfdf-4865-40f7-b46b-3d756570ecae,107c367f-3872-4f84-89a1-c9e260877eed,ed7d7474-e7ef-44b6-aab3-0ba018420e1c,email,neutral,Article since group word but institution as wait event lot where maybe accept join opportunity.,2026-05-08T20:20:34.143470
d58852e1-7797-4a26-baca-34b5765ba2b0,107c367f-3872-4f84-89a1-c9e260877eed,ed7d7474-e7ef-44b6-aab3-0ba018420e1c,call,negative,Final agreement deep section wide camera guy.,2026-04-01T15:23:34.625861
b495d375-e2c3-4b6c-925d-144da12f8283,107c367f-3872-4f84-89a1-c9e260877eed,ed7d7474-e7ef-44b6-aab3-0ba018420e1c,call,positive,Morning boy most strategy real newspaper can those.,2026-03-15T23:17:16.088926
55461176-cb9f-45d4-826f-b365b5066dff,107c367f-3872-4f84-89a1-c9e260877eed,ed7d7474-e7ef-44b6-aab3-0ba018420e1c,demo,neutral,Type spend series other cost here professional rule join power their speak agency single about American.,2026-05-19T09:08:12.790556
ba676ffb-0d85-4989-8189-a7ddf8d07e62,107c367f-3872-4f84-89a1-c9e260877eed,ed7d7474-e7ef-44b6-aab3-0ba018420e1c,demo,positive,Beyond happy picture join off address walk.,2026-03-14T05:14:24.627701
6f06e223-1454-4be6-b150-67fb6d89e7ce,107c367f-3872-4f84-89a1-c9e260877eed,ed7d7474-e7ef-44b6-aab3-0ba018420e1c,call,negative,Federal performance real all maybe sound also range stuff seem doctor value explain offer single show.,2026-05-06T15:27:58.734167
e1d568ef-6f10-41a4-81e4-e14163ab060e,1e062243-b4a9-415f-bfb3-df5749dee489,d2c384c1-e51b-4c7e-aede-5f23b2e471f8,demo,negative,Long material single decade win cost teacher believe attorney capital somebody class table bed ahead weight.,2026-05-22T11:22:44.447404
d1c50e51-99a1-46c5-89e2-c2ef92bf0bd3,1e062243-b4a9-415f-bfb3-df5749dee489,d2c384c1-e51b-4c7e-aede-5f23b2e471f8,meeting,neutral,Option structure last red itself heart simple customer close team total beautiful director follow activity apply.,2026-05-02T00:04:53.093482
ccc85822-0883-4766-bb5a-8afc79872df0,1725014b-0b14-419d-8be3-548155c0d34f,d2c384c1-e51b-4c7e-aede-5f23b2e471f8,follow_up,negative,Exactly wish where table spring cup hard bit stuff blood fact decade night.,2025-12-07T23:16:06.869833
1d65a29c-873c-41f1-a3d3-6eef5dac7232,1725014b-0b14-419d-8be3-548155c0d34f,d2c384c1-e51b-4c7e-aede-5f23b2e471f8,email,positive,Information happen performance edge thousand during front according small me across beautiful.,2025-05-01T06:31:55.291420
c88e6e70-bfef-4612-bf92-6d68aba49155,ae4d967c-0b8a-478d-bfa1-c464c20a8b0d,70828046-099d-4fe1-a262-4b11ec73efde,meeting,positive,Message have push later hot house point on card in final why political present.,2026-04-12T13:23:01.892441
e5d22ccd-b423-41be-a549-f33443649035,ae4d967c-0b8a-478d-bfa1-c464c20a8b0d,70828046-099d-4fe1-a262-4b11ec73efde,call,neutral,Pattern operation high rather add term raise local newspaper common start.,2026-04-19T13:44:04.904889
696467eb-3ccf-4049-8270-d8689fcde31a,ae4d967c-0b8a-478d-bfa1-c464c20a8b0d,70828046-099d-4fe1-a262-4b11ec73efde,meeting,negative,Research can relate film gun continue central seven which sign most tree detail.,2026-05-08T18:51:39.497479
40a1b643-e93e-463e-b6d6-f4d76a6c2b1b,ae4d967c-0b8a-478d-bfa1-c464c20a8b0d,70828046-099d-4fe1-a262-4b11ec73efde,follow_up,neutral,Strong threat me situation meet build school citizen campaign no.,2026-05-02T13:11:23.768018
fb57d7fe-6980-4d92-8140-280727bb28d7,ae4d967c-0b8a-478d-bfa1-c464c20a8b0d,70828046-099d-4fe1-a262-4b11ec73efde,email,negative,Heart hard land member official particularly crime visit agent.,2026-03-04T21:29:00.515800
3870b7bb-89a7-4abb-9d3e-c4badbd20071,ae4d967c-0b8a-478d-bfa1-c464c20a8b0d,70828046-099d-4fe1-a262-4b11ec73efde,meeting,positive,Soldier safe last movement better majority through on political ability true moment.,2026-01-29T06:36:38.249022
1c96be78-9425-4c68-813a-a25db088edc5,ae4d967c-0b8a-478d-bfa1-c464c20a8b0d,70828046-099d-4fe1-a262-4b11ec73efde,email,neutral,Sport cultural add staff method office amount just may.,2026-05-16T01:54:43.627710
63586b32-f720-4a2b-9dce-5eae304c8f1d,ae4d967c-0b8a-478d-bfa1-c464c20a8b0d,70828046-099d-4fe1-a262-4b11ec73efde,demo,negative,Create skin city office account business compare oil medical law former number way.,2026-02-28T00:51:00.477375
b66a375f-71de-4f86-9760-310f9a85a46b,e78bedbe-598d-46d4-a338-910576df47b1,d2c384c1-e51b-4c7e-aede-5f23b2e471f8,email,neutral,Affect point wonder notice lay poor wish set.,2025-09-03T05:50:51.787157
47711016-38a9-4166-bdf8-4139ed6eda98,e78bedbe-598d-46d4-a338-910576df47b1,d2c384c1-e51b-4c7e-aede-5f23b2e471f8,follow_up,negative,Old defense visit read spring economic up area reduce sense put fight.,2026-04-04T11:42:49.403725
66d98fd6-3b69-4e6f-a043-043f30ca742e,e78bedbe-598d-46d4-a338-910576df47b1,d2c384c1-e51b-4c7e-aede-5f23b2e471f8,demo,negative,Network live quality travel dog take mean around manager approach later may lay charge.,2025-12-14T03:35:40.979495
8b47e02e-6374-42f2-b635-7377a06a1f87,e78bedbe-598d-46d4-a338-910576df47b1,d2c384c1-e51b-4c7e-aede-5f23b2e471f8,follow_up,neutral,Foreign cause eye yes likely his their song if book anything fill difficult shake.,2026-01-10T12:10:56.124146
dd03fc03-033c-4c7f-85bc-318e483c7fa9,e78bedbe-598d-46d4-a338-910576df47b1,d2c384c1-e51b-4c7e-aede-5f23b2e471f8,email,negative,Simple later among likely store baby table sit away responsibility hot tonight.,2025-12-25T04:57:33.391204
3cded752-7c55-40cb-adfd-cafd2eaa266e,89c989ba-cede-46b7-bd4a-4d1fef4f1301,ed7d7474-e7ef-44b6-aab3-0ba018420e1c,follow_up,negative,Affect eye tax remember real as huge people able.,2026-04-19T22:25:12.795034
1313d655-3db0-4c77-b55a-521a54966194,89c989ba-cede-46b7-bd4a-4d1fef4f1301,ed7d7474-e7ef-44b6-aab3-0ba018420e1c,meeting,positive,Resource back long summer improve sign glass wait bill include since possible agreement relate under.,2025-04-09T07:17:41.456203
d396f300-753f-4aac-ba84-ab77fbd4a32c,ff803f81-c418-4c92-9f6c-e6a41689abb9,bd4bb10e-e400-49c5-b578-c2be546c1562,email,negative,Already new pass ever bad top behind Mr around.,2026-05-01T03:51:57.413893
c5675688-dce2-4d6c-aa48-237b022d2e08,ff803f81-c418-4c92-9f6c-e6a41689abb9,bd4bb10e-e400-49c5-b578-c2be546c1562,meeting,neutral,Enough cut Mr pass fight push court.,2026-05-02T14:49:27.939732
34b5abf5-1026-4e81-93e7-40548f21ad6e,ff803f81-c418-4c92-9f6c-e6a41689abb9,bd4bb10e-e400-49c5-b578-c2be546c1562,follow_up,no_response,Agreement hear want argue call computer rest nor man senior possible amount third.,2026-05-21T07:07:45.113975
99c78d6c-eb38-45af-9487-b0a20df6092f,ff803f81-c418-4c92-9f6c-e6a41689abb9,bd4bb10e-e400-49c5-b578-c2be546c1562,demo,no_response,Discuss seek they nature allow true maintain last fine leader smile over clear to.,2026-04-14T04:40:24.145577
34c783c6-22ee-4eb4-a2b4-a2ca22da7e1b,ff803f81-c418-4c92-9f6c-e6a41689abb9,bd4bb10e-e400-49c5-b578-c2be546c1562,meeting,positive,Tonight major structure bit fill send bar wish might rule college.,2026-03-11T13:38:45.704513
ba192598-2e3e-4a17-8fc0-c0d760d9a0fb,ff803f81-c418-4c92-9f6c-e6a41689abb9,bd4bb10e-e400-49c5-b578-c2be546c1562,meeting,neutral,Stop thought major live matter eat prevent agency dog store trouble group speak.,2026-03-08T01:10:04.752566
294061c0-1d4a-4123-beeb-294deed1b128,ff803f81-c418-4c92-9f6c-e6a41689abb9,bd4bb10e-e400-49c5-b578-c2be546c1562,demo,positive,Require black trip draw field personal happy concern owner structure trouble today site help good challenge.,2026-04-24T00:06:32.299942
75a66d3e-7d8a-4f0c-a4bf-75bf394c2d35,e6400e50-b0ca-41ea-aa5b-6436aa8db361,2e0048a5-6ab0-4ac9-8e17-12c74e31ba4f,follow_up,negative,Environmental like service upon woman marriage economic apply guy popular.,2025-11-24T06:46:35.545773
d8985def-c741-4c6d-8e63-5338927541e1,e6400e50-b0ca-41ea-aa5b-6436aa8db361,2e0048a5-6ab0-4ac9-8e17-12c74e31ba4f,demo,positive,Four character among a daughter pay and challenge value model name recently.,2026-03-10T19:17:03.839246
33aed608-cc9c-4c64-ba37-8ca3ca402e4c,e6400e50-b0ca-41ea-aa5b-6436aa8db361,2e0048a5-6ab0-4ac9-8e17-12c74e31ba4f,follow_up,neutral,Make not right unit consider collection produce difference majority growth.,2025-07-24T07:38:02.637659
ef57598e-40a2-4161-8a89-cfd469e23e69,e6400e50-b0ca-41ea-aa5b-6436aa8db361,2e0048a5-6ab0-4ac9-8e17-12c74e31ba4f,call,neutral,Deep reduce Republican tough room bring blood voice free quite growth usually energy.,2026-02-19T06:50:17.298205
26ce753e-6d13-4f08-9167-b4c40b0ace09,e6400e50-b0ca-41ea-aa5b-6436aa8db361,2e0048a5-6ab0-4ac9-8e17-12c74e31ba4f,meeting,neutral,Let clearly bring rock drug buy commercial behind difference practice trip shake half role.,2026-04-04T21:00:00.814883
563b3a27-d83c-4ce9-90ce-75ca5f3257f9,e6400e50-b0ca-41ea-aa5b-6436aa8db361,2e0048a5-6ab0-4ac9-8e17-12c74e31ba4f,call,positive,Face successful visit measure participant guess western PM board air foreign claim relate think.,2026-03-25T22:12:04.566133
cc246815-e543-4a17-8db8-325099c7cece,d4c2ba1a-721b-4889-af6d-16299f0cb1a9,70828046-099d-4fe1-a262-4b11ec73efde,demo,negative,Other stock size story management yes yard still history.,2026-01-10T21:30:23.145043
72f83584-ac8d-4c99-a1d6-54791b0535c0,d4c2ba1a-721b-4889-af6d-16299f0cb1a9,70828046-099d-4fe1-a262-4b11ec73efde,email,negative,Stay low task cover enjoy ball agreement surface hit method serve follow build vote health control.,2026-05-24T09:48:57.489742
89254024-a59d-4c5d-8bae-6bfc9ba6b4dc,d4c2ba1a-721b-4889-af6d-16299f0cb1a9,70828046-099d-4fe1-a262-4b11ec73efde,meeting,neutral,People month color process really yes smile his real power environmental operation.,2025-12-28T03:46:07.714015
7ad780a3-7471-49b7-a552-2b8b0d75bcaa,8fa31e23-538a-4906-ab8e-f7235f2b4411,2f1fc9c6-62e9-4db7-beba-707ee6a1d81a,call,no_response,Sport box direction serve star up more answer measure while president generation memory pull gun.,2026-02-02T08:28:31.477033
0d4894ef-ec3a-4853-8f28-e849a0e1c1bd,8fa31e23-538a-4906-ab8e-f7235f2b4411,2f1fc9c6-62e9-4db7-beba-707ee6a1d81a,demo,neutral,Question type another safe talk result by model theory her threat traditional power realize politics answer.,2026-03-03T19:28:56.000314
b60e7474-fe51-41ec-b835-ae34b3337f4c,7f63702a-0b3e-4495-9367-96f10226d816,a5754b11-ecdc-438a-afd5-4f23892cc5d5,call,positive,He issue choice toward star ago spend off work every cultural near American.,2025-11-30T14:23:24.585356
1567f5ae-0e3e-4745-8905-0bc4e15bbdc5,7f63702a-0b3e-4495-9367-96f10226d816,a5754b11-ecdc-438a-afd5-4f23892cc5d5,email,neutral,Job night else change interesting someone another gun into interest.,2025-06-04T20:28:54.269230
7dab2eed-197a-4f5b-976b-622b42b60896,7f63702a-0b3e-4495-9367-96f10226d816,a5754b11-ecdc-438a-afd5-4f23892cc5d5,follow_up,neutral,Wear trade sort produce partner help close toward political.,2025-08-23T06:06:48.176891
6f3f6f90-0bfd-41d0-b63b-353cdf7eb991,7f63702a-0b3e-4495-9367-96f10226d816,a5754b11-ecdc-438a-afd5-4f23892cc5d5,demo,positive,War three forward time citizen bag learn same any type.,2025-01-30T04:25:12.593617
b82bb3b9-c630-484c-af0c-72a17a1cfa1d,7f63702a-0b3e-4495-9367-96f10226d816,a5754b11-ecdc-438a-afd5-4f23892cc5d5,call,neutral,Figure manage shake keep read pretty as great minute sound.,2025-04-14T12:45:09.952480
f9eeedd0-7969-4501-a1a1-ef2a832adef3,214ff887-c0da-4fed-a54b-69eac94a2411,d2c384c1-e51b-4c7e-aede-5f23b2e471f8,follow_up,neutral,College whole office mother score stock relationship per produce real stuff I nothing growth three.,2026-04-12T07:08:22.524422
e5b875c0-0ac2-4567-803e-9982afe7cb54,214ff887-c0da-4fed-a54b-69eac94a2411,d2c384c1-e51b-4c7e-aede-5f23b2e471f8,meeting,no_response,Believe build here space house employee pay for explain media degree describe make service.,2025-03-29T23:23:15.799974
549d3a30-17b3-4627-97e0-f530876a9a99,395e4844-6333-4323-9aae-60d6c3282a74,a5754b11-ecdc-438a-afd5-4f23892cc5d5,meeting,neutral,Include mind sister wide form sister majority pressure new.,2026-04-16T06:24:46.005947
569c0453-465a-4362-93f0-e5d70507e196,68a45790-cd0b-49d3-ace2-269912d42a93,d2c384c1-e51b-4c7e-aede-5f23b2e471f8,follow_up,no_response,Bad figure issue agency next cost help group western beyond parent local as sort.,2026-04-24T09:35:39.256763
2006cad0-9415-43b2-aa24-6eaa6fd7337b,68a45790-cd0b-49d3-ace2-269912d42a93,d2c384c1-e51b-4c7e-aede-5f23b2e471f8,email,neutral,Any reason ago food father camera head.,2026-01-16T20:47:15.868722
3698278c-bdf2-4b5c-ab7b-339c9a037f42,ea0a356b-46f3-4c08-96b6-6b4f85de6506,70828046-099d-4fe1-a262-4b11ec73efde,demo,neutral,Economic become return blood research eat call value stuff smile.,2026-05-24T09:41:46.696309
2dad4683-51f0-4e0f-972d-c5d292048f5e,ea0a356b-46f3-4c08-96b6-6b4f85de6506,70828046-099d-4fe1-a262-4b11ec73efde,meeting,neutral,Approach in certainly clearly identify pull individual eight open trouble produce place source else purpose.,2026-05-24T04:50:13.976326
a5313bd1-a519-41de-bc8d-830fd53811d8,ea0a356b-46f3-4c08-96b6-6b4f85de6506,70828046-099d-4fe1-a262-4b11ec73efde,demo,positive,Pattern out candidate find building house pull card daughter season knowledge Democrat continue.,2026-05-24T08:05:46.257937
2d0f0ecb-fb6f-46ea-9b6c-abce34fdfc08,315cfb18-7dc9-4dc9-98ca-5175751b4a4e,ed7d7474-e7ef-44b6-aab3-0ba018420e1c,demo,neutral,Bill with something moment woman low indeed environment concern push easy kid pattern manager.,2026-02-28T01:51:29.294601
fac7773e-a58c-41cc-9729-d905773ddcb0,315cfb18-7dc9-4dc9-98ca-5175751b4a4e,ed7d7474-e7ef-44b6-aab3-0ba018420e1c,meeting,neutral,Sister class property win security yes born subject American one.,2025-12-11T11:17:21.872588
e8731bf7-013d-4dfc-bd97-83d98e6f7ae6,315cfb18-7dc9-4dc9-98ca-5175751b4a4e,ed7d7474-e7ef-44b6-aab3-0ba018420e1c,call,neutral,Cell food artist keep capital expert piece degree fish toward knowledge pressure rate debate sing.,2026-04-22T08:39:06.502022
bb438c23-01e4-49e2-8ea1-44313b33a25c,e3d213b3-2de1-486c-ac92-4b9dcc5bc6f7,ed7d7474-e7ef-44b6-aab3-0ba018420e1c,demo,neutral,Least rich fine produce single voice some institution yard want compare.,2025-12-18T22:26:40.384122
9776df51-a33b-4eae-9697-518244c692d3,e3d213b3-2de1-486c-ac92-4b9dcc5bc6f7,ed7d7474-e7ef-44b6-aab3-0ba018420e1c,email,neutral,From finish attention wall specific relationship rich figure chance weight serious listen in.,2026-02-07T18:07:59.974354
11081e89-7c1d-4f9a-9739-019244a13148,e3d213b3-2de1-486c-ac92-4b9dcc5bc6f7,ed7d7474-e7ef-44b6-aab3-0ba018420e1c,email,neutral,Including arm effort hot red yeah trade.,2025-09-18T17:10:08.027810
499a20fc-8e41-4a09-841c-2ff8fc7625e2,e3d213b3-2de1-486c-ac92-4b9dcc5bc6f7,ed7d7474-e7ef-44b6-aab3-0ba018420e1c,demo,neutral,Final commercial important night list forget hope Mr somebody modern town.,2026-05-07T16:26:45.108608
8b699822-a6eb-48c8-9d86-6d120fb3fb3c,b1e10639-4e0b-4096-b5c4-4b27ac94f98d,87471b18-bfc0-4214-98fc-51cac106e539,meeting,neutral,Pick ever station sound professional scientist person.,2026-02-26T17:38:19.882447
812c41a5-f465-4ddf-a0b6-37e311c35a5e,b1e10639-4e0b-4096-b5c4-4b27ac94f98d,87471b18-bfc0-4214-98fc-51cac106e539,demo,negative,Memory final be miss make later black claim finish meet deal population now billion sometimes hair.,2026-03-23T05:44:42.669171
ca3a57f8-230f-4961-bc9f-5b5a248a65cb,b1e10639-4e0b-4096-b5c4-4b27ac94f98d,87471b18-bfc0-4214-98fc-51cac106e539,follow_up,positive,Think beautiful yard nothing one rate medical meet material parent different institution husband teacher every.,2026-05-11T14:10:45.319045
bc7e3592-9c7c-4be4-b864-1c9c2e9fb4f7,b1e10639-4e0b-4096-b5c4-4b27ac94f98d,87471b18-bfc0-4214-98fc-51cac106e539,meeting,negative,Range assume language Congress sometimes report certainly campaign role success close have collection writer.,2026-05-05T11:47:47.316032
5f312ca5-4711-4300-bd8a-9b5607b69972,b1e10639-4e0b-4096-b5c4-4b27ac94f98d,87471b18-bfc0-4214-98fc-51cac106e539,email,neutral,Remain place small class gas better hope front most matter conference policy star way no.,2026-03-19T08:01:06.482174
4e8bcb5f-28e6-482e-b1b5-d2f6d99c4a9d,b1e10639-4e0b-4096-b5c4-4b27ac94f98d,87471b18-bfc0-4214-98fc-51cac106e539,email,no_response,Describe effect certainly court want their voice suddenly.,2026-05-17T04:31:12.759784
ea5c3ab5-1cd5-4497-b47d-24f37daa30a7,b1e10639-4e0b-4096-b5c4-4b27ac94f98d,87471b18-bfc0-4214-98fc-51cac106e539,meeting,neutral,Skin lawyer character summer thousand far against still center.,2026-05-19T14:00:32.474619
4a74e6cd-bc27-486e-83a0-df3afcd4da68,1a8041de-5a27-4c5c-8ca2-d09054c3b382,d2c384c1-e51b-4c7e-aede-5f23b2e471f8,follow_up,negative,Future month particular attack administration people customer carry term.,2026-03-07T01:51:46.247119
202d5623-6fd6-4b55-808c-853780adccb8,1a8041de-5a27-4c5c-8ca2-d09054c3b382,d2c384c1-e51b-4c7e-aede-5f23b2e471f8,meeting,neutral,My yard enough week which add friend sense medical.,2025-12-28T02:49:02.041180
e197392c-069f-4f3e-b29f-0c7b0d28d1ae,1a8041de-5a27-4c5c-8ca2-d09054c3b382,d2c384c1-e51b-4c7e-aede-5f23b2e471f8,demo,neutral,However specific book color instead each company discussion quite interesting.,2026-05-17T17:44:40.543909
10025746-8622-4588-bc42-07497c58c6a8,1a8041de-5a27-4c5c-8ca2-d09054c3b382,d2c384c1-e51b-4c7e-aede-5f23b2e471f8,follow_up,positive,Everything oil dog bag major charge open nothing truth.,2026-02-02T00:32:16.596983
0302d0df-39d2-4c4f-a9cb-da72de0bc6f2,1a8041de-5a27-4c5c-8ca2-d09054c3b382,d2c384c1-e51b-4c7e-aede-5f23b2e471f8,follow_up,positive,Nation kitchen teach leave catch list kitchen ask left program program kid organization answer.,2026-01-29T09:49:23.750672
d7320766-950b-49d8-b843-d79d439a5e6d,1a8041de-5a27-4c5c-8ca2-d09054c3b382,d2c384c1-e51b-4c7e-aede-5f23b2e471f8,follow_up,positive,Both onto ahead him Democrat worker sound everything strategy necessary.,2026-01-14T14:26:10.041319
48a97975-0191-4444-a980-cba75ea62e24,1a8041de-5a27-4c5c-8ca2-d09054c3b382,d2c384c1-e51b-4c7e-aede-5f23b2e471f8,demo,no_response,Knowledge because wait including way base positive article modern knowledge still sort smile environmental.,2026-01-14T13:12:51.791431
0b586cdf-ca2f-4b15-baa7-0b5bf03f445a,1a8041de-5a27-4c5c-8ca2-d09054c3b382,d2c384c1-e51b-4c7e-aede-5f23b2e471f8,email,neutral,Practice outside feel exactly name include from about bring.,2026-03-03T16:52:43.854448
269a6cc1-7443-4ee3-a5b1-1f495ae06aab,6b6419e2-68c5-42a6-8178-b80d3130e4f8,2f1fc9c6-62e9-4db7-beba-707ee6a1d81a,call,negative,Participant admit understand recognize fill open around mind artist your form.,2026-02-20T06:45:10.006772
bc2c3c38-30a5-4344-b55d-fa02d67a3471,6b6419e2-68c5-42a6-8178-b80d3130e4f8,2f1fc9c6-62e9-4db7-beba-707ee6a1d81a,demo,neutral,Exactly note girl turn method course event effect.,2026-05-13T13:58:47.125851
4f98e169-f8a9-4184-81f0-2833f5e3021e,6b6419e2-68c5-42a6-8178-b80d3130e4f8,2f1fc9c6-62e9-4db7-beba-707ee6a1d81a,email,neutral,Audience ahead magazine condition different either yes half suddenly political image.,2025-11-28T23:44:09.994121
c41b2aee-d4d5-4155-9393-094ff6a041c4,6b6419e2-68c5-42a6-8178-b80d3130e4f8,2f1fc9c6-62e9-4db7-beba-707ee6a1d81a,email,positive,Home drug six may old maybe change foot key truth whom deep.,2026-04-06T21:52:56.039414
60855680-ff6e-45e8-be60-68c26481d176,6b6419e2-68c5-42a6-8178-b80d3130e4f8,2f1fc9c6-62e9-4db7-beba-707ee6a1d81a,email,neutral,Include I institution share pretty serve yourself especially develop.,2026-02-11T11:44:50.323846
0881aa98-21a0-4419-9765-0467d35eabab,d8c68179-7353-4912-be46-ec425fc2f7be,2f1fc9c6-62e9-4db7-beba-707ee6a1d81a,call,positive,Be school him class talk process party financial good modern crime.,2025-05-09T07:10:22.432667
314a22da-9c48-4d48-80b7-dfb57653496f,d8c68179-7353-4912-be46-ec425fc2f7be,2f1fc9c6-62e9-4db7-beba-707ee6a1d81a,follow_up,positive,News spend city garden can reach technology group quite attack thought report fast your hold quality.,2025-02-06T01:03:59.632375
922120d8-b84a-45ff-ae46-35363ef3c3c4,d8c68179-7353-4912-be46-ec425fc2f7be,2f1fc9c6-62e9-4db7-beba-707ee6a1d81a,demo,neutral,Assume kind choice set late thank share brother play apply policy realize number usually recently material.,2026-02-04T22:30:09.705411
d0ff2ba1-92b2-4f38-b784-1f652f2459c8,d8c68179-7353-4912-be46-ec425fc2f7be,2f1fc9c6-62e9-4db7-beba-707ee6a1d81a,demo,neutral,Play party brother forget practice worry kitchen provide country surface morning as home.,2026-01-10T15:45:55.095261
b17215b1-e91c-4e61-b869-062f8f800d98,d8c68179-7353-4912-be46-ec425fc2f7be,2f1fc9c6-62e9-4db7-beba-707ee6a1d81a,meeting,neutral,Authority arrive weight debate break than fine.,2025-03-05T18:18:37.349117
ec4ee0b2-b280-40ec-b101-65933187282b,d8c68179-7353-4912-be46-ec425fc2f7be,2f1fc9c6-62e9-4db7-beba-707ee6a1d81a,follow_up,neutral,Like though heavy live himself enter know main play.,2025-09-22T13:56:21.914438
59e5d4af-ca07-42cb-8bde-b186f1887b91,d8c68179-7353-4912-be46-ec425fc2f7be,2f1fc9c6-62e9-4db7-beba-707ee6a1d81a,call,positive,Billion above employee which end budget live painting film woman this skill simply case oil.,2025-01-24T12:08:45.305891
8359bef3-cb5f-4cd0-9eda-5b9d66185bb4,9d416041-3058-4b39-9a21-dd575a935a17,a5754b11-ecdc-438a-afd5-4f23892cc5d5,meeting,positive,Range street wind thus far officer participant matter pull able specific case black maintain detail place.,2026-01-18T06:00:24.837534
7a4a36f5-12e7-4482-8a50-6bc8df200877,9d416041-3058-4b39-9a21-dd575a935a17,a5754b11-ecdc-438a-afd5-4f23892cc5d5,follow_up,positive,Difference different listen free relate garden region myself tell finish.,2026-01-30T20:34:32.070071
26e1e9ff-d8a6-472f-98b1-12a75eacaf25,9d416041-3058-4b39-9a21-dd575a935a17,a5754b11-ecdc-438a-afd5-4f23892cc5d5,demo,no_response,Anything government machine just couple artist across what available.,2026-03-14T11:25:20.207196
5c1c4b54-3eee-4afb-b283-fe908b6410d2,9d416041-3058-4b39-9a21-dd575a935a17,a5754b11-ecdc-438a-afd5-4f23892cc5d5,meeting,no_response,Type local radio report knowledge this operation candidate.,2025-12-29T07:46:47.616891
eb77e16e-e16b-4139-ae68-b995222617e0,f5e500af-0d31-4004-81f1-a89b69b2851b,a5754b11-ecdc-438a-afd5-4f23892cc5d5,call,positive,Medical society nothing improve decision us these form century everything stage.,2026-02-23T16:01:13.385136
6bd79ce1-7cf0-45c8-9b23-c62774e99fda,f5e500af-0d31-4004-81f1-a89b69b2851b,a5754b11-ecdc-438a-afd5-4f23892cc5d5,meeting,positive,Relate possible turn behavior most case serve lay always actually rise cultural should.,2026-03-20T00:27:20.966370
6956e165-7852-4aa2-af9c-3fcd5e0d45eb,f5e500af-0d31-4004-81f1-a89b69b2851b,a5754b11-ecdc-438a-afd5-4f23892cc5d5,follow_up,neutral,Cost game make community treatment soon share long though.,2026-02-22T18:42:53.189045
162d2db7-1e65-482e-8d15-0b72b098d805,f5e500af-0d31-4004-81f1-a89b69b2851b,a5754b11-ecdc-438a-afd5-4f23892cc5d5,follow_up,positive,Tell record nor wait service management fish small.,2026-03-08T21:19:59.195192
8ec1a05a-6813-4997-9bba-63ec87c80613,f5e500af-0d31-4004-81f1-a89b69b2851b,a5754b11-ecdc-438a-afd5-4f23892cc5d5,meeting,neutral,Design important get not Republican knowledge west poor.,2026-04-24T13:07:43.958437
b9a47e37-68e7-48df-add4-face4cd3a384,f5e500af-0d31-4004-81f1-a89b69b2851b,a5754b11-ecdc-438a-afd5-4f23892cc5d5,follow_up,negative,Smile far line true middle beautiful yard state.,2026-05-13T19:11:37.290869
f81a232d-78e5-48fb-8e8f-21fbb0710ef5,f5e500af-0d31-4004-81f1-a89b69b2851b,a5754b11-ecdc-438a-afd5-4f23892cc5d5,email,neutral,Issue bank science inside see minute social tough candidate bed clearly member me.,2026-04-06T19:08:38.816173
452e9737-afcc-4f22-86c9-826aebd0fa67,d41a40f0-84ef-4f88-abbe-17afd1979262,70828046-099d-4fe1-a262-4b11ec73efde,demo,positive,Bad wonder agree choose key care something trial we box manager his forward drop.,2026-01-13T16:23:06.527732
d9789b54-0212-46d7-bf12-099d367e6e58,cda8026a-4a61-4a7c-ab88-9e1202964519,bd4bb10e-e400-49c5-b578-c2be546c1562,call,positive,Technology store there show wall organization level southern reality material crime address he president prevent with.,2025-08-20T04:23:05.564035
50e3873f-6788-4158-984c-374e406cf893,cda8026a-4a61-4a7c-ab88-9e1202964519,bd4bb10e-e400-49c5-b578-c2be546c1562,email,neutral,Window beyond pretty create future interview scene thousand middle.,2025-11-29T14:28:04.638858
6993ffa6-584e-412f-8057-30cd5213dd31,cda8026a-4a61-4a7c-ab88-9e1202964519,bd4bb10e-e400-49c5-b578-c2be546c1562,meeting,neutral,Thought control provide detail conference whether him miss cut who.,2025-03-23T14:14:12.615954
54b80540-23fe-4efe-a176-effbb39301f1,cda8026a-4a61-4a7c-ab88-9e1202964519,bd4bb10e-e400-49c5-b578-c2be546c1562,email,neutral,Once tell drop group authority outside check address analysis reveal kid.,2025-12-16T09:42:04.512984
ef8b443d-c305-44c3-8463-9d028763ab72,cda8026a-4a61-4a7c-ab88-9e1202964519,bd4bb10e-e400-49c5-b578-c2be546c1562,meeting,neutral,If want new base stage specific forget.,2026-03-03T21:00:22.402271
c9b1140d-fb40-4d30-8be1-a949cc927508,cda8026a-4a61-4a7c-ab88-9e1202964519,bd4bb10e-e400-49c5-b578-c2be546c1562,demo,negative,Ahead believe something produce manage nor firm figure.,2026-05-17T19:44:44.680799
e6989ff4-78de-4084-9b0c-cbf1f634aa94,cda8026a-4a61-4a7c-ab88-9e1202964519,bd4bb10e-e400-49c5-b578-c2be546c1562,demo,neutral,Final hope also play fill your but something later husband affect there college leader area protect.,2025-03-25T03:00:29.423593
9909ad58-df91-4513-bec1-75ad163cbd18,05417dc4-2b48-488a-bfd8-8509eb182984,a5754b11-ecdc-438a-afd5-4f23892cc5d5,call,no_response,Bank number course simply wait property bar fast great letter summer war.,2026-05-15T22:18:03.198217
5f544a79-7bce-41c1-9d56-113437987b55,05417dc4-2b48-488a-bfd8-8509eb182984,a5754b11-ecdc-438a-afd5-4f23892cc5d5,call,positive,Note must beautiful less spend would whose suddenly feeling size letter scientist administration.,2026-02-21T00:10:31.367734
9f8b85f3-1fb0-4c0a-a304-22b48fb77007,05417dc4-2b48-488a-bfd8-8509eb182984,a5754b11-ecdc-438a-afd5-4f23892cc5d5,meeting,negative,Do character hit remember cell billion gas.,2026-05-15T11:37:11.287581
1df1784e-fcbb-4818-bf46-517e5cd1032f,05417dc4-2b48-488a-bfd8-8509eb182984,a5754b11-ecdc-438a-afd5-4f23892cc5d5,email,no_response,Apply international world television will not national.,2025-12-27T13:25:09.142356
c7b91d6a-87cd-45d4-a0a4-c641ee6d5678,05417dc4-2b48-488a-bfd8-8509eb182984,a5754b11-ecdc-438a-afd5-4f23892cc5d5,email,negative,You election body man might cost buy attorney simply such spring food party.,2026-05-09T13:00:10.935992
e5a8e43c-6fe1-40de-b02f-a1982e2057af,5d6ea59e-053b-489f-b12d-17032b068bba,70828046-099d-4fe1-a262-4b11ec73efde,meeting,neutral,Though although onto for house us body.,2025-10-15T18:04:31.482406
e55d8b51-ae19-40b9-b107-3fbbc5bcf2f0,5d6ea59e-053b-489f-b12d-17032b068bba,70828046-099d-4fe1-a262-4b11ec73efde,demo,positive,Spend environment into ten this air professional will million during though market.,2025-07-31T08:25:42.478311
5275c510-4f91-407d-a824-bb2ebf90a5fe,5d6ea59e-053b-489f-b12d-17032b068bba,70828046-099d-4fe1-a262-4b11ec73efde,demo,negative,Character person scene subject certainly include owner focus woman break.,2025-07-26T09:17:52.667406
ff3714fb-ed95-46c1-9fc1-96c52f04e3f7,102c55e4-181d-42b5-af74-7a98ea8726fe,70828046-099d-4fe1-a262-4b11ec73efde,demo,neutral,Buy ability blue act administration like stand beyond sister they stop.,2026-03-13T00:00:35.572896
e17e6ca9-e1d1-47e5-9999-b7bc1b256899,102c55e4-181d-42b5-af74-7a98ea8726fe,70828046-099d-4fe1-a262-4b11ec73efde,follow_up,no_response,Station never reach service worker cost in general region.,2026-04-11T08:58:24.140075
a95d82ad-de82-4b21-b513-715242c631e3,102c55e4-181d-42b5-af74-7a98ea8726fe,70828046-099d-4fe1-a262-4b11ec73efde,demo,neutral,Including by woman fact friend a structure compare police weight past author summer laugh.,2026-02-08T18:24:47.825014
314a731a-d3e1-4916-a5ed-031aabc8d304,a283efff-688b-4a07-a656-84d3b52be2d6,70828046-099d-4fe1-a262-4b11ec73efde,call,negative,Never size join act focus pick ball class go bring agency change.,2026-05-19T08:11:15.538499
e53623ac-3c67-429a-b6d6-f1c9386607e9,a283efff-688b-4a07-a656-84d3b52be2d6,70828046-099d-4fe1-a262-4b11ec73efde,email,neutral,Lot personal area wall total citizen sure card fire ever expert situation suggest instead already.,2026-05-22T05:26:30.561877
cf1bd37e-b61f-4932-8ef7-0bc43169abd7,a283efff-688b-4a07-a656-84d3b52be2d6,70828046-099d-4fe1-a262-4b11ec73efde,call,neutral,Hair song result father fund image successful her.,2026-05-20T23:42:45.636299
fe691bb7-f8a5-4b51-a91f-153da5e29132,a283efff-688b-4a07-a656-84d3b52be2d6,70828046-099d-4fe1-a262-4b11ec73efde,follow_up,positive,Then live respond herself challenge red ever child impact century onto.,2026-05-22T10:17:01.224204
388f2980-06d7-4d62-b537-74a1b046771a,a283efff-688b-4a07-a656-84d3b52be2d6,70828046-099d-4fe1-a262-4b11ec73efde,meeting,positive,Evidence really theory information eight study month water great lose so war strategy environment pattern be.,2026-05-20T22:46:10.499550
d0ff7ec7-5f9f-4762-a901-7e01c80ee635,a283efff-688b-4a07-a656-84d3b52be2d6,70828046-099d-4fe1-a262-4b11ec73efde,call,neutral,Home nor name market building although line letter much network do because natural land.,2026-05-22T14:46:28.593772
f85f0744-c9b3-412b-bcc8-6fa52e189c98,a283efff-688b-4a07-a656-84d3b52be2d6,70828046-099d-4fe1-a262-4b11ec73efde,demo,neutral,Myself civil themselves ahead hot crime perform value.,2026-05-24T01:37:57.724464
6a43cc63-5901-4cc1-8a9e-d8371cc2fd73,2710a1e0-af0e-4f24-898f-9ebda6242148,d2c384c1-e51b-4c7e-aede-5f23b2e471f8,follow_up,positive,Think compare budget may much project radio film character charge.,2025-03-14T18:59:04.479702
89a9b3ee-8c16-4790-a875-c7c274d8f597,2710a1e0-af0e-4f24-898f-9ebda6242148,d2c384c1-e51b-4c7e-aede-5f23b2e471f8,demo,neutral,Require Democrat skill argue administration card sometimes station situation red determine.,2025-06-20T09:02:32.807834
55cb4e7b-fae4-4305-9cb8-5dcc5cb5ca09,2710a1e0-af0e-4f24-898f-9ebda6242148,d2c384c1-e51b-4c7e-aede-5f23b2e471f8,meeting,positive,While agency enjoy at real analysis cultural rich.,2025-08-27T22:37:39.161717
4746d3b4-3852-4226-93c0-ccf985c9b8c6,2710a1e0-af0e-4f24-898f-9ebda6242148,d2c384c1-e51b-4c7e-aede-5f23b2e471f8,demo,neutral,And sign finish allow share Congress letter character.,2025-12-28T00:43:18.420799
a23937fc-c846-4eec-af62-48f42ed38019,2710a1e0-af0e-4f24-898f-9ebda6242148,d2c384c1-e51b-4c7e-aede-5f23b2e471f8,meeting,negative,Clear listen others senior lose conference food factor good eye evening shoulder science.,2025-09-15T03:38:37.643803
868ae20e-039a-44d0-9b2d-e0da01f45f7a,2710a1e0-af0e-4f24-898f-9ebda6242148,d2c384c1-e51b-4c7e-aede-5f23b2e471f8,follow_up,positive,Suddenly of fight run election special sing might right market dog onto main local center.,2025-11-01T10:13:30.786970
22072489-21e1-4e7e-a88e-a48a29bd6f05,6a717973-b600-4421-b2be-ccda2b311bf8,d2c384c1-e51b-4c7e-aede-5f23b2e471f8,meeting,positive,Three spend probably soon husband medical recently boy wall respond.,2026-03-19T07:13:08.221555
ef6780ff-e6d2-4e3e-8e84-fb823f81e250,6a717973-b600-4421-b2be-ccda2b311bf8,d2c384c1-e51b-4c7e-aede-5f23b2e471f8,meeting,positive,Forward security important because allow guess let create.,2026-04-25T16:27:48.066558
5401c455-6e07-4e5f-9203-83fad1e51de2,6a717973-b600-4421-b2be-ccda2b311bf8,d2c384c1-e51b-4c7e-aede-5f23b2e471f8,meeting,negative,Situation book picture life soon this game hand use coach future purpose tree agent inside.,2025-12-17T00:43:36.062793
e76e53e9-cd99-4368-8dfd-b469edb03997,b0569457-2a40-4631-948a-6008400454c9,bd4bb10e-e400-49c5-b578-c2be546c1562,demo,neutral,Hold audience tonight amount level prepare must area instead later else night past win nor magazine.,2026-01-29T07:44:57.350870
447c4264-d8dc-4099-aa20-6be2318aee27,b0569457-2a40-4631-948a-6008400454c9,bd4bb10e-e400-49c5-b578-c2be546c1562,follow_up,positive,Feel support at girl television remain more lose over.,2026-03-16T20:27:13.331868
2396a2fe-982a-4aa2-bff6-ec474189ea73,b0569457-2a40-4631-948a-6008400454c9,bd4bb10e-e400-49c5-b578-c2be546c1562,email,positive,Sell everything teach hospital product three thus wrong in south conference away threat.,2026-04-07T01:22:13.471245
df2fee4d-5653-407f-a7f9-80f4b994f97c,b0569457-2a40-4631-948a-6008400454c9,bd4bb10e-e400-49c5-b578-c2be546c1562,follow_up,neutral,Industry provide chance finally skill bar movie simple about draw need owner argue drop skill far.,2026-04-23T03:02:19.444682
fb0771e1-d5d0-4fdf-b125-fb7d075bef32,b0569457-2a40-4631-948a-6008400454c9,bd4bb10e-e400-49c5-b578-c2be546c1562,email,neutral,Why break interesting color technology city cause street.,2026-03-10T23:24:02.104702
362cc0aa-76de-4fe2-8004-a9302eca8723,b0569457-2a40-4631-948a-6008400454c9,bd4bb10e-e400-49c5-b578-c2be546c1562,demo,positive,Notice team need plant arm firm speech.,2026-03-24T03:29:31.709674
f0fdbd60-9074-4e7b-9ac9-c8fcc6372d27,b0569457-2a40-4631-948a-6008400454c9,bd4bb10e-e400-49c5-b578-c2be546c1562,email,positive,Thank for no service open avoid song several shoulder.,2025-12-20T12:18:09.405146
cc1e8ccc-36ec-42d9-9b90-1d04eb000fc4,a8bdd25a-7c15-4dac-89c9-57adc2c6227a,d2c384c1-e51b-4c7e-aede-5f23b2e471f8,follow_up,positive,Fire list soldier follow require upon while thought offer.,2026-05-02T14:00:35.663001
1ae81935-b7fb-49d4-b3a5-1a11a6e0acb6,a8bdd25a-7c15-4dac-89c9-57adc2c6227a,d2c384c1-e51b-4c7e-aede-5f23b2e471f8,meeting,no_response,Trip interest former officer education we owner Congress law admit wrong want.,2026-05-01T14:09:30.703787
b049ca70-07a6-4569-b19d-0a236497ce46,a8bdd25a-7c15-4dac-89c9-57adc2c6227a,d2c384c1-e51b-4c7e-aede-5f23b2e471f8,demo,positive,Beat cold local talk professional including window movement pay team choice really especially.,2026-05-18T15:10:28.153398
d87f016d-2fdc-4b5c-b99a-c0540c4e984f,a8bdd25a-7c15-4dac-89c9-57adc2c6227a,d2c384c1-e51b-4c7e-aede-5f23b2e471f8,demo,no_response,Green these ok set where model them.,2026-05-19T08:05:15.855551
6c25f61e-0c3d-442b-a561-317c7d1c7f22,a8bdd25a-7c15-4dac-89c9-57adc2c6227a,d2c384c1-e51b-4c7e-aede-5f23b2e471f8,follow_up,negative,Song outside myself along social inside age.,2026-05-22T22:58:48.069036
34e4a675-3074-4af9-bd72-e90dc8363b72,a8bdd25a-7c15-4dac-89c9-57adc2c6227a,d2c384c1-e51b-4c7e-aede-5f23b2e471f8,demo,negative,Gas seat wife wife military heart final.,2026-04-29T07:03:25.303864
fc84e9a6-9572-44ee-968d-fe7db3e623df,a8bdd25a-7c15-4dac-89c9-57adc2c6227a,d2c384c1-e51b-4c7e-aede-5f23b2e471f8,demo,negative,Foot media single position participant week bit far around right option imagine his I.,2026-04-27T04:39:36.125576
21526d78-4c24-4dda-9ff6-9d85fd841a38,a8bdd25a-7c15-4dac-89c9-57adc2c6227a,d2c384c1-e51b-4c7e-aede-5f23b2e471f8,demo,neutral,International public send even amount court exactly probably put yeah agreement positive treat focus hope.,2026-05-14T14:00:44.715599
b97ce674-8736-4043-8a6c-08bb057927ef,5374bf9b-5c49-48e7-87f1-a7019085edab,2f1fc9c6-62e9-4db7-beba-707ee6a1d81a,follow_up,positive,Edge dinner guy pass detail effort western store within and whose relate.,2026-03-11T11:24:35.090227
752b50c6-2b29-4fa6-b522-afdb9365dc8c,5374bf9b-5c49-48e7-87f1-a7019085edab,2f1fc9c6-62e9-4db7-beba-707ee6a1d81a,email,neutral,Boy return already require important million daughter down every tree.,2026-05-17T02:52:17.996871
d8e0b9a8-cd84-4471-8094-d8c48bb800f7,454e275e-f8d7-499b-9ef9-8b9037022220,d2c384c1-e51b-4c7e-aede-5f23b2e471f8,email,neutral,Pm ability born standard face majority remain those lose skill why those sit exactly receive with.,2026-02-07T20:47:44.715777
0ccd9de8-68c6-40be-8eb6-e8a8a88b0c67,454e275e-f8d7-499b-9ef9-8b9037022220,d2c384c1-e51b-4c7e-aede-5f23b2e471f8,email,negative,Share offer join majority rock culture else involve still fall state there data approach.,2025-09-03T03:14:16.956807
435baaec-156e-43d4-abce-9c0f6c3c90fb,454e275e-f8d7-499b-9ef9-8b9037022220,d2c384c1-e51b-4c7e-aede-5f23b2e471f8,follow_up,negative,Whole type although arm it west ground prove good someone product change half.,2025-11-29T08:51:18.906748
f1e1fbf1-44bb-4706-bb73-e8f1c8d061f8,454e275e-f8d7-499b-9ef9-8b9037022220,d2c384c1-e51b-4c7e-aede-5f23b2e471f8,demo,neutral,Manage southern actually list ago their never put black create citizen boy response.,2025-12-06T10:15:52.132087
9462aad8-e41a-43bb-938d-9d381a4b8329,454e275e-f8d7-499b-9ef9-8b9037022220,d2c384c1-e51b-4c7e-aede-5f23b2e471f8,call,neutral,East really bed receive she miss decide democratic.,2025-09-08T13:58:15.790865
a13b8f46-72ce-4d8d-b943-9b10905d19c7,44244921-e4ae-4188-9d57-a1c64ae6875c,2f1fc9c6-62e9-4db7-beba-707ee6a1d81a,follow_up,negative,Collection not sense world a fall water anything thought performance interesting.,2026-04-20T08:57:44.368880
badee51e-b64f-416f-9bed-1caa23e70b97,44244921-e4ae-4188-9d57-a1c64ae6875c,2f1fc9c6-62e9-4db7-beba-707ee6a1d81a,meeting,neutral,Heavy what north local list student enter.,2026-05-04T06:07:27.178534
c989b472-2ec9-48f5-9a65-22cd08645c2f,44244921-e4ae-4188-9d57-a1c64ae6875c,2f1fc9c6-62e9-4db7-beba-707ee6a1d81a,call,negative,Young money couple add left series none degree activity course ago.,2026-04-10T01:37:32.259842
d6a46082-6af9-4e59-8faf-9daa6ff9f230,44244921-e4ae-4188-9d57-a1c64ae6875c,2f1fc9c6-62e9-4db7-beba-707ee6a1d81a,demo,neutral,Break nor impact a lay which test store head pick church young.,2026-03-30T06:27:44.224494
254c116f-55b4-479c-8aa3-9989c3a4d66d,44244921-e4ae-4188-9d57-a1c64ae6875c,2f1fc9c6-62e9-4db7-beba-707ee6a1d81a,demo,positive,Scientist that attention back step once level nation age time effect her hold final product bar.,2026-05-08T15:54:11.147912
0d5c635a-96f6-4fba-8b97-c7bd625e47db,3e500d65-9208-4193-a19c-43c2c216e8f4,2f1fc9c6-62e9-4db7-beba-707ee6a1d81a,meeting,no_response,Season commercial yeah support personal into friend both.,2025-08-18T17:23:19.224651
3935a86f-de09-4947-9ea2-355eef251c83,3e500d65-9208-4193-a19c-43c2c216e8f4,2f1fc9c6-62e9-4db7-beba-707ee6a1d81a,call,neutral,Break big wall rich detail door determine pretty cold high.,2025-05-29T00:51:18.543301
9f093130-a7ca-448a-909f-1206e63d5016,3e500d65-9208-4193-a19c-43c2c216e8f4,2f1fc9c6-62e9-4db7-beba-707ee6a1d81a,meeting,no_response,Line know wait without front child born.,2026-01-21T17:46:10.494021
789887a1-138e-4a98-b71a-26f196e9d84b,3e500d65-9208-4193-a19c-43c2c216e8f4,2f1fc9c6-62e9-4db7-beba-707ee6a1d81a,call,neutral,Half despite conference message impact avoid letter nearly song test project media box tend everyone.,2025-07-12T20:35:25.385796
b9e1d58e-982f-41a6-b302-ae0620bd876e,884f4f0a-c137-455e-8c8e-12ed31a7a714,87471b18-bfc0-4214-98fc-51cac106e539,email,positive,Second for attention large idea start pick region much sister ground bit.,2026-05-21T16:05:34.917145
5c2a7c32-2519-43d1-ad88-a1ca4e63a60e,884f4f0a-c137-455e-8c8e-12ed31a7a714,87471b18-bfc0-4214-98fc-51cac106e539,follow_up,negative,Compare certain movement factor Congress issue level nor.,2026-02-08T09:58:12.928700
bef3aa89-2a0c-48eb-a74c-f502bf374755,7eb313e9-2147-4c3a-a9bd-d83e46747622,a5754b11-ecdc-438a-afd5-4f23892cc5d5,email,negative,Year star level subject through people until hospital reality them thousand.,2026-04-28T01:27:08.546175
5ac7cd6b-e240-4040-841f-a78df09e65e8,7eb313e9-2147-4c3a-a9bd-d83e46747622,a5754b11-ecdc-438a-afd5-4f23892cc5d5,email,negative,Matter get everybody medical why history evening huge store church.,2026-05-17T19:09:13.060591
a30e5636-d356-4300-b56a-df729877add4,7eb313e9-2147-4c3a-a9bd-d83e46747622,a5754b11-ecdc-438a-afd5-4f23892cc5d5,call,neutral,North raise heart stock test positive great yard service every.,2026-05-01T05:25:59.002084
a1ea749d-2263-4fa1-9ade-8fea4ed6d4eb,7eb313e9-2147-4c3a-a9bd-d83e46747622,a5754b11-ecdc-438a-afd5-4f23892cc5d5,follow_up,neutral,Safe make allow individual a life notice serious material create mouth.,2026-04-27T06:56:47.791603
931126cc-4355-4e17-9eb2-dffeeaeeafc1,7eb313e9-2147-4c3a-a9bd-d83e46747622,a5754b11-ecdc-438a-afd5-4f23892cc5d5,follow_up,positive,Right most or thought study nor her court rich son back until behind.,2026-04-16T18:03:00.756589
6320b3b9-cf24-4870-910b-6e79e433fccc,7eb313e9-2147-4c3a-a9bd-d83e46747622,a5754b11-ecdc-438a-afd5-4f23892cc5d5,meeting,neutral,Investment run meeting important difficult beat sister staff pretty push citizen born move serious dark performance.,2026-05-11T11:42:34.517145
b1c1dcfd-9275-43c0-82c6-566a2b276bbc,7eb313e9-2147-4c3a-a9bd-d83e46747622,a5754b11-ecdc-438a-afd5-4f23892cc5d5,meeting,no_response,Language occur late this report another respond great.,2026-05-22T06:07:55.329209
ace2f4bd-3275-4b20-a10e-6e8dc288a860,b5d5e100-7ab4-4dd1-a7e4-d07fd4806a23,ed7d7474-e7ef-44b6-aab3-0ba018420e1c,email,no_response,Place truth region decision tend former above experience low ball focus couple street industry fall character.,2026-04-25T02:36:19.159795
945806ef-d790-4055-a0eb-8fbcc6c3a856,b5d5e100-7ab4-4dd1-a7e4-d07fd4806a23,ed7d7474-e7ef-44b6-aab3-0ba018420e1c,demo,no_response,Window picture join operation same election appear without agree.,2026-03-29T14:06:53.308869
e212cdaa-9e60-42ba-8ffc-2d052698b696,58e0cead-f467-425d-b067-0e5dbf8c644a,2f1fc9c6-62e9-4db7-beba-707ee6a1d81a,email,neutral,Reason improve woman entire box general positive since million.,2026-03-09T03:36:27.695141
42bc7537-126e-4684-b639-5650aed30499,58e0cead-f467-425d-b067-0e5dbf8c644a,2f1fc9c6-62e9-4db7-beba-707ee6a1d81a,email,positive,Knowledge play foot quality pick research action per your poor magazine instead necessary protect future should.,2026-03-09T17:53:49.437907
0b1bd1d9-dc21-4e22-9b56-754aeb68bcb8,58e0cead-f467-425d-b067-0e5dbf8c644a,2f1fc9c6-62e9-4db7-beba-707ee6a1d81a,meeting,negative,West industry gun authority employee type local those like.,2026-05-14T17:18:52.779704
30e1cbe9-a8c6-4f22-b86e-83a044a78a96,58e0cead-f467-425d-b067-0e5dbf8c644a,2f1fc9c6-62e9-4db7-beba-707ee6a1d81a,demo,positive,Feeling theory check view assume realize across.,2026-03-20T07:08:09.987458
e74a7cd2-c0df-40e7-a871-a0ed30427cee,58e0cead-f467-425d-b067-0e5dbf8c644a,2f1fc9c6-62e9-4db7-beba-707ee6a1d81a,follow_up,neutral,Support area material month hour business summer physical.,2026-03-02T15:49:50.937472
5e2a5bfd-b5f8-4887-b6eb-bdcbb5419196,7bbcd050-51d7-4aa7-8332-83ff71da624f,a5754b11-ecdc-438a-afd5-4f23892cc5d5,demo,neutral,Positive pick let space say choice she view offer article structure follow gas live market resource.,2026-04-22T12:53:26.409768
a40e60dc-bc7b-4961-b7fb-4dae79ea9056,7bbcd050-51d7-4aa7-8332-83ff71da624f,a5754b11-ecdc-438a-afd5-4f23892cc5d5,call,neutral,Sea leave through cut question sea talk politics hot pressure current next.,2026-01-06T05:22:03.338710
3a27e662-2948-45fd-b8b3-514dfda2eed6,7bbcd050-51d7-4aa7-8332-83ff71da624f,a5754b11-ecdc-438a-afd5-4f23892cc5d5,meeting,negative,Maintain material like to conference process society.,2026-04-27T16:35:04.902757
07e09723-5cbe-4974-a902-d37c5bb9187a,7bbcd050-51d7-4aa7-8332-83ff71da624f,a5754b11-ecdc-438a-afd5-4f23892cc5d5,meeting,neutral,Attorney central well seven we a war popular nation mission region.,2026-05-01T00:36:21.435766
641a5133-09b5-4f4f-9b4d-8fccd10de45d,7bbcd050-51d7-4aa7-8332-83ff71da624f,a5754b11-ecdc-438a-afd5-4f23892cc5d5,demo,neutral,Building benefit main pattern movement Mrs apply doctor all number shoulder.,2026-01-27T20:57:14.780942
01ae3922-b58c-42a0-84f9-2d976fe6ae3f,7bbcd050-51d7-4aa7-8332-83ff71da624f,a5754b11-ecdc-438a-afd5-4f23892cc5d5,call,no_response,Base soon among then find partner front hot.,2026-04-11T00:31:35.436257
54b8dd35-1775-439f-8705-43a8bc7a628a,7bbcd050-51d7-4aa7-8332-83ff71da624f,a5754b11-ecdc-438a-afd5-4f23892cc5d5,call,negative,Require among remember step enjoy strategy develop treat dark leg social family.,2026-02-01T19:52:38.736663
75a14447-ef0b-4833-8637-224c4d663975,6281a306-96d7-4c30-9578-b5c339f95ecf,a5754b11-ecdc-438a-afd5-4f23892cc5d5,meeting,no_response,Skin eight allow those sort your onto best model onto season decade computer similar.,2026-05-10T11:13:56.420773
ab188d7c-4f09-496c-947b-f37d189bb14d,6281a306-96d7-4c30-9578-b5c339f95ecf,a5754b11-ecdc-438a-afd5-4f23892cc5d5,follow_up,neutral,Bed leave how blue never home might candidate in instead measure weight.,2026-05-13T15:44:52.829588
4955a80b-186f-4aed-9a83-4b04dfeeef37,6281a306-96d7-4c30-9578-b5c339f95ecf,a5754b11-ecdc-438a-afd5-4f23892cc5d5,demo,negative,Worry purpose behind whom physical scientist everything air nature third our stage together nothing state.,2026-05-15T04:16:11.639416
7a3229ec-0367-4d30-bec0-d80b56c2bc27,6281a306-96d7-4c30-9578-b5c339f95ecf,a5754b11-ecdc-438a-afd5-4f23892cc5d5,demo,neutral,Home pretty story left poor fire should.,2026-05-10T01:08:44.809351
ebd6c5c8-3c7c-4435-94d0-c84279ecc885,6281a306-96d7-4c30-9578-b5c339f95ecf,a5754b11-ecdc-438a-afd5-4f23892cc5d5,meeting,neutral,Discuss off parent research onto walk take owner expert mouth skin floor between.,2026-05-12T12:04:31.849084
bccc82d0-548a-4a98-a226-ae8b07c06ce9,6281a306-96d7-4c30-9578-b5c339f95ecf,a5754b11-ecdc-438a-afd5-4f23892cc5d5,follow_up,positive,Drop practice manager within should think green.,2026-05-23T01:40:06.128508
d158d3a0-6c3e-43c8-8b5d-283722765f25,6281a306-96d7-4c30-9578-b5c339f95ecf,a5754b11-ecdc-438a-afd5-4f23892cc5d5,demo,negative,Level hundred sport radio hundred understand able his part.,2026-05-13T17:33:07.725589
0a8b9fbd-efa9-407a-8fd3-bc36d2d8d0cb,6281a306-96d7-4c30-9578-b5c339f95ecf,a5754b11-ecdc-438a-afd5-4f23892cc5d5,call,positive,Ok personal work generation time like participant.,2026-05-17T11:15:46.934641
ec5f21e0-d318-47a8-b2e2-b40c818edb3f,11ca9b91-61a9-4401-b410-9d364d96c2ec,7f3ae53d-7a26-4c3f-b716-aaed6f37379f,call,positive,Article cold body fly else buy term information pressure law positive onto produce read true trip.,2025-10-29T06:54:06.309988
9040cf33-f65e-4834-b858-fe613e5c940f,11ca9b91-61a9-4401-b410-9d364d96c2ec,7f3ae53d-7a26-4c3f-b716-aaed6f37379f,email,positive,Beyond effect college Mrs society husband ever law partner statement possible goal serious effort character.,2025-11-25T16:05:03.910717
27ed5ec6-6b5d-461c-9d30-53a7b9ad859b,11ca9b91-61a9-4401-b410-9d364d96c2ec,7f3ae53d-7a26-4c3f-b716-aaed6f37379f,call,no_response,South image least dinner arm example room.,2025-11-22T08:16:52.207095
5cb45ca0-18e3-4731-8487-300c40a3b10d,11ca9b91-61a9-4401-b410-9d364d96c2ec,7f3ae53d-7a26-4c3f-b716-aaed6f37379f,demo,positive,Provide bring factor anything whatever cold always listen return.,2025-12-31T17:51:56.037506
49952b9c-dbb0-4843-8ff3-727490000406,11ca9b91-61a9-4401-b410-9d364d96c2ec,7f3ae53d-7a26-4c3f-b716-aaed6f37379f,email,negative,Base others six deep night new tell but up stock provide no.,2026-04-08T09:49:02.569970
71d3253f-77d9-4a66-ab22-f99457ccf9dd,11ca9b91-61a9-4401-b410-9d364d96c2ec,7f3ae53d-7a26-4c3f-b716-aaed6f37379f,meeting,positive,Left my make record before discover every activity.,2025-11-15T03:29:09.594517
2674309f-a920-4ac0-8afe-7202e38b8110,11ca9b91-61a9-4401-b410-9d364d96c2ec,7f3ae53d-7a26-4c3f-b716-aaed6f37379f,meeting,positive,Easy control push second laugh bring with same minute.,2026-04-08T16:18:26.733027
1090f453-f501-4988-9c54-42eba91c6b87,11ca9b91-61a9-4401-b410-9d364d96c2ec,7f3ae53d-7a26-4c3f-b716-aaed6f37379f,meeting,positive,Return serve participant industry send list soldier man claim.,2026-04-30T11:02:12.701134
b6b95383-84c4-4f0a-a635-7e817856fc8f,fd7597ad-1e55-4f7b-818c-66c3930a2250,7526c649-bbdb-4001-a38d-9586cce08af3,email,positive,Music Republican gas artist fast general itself else staff people sign.,2026-01-22T17:39:52.764656
f9447ec4-09e4-433d-af13-93d3ae9fafe4,fd7597ad-1e55-4f7b-818c-66c3930a2250,7526c649-bbdb-4001-a38d-9586cce08af3,meeting,negative,Scene sometimes same international share once whether suggest final more.,2025-12-12T01:51:49.522963
f3f68bc4-9f64-4803-b86c-52e1496e1756,fd7597ad-1e55-4f7b-818c-66c3930a2250,7526c649-bbdb-4001-a38d-9586cce08af3,email,neutral,Expert red discuss describe author front right start address event hundred.,2026-01-23T15:04:39.108905
376f021a-5293-4f06-a64e-e771f97a0796,fd7597ad-1e55-4f7b-818c-66c3930a2250,7526c649-bbdb-4001-a38d-9586cce08af3,call,negative,Way with toward hope star debate only at enter give clear defense.,2026-02-01T10:29:35.927229
8a6a4d38-5d8c-48cd-b5b2-9ac8db3204a8,fd7597ad-1e55-4f7b-818c-66c3930a2250,7526c649-bbdb-4001-a38d-9586cce08af3,call,positive,Apply TV it woman even itself president.,2025-11-01T09:11:37.132372
0d2d2d74-e278-4329-80f1-4ecf51037c06,fd7597ad-1e55-4f7b-818c-66c3930a2250,7526c649-bbdb-4001-a38d-9586cce08af3,call,positive,Order trade particular energy share result expert organization sort in high catch plant movement majority.,2026-03-30T15:20:51.243207
6cc7c962-6464-4bc7-b073-f50b1948aef1,515e8239-2786-4060-9969-99b2059ee565,87471b18-bfc0-4214-98fc-51cac106e539,follow_up,negative,People time democratic notice example social name course but source language no no head.,2026-03-29T02:44:26.678935
e6d63ee1-e48f-4609-8793-b28c58fd349c,515e8239-2786-4060-9969-99b2059ee565,87471b18-bfc0-4214-98fc-51cac106e539,call,positive,Thank while affect child half bar culture letter forward between individual apply office four.,2026-04-16T17:03:36.931909
0c102722-33bc-405d-acd9-09cfc76f9bf8,515e8239-2786-4060-9969-99b2059ee565,87471b18-bfc0-4214-98fc-51cac106e539,meeting,negative,Ready section stage expect fact western evidence teach market activity consumer there put.,2025-09-20T05:41:47.601787
1b9a8cda-385d-453c-92d1-f3713ed4b928,515e8239-2786-4060-9969-99b2059ee565,87471b18-bfc0-4214-98fc-51cac106e539,demo,negative,College cup without try collection political crime important bed never left form pick seek reflect.,2025-09-13T10:23:11.412146
aacd9f90-b9b8-4612-9c40-2fd860dca1cf,861759d6-277b-436b-80d8-10a2e436bfd0,d2c384c1-e51b-4c7e-aede-5f23b2e471f8,call,positive,Team he for situation kitchen soon with artist start interesting report.,2025-07-09T08:24:12.536974
5a9af0cf-1fea-4b9a-ae35-233418d55f2c,861759d6-277b-436b-80d8-10a2e436bfd0,d2c384c1-e51b-4c7e-aede-5f23b2e471f8,call,negative,Growth different style for nearly push enjoy music partner.,2025-07-30T22:26:12.347924
1b176690-cba8-429b-ac92-8b939cdf34c4,861759d6-277b-436b-80d8-10a2e436bfd0,d2c384c1-e51b-4c7e-aede-5f23b2e471f8,call,positive,Maintain yard often answer suddenly water race unit just wife style however option.,2025-04-09T06:24:38.395801
c3766641-ffb4-404d-a465-f369e2e9d707,861759d6-277b-436b-80d8-10a2e436bfd0,d2c384c1-e51b-4c7e-aede-5f23b2e471f8,meeting,no_response,Of western eat trip particular us senior.,2026-05-13T13:41:53.295366
827116f0-aa7c-4a4a-9e51-1516ec53ffa3,861759d6-277b-436b-80d8-10a2e436bfd0,d2c384c1-e51b-4c7e-aede-5f23b2e471f8,email,neutral,Poor always especially history report marriage score born carry chance wall dream heavy population class put.,2025-06-06T12:35:10.082269
fcd22017-a06a-45ed-bff2-c2dd0b81bfc2,861759d6-277b-436b-80d8-10a2e436bfd0,d2c384c1-e51b-4c7e-aede-5f23b2e471f8,email,negative,But seat machine nice large happen care attention experience these arm investment voice.,2025-12-22T12:20:11.483524
638d1be0-258a-491f-9a63-b32ee7646bff,861759d6-277b-436b-80d8-10a2e436bfd0,d2c384c1-e51b-4c7e-aede-5f23b2e471f8,email,positive,Detail modern certain deal natural discover herself either move.,2025-06-13T21:51:26.451629
cc5b520b-d0d4-4371-906f-790c36ee1190,861759d6-277b-436b-80d8-10a2e436bfd0,d2c384c1-e51b-4c7e-aede-5f23b2e471f8,follow_up,positive,Their approach manage education whether boy peace remain realize standard physical.,2025-04-21T14:54:53.785001
e7483bb1-07d9-4193-b740-f39a7dfcfa73,92c3a367-aa68-4621-82ee-7d505b3cb191,7f3ae53d-7a26-4c3f-b716-aaed6f37379f,demo,neutral,Image past during single true help choice.,2026-04-17T20:21:54.614078
c9a55cd4-0c6a-4775-be25-cf0a94a22f08,92c3a367-aa68-4621-82ee-7d505b3cb191,7f3ae53d-7a26-4c3f-b716-aaed6f37379f,email,negative,Accept sport least trip mouth collection relationship.,2026-03-05T21:27:43.837916
8cf23550-5e4f-4e90-8b93-64bdcff255e1,92c3a367-aa68-4621-82ee-7d505b3cb191,7f3ae53d-7a26-4c3f-b716-aaed6f37379f,email,no_response,Letter which role outside create choose situation on involve left every age make.,2026-04-26T03:26:01.630094
b8683be0-6d73-4afe-9d17-6e22213dc09d,57dd84d0-948c-4160-99db-924e73a6651b,f2c0b9d2-c44d-4ae1-9353-3b3f3fc2a1c2,email,positive,Area job hear keep dog family best down ago high leader whose risk.,2025-12-14T05:28:24.083696
a676162f-78d5-4c11-84f5-a3e3de3423d1,57dd84d0-948c-4160-99db-924e73a6651b,f2c0b9d2-c44d-4ae1-9353-3b3f3fc2a1c2,call,positive,Administration huge send political phone play your authority bad fund again fine serious former.,2026-02-23T11:50:56.942107
d812bc9f-758a-4133-85ff-99f92813c039,57dd84d0-948c-4160-99db-924e73a6651b,f2c0b9d2-c44d-4ae1-9353-3b3f3fc2a1c2,call,negative,Various others Democrat culture part issue watch student much.,2026-03-18T03:13:05.864647
5648bf68-a3f6-4fb9-b43d-2f15e127162f,57dd84d0-948c-4160-99db-924e73a6651b,f2c0b9d2-c44d-4ae1-9353-3b3f3fc2a1c2,demo,neutral,Sometimes message sing wear thank seven south young determine turn.,2026-02-22T05:26:03.265460
edfd4804-deaa-44f9-8785-c597f9ece98a,57dd84d0-948c-4160-99db-924e73a6651b,f2c0b9d2-c44d-4ae1-9353-3b3f3fc2a1c2,demo,neutral,Capital better society color series often big role time.,2026-03-19T09:25:05.226256
d189e535-1d2d-490c-97d0-be29d3e29dc5,57dd84d0-948c-4160-99db-924e73a6651b,f2c0b9d2-c44d-4ae1-9353-3b3f3fc2a1c2,email,neutral,Green support else wish reflect election participant visit close student know industry.,2025-11-20T06:58:46.052704
bf5d095b-e376-4c36-be88-357ebf6f96ff,57dd84d0-948c-4160-99db-924e73a6651b,f2c0b9d2-c44d-4ae1-9353-3b3f3fc2a1c2,call,neutral,The body prevent entire subject popular food safe senior science expect particular stock.,2025-11-10T16:42:00.709753
dbaeb4ad-08c0-4a78-b751-7128281d8a15,57dd84d0-948c-4160-99db-924e73a6651b,f2c0b9d2-c44d-4ae1-9353-3b3f3fc2a1c2,follow_up,negative,Collection week them age over star usually effort over alone traditional.,2026-02-08T21:01:03.747880
bf2e24b6-b468-4ed8-a88b-5d3d4817bc32,1b6e7369-fdaf-4f81-acbe-972e670afe17,f2c0b9d2-c44d-4ae1-9353-3b3f3fc2a1c2,call,negative,International not scene purpose child discuss purpose than also.,2025-11-16T13:22:19.091091
4dc4c2dc-aa0d-4a38-bb04-35bbc9fd571c,1b6e7369-fdaf-4f81-acbe-972e670afe17,f2c0b9d2-c44d-4ae1-9353-3b3f3fc2a1c2,meeting,positive,Book great simply treatment speech read cup.,2026-01-19T08:18:14.851085
a450fe88-7df6-44e7-ade8-5b77e8b36139,1b6e7369-fdaf-4f81-acbe-972e670afe17,f2c0b9d2-c44d-4ae1-9353-3b3f3fc2a1c2,follow_up,neutral,Style quite wear morning pattern senior big song recognize piece Mr production resource ask.,2025-10-27T20:22:35.938471
c916d785-9bfb-4e7a-bb1f-40525156a167,1b6e7369-fdaf-4f81-acbe-972e670afe17,f2c0b9d2-c44d-4ae1-9353-3b3f3fc2a1c2,demo,neutral,Score despite answer forward bit material current speech message stuff just.,2025-11-28T08:47:31.502240
a3876500-9737-4bcc-bed1-163b7fd19451,1b6e7369-fdaf-4f81-acbe-972e670afe17,f2c0b9d2-c44d-4ae1-9353-3b3f3fc2a1c2,call,negative,Defense treat while course edge good goal plan power history house body.,2026-04-14T20:21:40.455800
2c5fc097-794a-4438-b154-86d26cab35af,8ffdf7d4-89d2-4d97-8e90-aa42a61c2cd1,ed7d7474-e7ef-44b6-aab3-0ba018420e1c,demo,neutral,Herself discuss or total feeling can outside talk attorney design.,2025-08-01T07:47:15.181337
1919a339-1a2a-4a83-83d8-f58aab2577ea,8ffdf7d4-89d2-4d97-8e90-aa42a61c2cd1,ed7d7474-e7ef-44b6-aab3-0ba018420e1c,email,neutral,Check west hand seat community miss understand tax on.,2025-05-09T04:30:37.253138
971c313d-263f-4c8e-ac11-3f6ed25e8820,8ffdf7d4-89d2-4d97-8e90-aa42a61c2cd1,ed7d7474-e7ef-44b6-aab3-0ba018420e1c,follow_up,positive,Ball until mean right guess under father line purpose give choice popular.,2025-07-16T21:27:13.988680
4a1c4945-1cbb-4ad3-be9f-796b2e7f49c7,8ffdf7d4-89d2-4d97-8e90-aa42a61c2cd1,ed7d7474-e7ef-44b6-aab3-0ba018420e1c,call,no_response,Foot item choose pretty measure public morning water hold.,2025-09-06T19:06:19.858931
e5e0bc61-8921-4133-93b9-b3c362429c5d,80fcb952-3641-43a5-a707-f31f7b3c2c69,87471b18-bfc0-4214-98fc-51cac106e539,email,neutral,Include PM black order health thus quality wide billion operation ahead popular field detail.,2026-04-24T01:27:48.836713
44d275c0-f5c6-4a5f-9980-60a807b54e74,80fcb952-3641-43a5-a707-f31f7b3c2c69,87471b18-bfc0-4214-98fc-51cac106e539,follow_up,neutral,Record situation student stock think voice attention pull.,2026-05-11T22:16:01.911452
b480e0ac-00e3-48f7-8888-778f72685cc4,80fcb952-3641-43a5-a707-f31f7b3c2c69,87471b18-bfc0-4214-98fc-51cac106e539,follow_up,negative,Sit baby pass drug outside staff continue certainly pull own debate wear understand heavy PM trial.,2025-11-02T15:09:19.506037
8672bcd7-0eb8-4d47-bdcd-67f5c7366725,80fcb952-3641-43a5-a707-f31f7b3c2c69,87471b18-bfc0-4214-98fc-51cac106e539,demo,no_response,True discover bit pattern benefit series up into now rate field significant.,2025-09-15T01:40:56.103335
b2a97c3c-30d1-474a-b18f-2cba2801b9f1,80fcb952-3641-43a5-a707-f31f7b3c2c69,87471b18-bfc0-4214-98fc-51cac106e539,call,positive,Step time example system door into south citizen camera begin goal each marriage.,2025-07-03T19:32:06.846264
408310f4-f940-495b-877b-a70818638786,80fcb952-3641-43a5-a707-f31f7b3c2c69,87471b18-bfc0-4214-98fc-51cac106e539,call,positive,Chance television cell product sell kid garden nature court.,2025-06-05T07:42:14.587467
6238809d-a279-44a5-ab66-7f8e8ad3d7c0,a8eed9aa-bc86-4d9d-ae43-e57501e46454,87471b18-bfc0-4214-98fc-51cac106e539,call,no_response,Point coach become lawyer individual impact old.,2026-01-11T12:02:21.787774
c0c40570-59c9-4904-a613-cd54bd83f033,a8eed9aa-bc86-4d9d-ae43-e57501e46454,87471b18-bfc0-4214-98fc-51cac106e539,demo,neutral,Cold after sense civil field myself wife chair know style price him.,2025-06-05T16:13:02.283213
21dcfe76-83a7-42bd-9820-4da63e02736f,a8eed9aa-bc86-4d9d-ae43-e57501e46454,87471b18-bfc0-4214-98fc-51cac106e539,follow_up,negative,East dinner black include recent high travel hospital see.,2025-06-28T08:49:09.611884
8853a4d4-271b-4b57-b4ff-48b4c5d19711,a8eed9aa-bc86-4d9d-ae43-e57501e46454,87471b18-bfc0-4214-98fc-51cac106e539,demo,negative,Safe plant store pretty single hope around challenge see nature low fill.,2026-03-03T05:30:27.809413
af0cf591-57df-4659-a44a-1cf2541cb242,e17c0de4-45c1-45d5-a34a-997b13236f6f,7f3ae53d-7a26-4c3f-b716-aaed6f37379f,follow_up,negative,Including today different cell miss that walk anyone much same tend wide stay help remain my.,2026-03-05T15:04:37.644130
d6f85cb1-2acc-48d7-aa86-82d0c8cd5afc,e17c0de4-45c1-45d5-a34a-997b13236f6f,7f3ae53d-7a26-4c3f-b716-aaed6f37379f,email,neutral,Fly risk start lot accept clear benefit radio maintain.,2026-03-17T18:42:18.202171
ae77453d-09c1-45e1-a231-8193607f43b3,ae306ff6-958e-4124-8362-90b0f506a45c,7f3ae53d-7a26-4c3f-b716-aaed6f37379f,call,neutral,Attack trip short staff teach air speak movie put blood let.,2025-11-13T01:45:10.328830
e803a6e9-dcfb-47dc-a61d-53e5363144e0,ae306ff6-958e-4124-8362-90b0f506a45c,7f3ae53d-7a26-4c3f-b716-aaed6f37379f,email,no_response,Benefit light number bag relationship treat various determine there.,2026-02-15T07:22:22.067786
5f8f3523-0711-4d66-bd88-8c45bf0358f6,ae306ff6-958e-4124-8362-90b0f506a45c,7f3ae53d-7a26-4c3f-b716-aaed6f37379f,email,neutral,Ability middle agency matter participant buy American type pattern little see foreign its force society free.,2025-11-17T07:49:52.677552
66e61b29-d2a3-4cf5-b97a-2c3e1d2574e2,ae306ff6-958e-4124-8362-90b0f506a45c,7f3ae53d-7a26-4c3f-b716-aaed6f37379f,demo,neutral,Security research evening key usually wide thus number animal that over live.,2025-05-19T18:09:33.443621
a1830c27-d728-49b6-b0aa-323bdd033966,ae306ff6-958e-4124-8362-90b0f506a45c,7f3ae53d-7a26-4c3f-b716-aaed6f37379f,call,neutral,Again study statement remain like teach full win positive see interest nature stand mother stuff.,2025-01-27T02:05:20.974602
98d74914-ed12-46b6-abc0-a02258c54414,89882bb3-ddc0-4008-be17-1fc0768aae48,d2c384c1-e51b-4c7e-aede-5f23b2e471f8,email,positive,Her example will firm while consider wait star social everything.,2026-04-12T11:36:12.439529
bc732d7c-95f3-41a6-a221-0f2e914c00b8,89882bb3-ddc0-4008-be17-1fc0768aae48,d2c384c1-e51b-4c7e-aede-5f23b2e471f8,call,no_response,After reality level mother college action ago.,2025-08-14T07:22:12.793220
a0587508-d869-4efa-8889-4a1673630f2c,89882bb3-ddc0-4008-be17-1fc0768aae48,d2c384c1-e51b-4c7e-aede-5f23b2e471f8,call,neutral,Never degree size book weight throughout money may around yet those market bed everybody.,2025-12-25T11:56:13.678187
4a116b15-2883-4bf8-91b6-7e132b529be3,89882bb3-ddc0-4008-be17-1fc0768aae48,d2c384c1-e51b-4c7e-aede-5f23b2e471f8,follow_up,positive,One soon whose hit sell ready action thank indeed skin memory sometimes whose.,2026-03-03T08:07:25.312894
911f63f1-7c86-4787-98c9-3f220610ed84,89882bb3-ddc0-4008-be17-1fc0768aae48,d2c384c1-e51b-4c7e-aede-5f23b2e471f8,email,positive,Remember when often condition lawyer information too health attack responsibility establish nice.,2025-05-22T20:13:06.860186
a18d958c-990a-4770-87d3-35101e4f8e76,89882bb3-ddc0-4008-be17-1fc0768aae48,d2c384c1-e51b-4c7e-aede-5f23b2e471f8,email,negative,Challenge baby seven age poor figure expert.,2025-12-27T09:38:14.342017
5f137119-3af4-491c-9916-4ed770cc7a94,89882bb3-ddc0-4008-be17-1fc0768aae48,d2c384c1-e51b-4c7e-aede-5f23b2e471f8,email,neutral,Material interesting use news community small live campaign already.,2026-04-21T17:39:42.825261
4346bde1-d2b5-48e0-aa99-71a98ca6cfed,a9b228e9-8ed5-4b64-9014-5dadd305256b,70828046-099d-4fe1-a262-4b11ec73efde,follow_up,neutral,Explain goal stop worry through hospital during popular.,2026-01-02T01:03:57.371725
e424e3a4-65c1-4133-a957-4fa278060cb6,a9b228e9-8ed5-4b64-9014-5dadd305256b,70828046-099d-4fe1-a262-4b11ec73efde,meeting,positive,Alone buy woman choice way run how nearly table science carry college next positive great necessary.,2026-02-28T21:56:26.991455
cd3d0576-cfca-4490-b4f5-b56ca6a0da0b,a9b228e9-8ed5-4b64-9014-5dadd305256b,70828046-099d-4fe1-a262-4b11ec73efde,email,negative,Performance consumer green less tough town like wish imagine school ability impact decision support want traditional.,2026-03-30T13:12:30.586893
c2cdd7b5-e0cb-4f5d-b8cd-b33b3dc06499,a9b228e9-8ed5-4b64-9014-5dadd305256b,70828046-099d-4fe1-a262-4b11ec73efde,meeting,negative,Central movement rise yard tree a eye word unit back great.,2026-01-09T11:52:45.212036
6d15fa71-f4f3-4fa6-b207-048a6f476848,a9b228e9-8ed5-4b64-9014-5dadd305256b,70828046-099d-4fe1-a262-4b11ec73efde,call,negative,Popular debate sign key medical money near go hospital very discuss relate though eight.,2026-03-29T02:50:36.360106
215b3e95-8247-4dfb-9e13-1a487f9d1003,a9b228e9-8ed5-4b64-9014-5dadd305256b,70828046-099d-4fe1-a262-4b11ec73efde,call,neutral,Easy outside little his happy public another color have thousand pattern system.,2026-04-28T17:04:06.307428
5fdcbf61-8077-4aa0-a17c-71f167197419,5507a74d-5e58-4f6a-ac98-6994f409b744,2f1fc9c6-62e9-4db7-beba-707ee6a1d81a,meeting,neutral,Network TV office government director continue whatever.,2025-05-31T12:23:37.416142
d87ae8a1-c827-46bf-8308-bbc2364e07c4,5507a74d-5e58-4f6a-ac98-6994f409b744,2f1fc9c6-62e9-4db7-beba-707ee6a1d81a,meeting,neutral,Movie particularly something push scene picture town future amount enjoy top.,2026-03-20T21:02:10.814418
b3beaf20-da59-4744-8a71-89188de97988,5507a74d-5e58-4f6a-ac98-6994f409b744,2f1fc9c6-62e9-4db7-beba-707ee6a1d81a,follow_up,neutral,Word between character future stay media protect media need other these woman property.,2025-05-06T13:03:10.356867
3255337f-30cc-4eeb-a132-b947449eff84,5507a74d-5e58-4f6a-ac98-6994f409b744,2f1fc9c6-62e9-4db7-beba-707ee6a1d81a,demo,positive,Man dog ball future listen key history never left international guy rise.,2025-08-17T16:39:25.120682
73232b5d-f3ae-4904-a6d8-38dc0ebf64ee,5507a74d-5e58-4f6a-ac98-6994f409b744,2f1fc9c6-62e9-4db7-beba-707ee6a1d81a,meeting,positive,Her then treatment another listen himself school own.,2025-04-14T20:51:09.504555
83975cd9-ba59-4373-8af6-7869ec6a8570,5507a74d-5e58-4f6a-ac98-6994f409b744,2f1fc9c6-62e9-4db7-beba-707ee6a1d81a,follow_up,positive,Manage establish production assume avoid ready teach Democrat dinner heart image believe job would piece pattern.,2025-03-31T14:12:57.813878
a3d1e121-56b6-44c1-9e79-4aaa12d9b9e3,5507a74d-5e58-4f6a-ac98-6994f409b744,2f1fc9c6-62e9-4db7-beba-707ee6a1d81a,email,positive,On because loss husband choose paper shoulder also film speak air former he prepare fact it.,2025-04-02T16:44:59.422139
5b6b3298-bb29-49c6-8ed6-6e2943b0f663,29cfc0a4-c0dd-4e72-9648-91b393d03886,ed7d7474-e7ef-44b6-aab3-0ba018420e1c,follow_up,negative,Create although remain democratic form whether report blood program so great center expect woman.,2025-12-14T18:46:56.106946
27aef897-4293-432a-a60d-1856d0287efb,29cfc0a4-c0dd-4e72-9648-91b393d03886,ed7d7474-e7ef-44b6-aab3-0ba018420e1c,call,positive,Speak agree from participant available organization assume teacher four husband knowledge miss soldier.,2025-10-24T06:30:28.111420
97e74e5e-7225-4431-b7fd-13a2e1dc7cea,1b5def58-7619-439e-9764-5c8bf41cd0bb,d2c384c1-e51b-4c7e-aede-5f23b2e471f8,call,no_response,Look reveal young set officer maybe dark low save quickly great physical cultural bank skill.,2026-01-04T21:32:53.649243
1e06b580-ed7a-4334-9683-0e7fd7642355,33b17367-3878-47f7-9797-7daa80623e89,70828046-099d-4fe1-a262-4b11ec73efde,email,positive,Voice run far face southern father federal term lawyer argue hot series focus way.,2025-12-03T20:16:51.115955
02ac8bda-694b-4937-a3de-5fe5b3c728f3,fe45516b-cf05-465e-87dd-b1b76a148038,2f1fc9c6-62e9-4db7-beba-707ee6a1d81a,demo,negative,Member section safe respond hair second among unit.,2026-03-11T15:14:19.874594
816d1e47-1324-4c8e-834f-bcde902b449d,fe45516b-cf05-465e-87dd-b1b76a148038,2f1fc9c6-62e9-4db7-beba-707ee6a1d81a,email,negative,Him hundred tend our agreement rich how nation manager already health indeed.,2026-03-19T02:06:42.978762
6a0f97a1-93df-42a4-ae2f-041e23310482,fe45516b-cf05-465e-87dd-b1b76a148038,2f1fc9c6-62e9-4db7-beba-707ee6a1d81a,call,neutral,Position rest eight statement series too establish show every.,2026-05-15T20:21:35.046679
abf67f9c-55dc-41f6-89fd-879889986c8b,fe45516b-cf05-465e-87dd-b1b76a148038,2f1fc9c6-62e9-4db7-beba-707ee6a1d81a,demo,positive,Most position never somebody huge Mrs she history age.,2026-03-27T14:31:04.987175
c8571d1c-22f6-42dd-a37b-b639d61071df,fe45516b-cf05-465e-87dd-b1b76a148038,2f1fc9c6-62e9-4db7-beba-707ee6a1d81a,email,positive,Me indeed win five cause college true candidate evidence skin great fine about still play own.,2026-03-01T00:29:50.640491
d73a70ff-77e2-45ca-954a-77084fa7a54d,fe45516b-cf05-465e-87dd-b1b76a148038,2f1fc9c6-62e9-4db7-beba-707ee6a1d81a,meeting,positive,Way pressure attention effect fast force six whom if buy once perform.,2026-03-25T18:39:04.385495
bd5a176b-ef94-48fd-b791-068ed92005be,12fdd047-4576-45f2-9f6d-8eaff9f50d3b,f2c0b9d2-c44d-4ae1-9353-3b3f3fc2a1c2,follow_up,neutral,Sing although table wear game article level miss argue everything since teach.,2025-10-06T04:26:48.383441
5a40c3dc-bd17-4d5a-a29f-b643bac3f7d7,12fdd047-4576-45f2-9f6d-8eaff9f50d3b,f2c0b9d2-c44d-4ae1-9353-3b3f3fc2a1c2,follow_up,negative,Religious experience policy other list husband run threat land place good allow best respond method.,2025-06-08T06:58:56.804827
bda17156-59f2-459c-b617-79a9685bd33a,a2461875-0d1f-47b6-98b4-891d0c0de09d,2f1fc9c6-62e9-4db7-beba-707ee6a1d81a,email,positive,Beautiful always hope president specific stock stage former final nearly laugh later foreign.,2026-05-10T21:57:32.955982
8ba269e4-ee41-42d4-b80c-8a090d2abc0a,e947b4bc-f655-40cf-b1f4-1370365abdad,2e0048a5-6ab0-4ac9-8e17-12c74e31ba4f,demo,positive,South agent participant foreign your little although just trial left into call people far per.,2026-04-03T14:45:16.870966
1e9da313-0676-4399-9cc0-07f17c62b58a,1ef9ed9b-0471-430d-bbe5-c0a1aa26f7dc,a5754b11-ecdc-438a-afd5-4f23892cc5d5,meeting,no_response,Bring image fly she however exactly last better wind serve book low while hotel something mind.,2025-12-26T13:15:13.914985
33db6bc8-d29f-495f-8061-e22ff10b9274,1ef9ed9b-0471-430d-bbe5-c0a1aa26f7dc,a5754b11-ecdc-438a-afd5-4f23892cc5d5,meeting,neutral,Compare oil set position prepare cut agreement less.,2025-12-29T20:05:05.225818
0315709b-4135-4d23-9abd-63dae1097bf7,1ef9ed9b-0471-430d-bbe5-c0a1aa26f7dc,a5754b11-ecdc-438a-afd5-4f23892cc5d5,follow_up,negative,Never number since American choose since mother letter that involve.,2026-03-03T12:46:12.403690
e58665f6-0d11-4251-91d2-8f3b7d00da03,1ef9ed9b-0471-430d-bbe5-c0a1aa26f7dc,a5754b11-ecdc-438a-afd5-4f23892cc5d5,meeting,neutral,Adult yes bring arm watch population news smile.,2026-04-06T13:19:53.582141
298690b0-da82-4e64-99a7-22893fec63ef,1ef9ed9b-0471-430d-bbe5-c0a1aa26f7dc,a5754b11-ecdc-438a-afd5-4f23892cc5d5,follow_up,no_response,Management line least suddenly later do cultural.,2026-03-20T16:10:54.082838
1c8f83b7-2e11-431c-9545-919af66cb759,1ef9ed9b-0471-430d-bbe5-c0a1aa26f7dc,a5754b11-ecdc-438a-afd5-4f23892cc5d5,follow_up,neutral,Along himself move chance decide father so role spend.,2026-01-28T07:38:19.284075
7b776487-db92-4e57-b76b-bb55974b3406,1ef9ed9b-0471-430d-bbe5-c0a1aa26f7dc,a5754b11-ecdc-438a-afd5-4f23892cc5d5,meeting,negative,Choose little travel including edge least win language.,2026-01-24T15:43:31.456375
d1ae5153-23dd-4e71-a4ee-f26ad42b3014,1ef9ed9b-0471-430d-bbe5-c0a1aa26f7dc,a5754b11-ecdc-438a-afd5-4f23892cc5d5,demo,no_response,Pull knowledge final want we detail wait himself for ball floor discussion.,2026-05-15T01:33:45.967197
e5c18cbd-ae29-4436-a46d-e9627a687216,92af4f51-796a-4c8f-b8cc-36560adef6e0,ed7d7474-e7ef-44b6-aab3-0ba018420e1c,follow_up,neutral,Interview dream education fill few head human card trade bag rock loss attorney business.,2026-04-21T21:30:24.382159
225ab497-252e-41e2-86fb-6d68b9275902,92af4f51-796a-4c8f-b8cc-36560adef6e0,ed7d7474-e7ef-44b6-aab3-0ba018420e1c,email,positive,Order enjoy hospital available his ever mention central price interview head manage through such.,2026-05-20T07:35:44.921492
98eeccc7-cdf7-4a43-8c92-d3c41683a64e,92af4f51-796a-4c8f-b8cc-36560adef6e0,ed7d7474-e7ef-44b6-aab3-0ba018420e1c,demo,positive,Front sort structure spend impact method sister alone toward watch spend check.,2026-05-02T10:32:20.038500
6745a35b-d960-4023-9d7d-b95ad9235ab6,92af4f51-796a-4c8f-b8cc-36560adef6e0,ed7d7474-e7ef-44b6-aab3-0ba018420e1c,follow_up,positive,Outside read second our participant lot appear which tonight table perform decision exist.,2026-05-19T23:16:45.264904
c7f41da6-3320-488e-be97-946722bf1141,612f1497-af36-4eb6-8850-bac1684f3602,70828046-099d-4fe1-a262-4b11ec73efde,meeting,positive,Attention third course administration all firm environmental better little agree town.,2026-05-21T09:58:00.673324
ccfd837a-a8f0-4fca-b184-9be26741fcb4,b90db1e7-c118-4130-8e96-c7414673a307,87471b18-bfc0-4214-98fc-51cac106e539,meeting,positive,Area hit rule inside knowledge provide tell body defense should specific if each.,2025-08-28T21:08:18.241765
2fa239f1-6098-4804-8b36-638c2ba1e184,b90db1e7-c118-4130-8e96-c7414673a307,87471b18-bfc0-4214-98fc-51cac106e539,follow_up,no_response,Site strong chance surface several hit leg meeting our.,2025-12-16T02:34:23.503378
55ad6102-0340-497d-b851-04f7db747c68,b90db1e7-c118-4130-8e96-c7414673a307,87471b18-bfc0-4214-98fc-51cac106e539,demo,positive,Accept part though deep responsibility occur father next edge clearly set capital language.,2026-01-01T09:29:57.321963
dadbab8f-bc70-49db-ad21-6ab20f365b62,b90db1e7-c118-4130-8e96-c7414673a307,87471b18-bfc0-4214-98fc-51cac106e539,call,no_response,Activity TV turn girl early once billion control produce property environmental most thought.,2026-02-20T00:02:08.442470
e46b7b76-5c02-40c6-bab1-1fdce0735bfc,b90db1e7-c118-4130-8e96-c7414673a307,87471b18-bfc0-4214-98fc-51cac106e539,email,neutral,Who simply raise author present learn upon final shake purpose various education usually share.,2026-03-27T17:29:32.613717
0db91330-59e6-4b4d-82ba-4b813b227db4,b90db1e7-c118-4130-8e96-c7414673a307,87471b18-bfc0-4214-98fc-51cac106e539,call,positive,Drop people war morning send but place dog Mr method lawyer.,2026-02-24T16:15:12.230950
7873ceb8-e874-4d89-a9f0-5be5aec6fc64,b90db1e7-c118-4130-8e96-c7414673a307,87471b18-bfc0-4214-98fc-51cac106e539,email,negative,Quality sometimes dog note wind receive usually program message forward practice responsibility design professional.,2026-02-08T02:08:43.040807
3c6d6762-09a8-4f3f-a09d-4e31b0cb6546,b56df3b5-9308-4c78-9e63-7a72522ba776,7f3ae53d-7a26-4c3f-b716-aaed6f37379f,meeting,negative,Data hundred put increase within receive off itself physical watch eat rich doctor continue.,2025-10-06T08:35:03.714950
8557d9a3-4e3c-4f55-8d10-d759e03b4a75,b56df3b5-9308-4c78-9e63-7a72522ba776,7f3ae53d-7a26-4c3f-b716-aaed6f37379f,call,negative,Play information as raise somebody figure at.,2026-02-14T18:39:22.957197
1a7afe13-407e-4bee-8280-651a0a688406,b56df3b5-9308-4c78-9e63-7a72522ba776,7f3ae53d-7a26-4c3f-b716-aaed6f37379f,follow_up,positive,Important green wonder both machine religious defense soon hospital artist new training.,2025-09-17T20:03:49.877205
d79a6be0-f56b-4f5c-bb51-e0573aa802e0,b56df3b5-9308-4c78-9e63-7a72522ba776,7f3ae53d-7a26-4c3f-b716-aaed6f37379f,demo,positive,Go one little from that sign leader our site happen quality staff thing office.,2025-08-01T02:32:22.522372
2b7365a4-702f-4c8a-bd4b-0b4daa05429d,b56df3b5-9308-4c78-9e63-7a72522ba776,7f3ae53d-7a26-4c3f-b716-aaed6f37379f,follow_up,positive,Common soon international beautiful culture attention beat entire thought seat military start ahead child.,2025-07-21T11:22:16.607728
febb89ec-1887-4617-a8e8-c4bb304034c6,b56df3b5-9308-4c78-9e63-7a72522ba776,7f3ae53d-7a26-4c3f-b716-aaed6f37379f,email,neutral,Whether effect capital experience then represent how consider home this describe fear.,2025-09-03T15:52:16.777224
fafe41e9-7b79-42e8-a805-915022a88f15,b56df3b5-9308-4c78-9e63-7a72522ba776,7f3ae53d-7a26-4c3f-b716-aaed6f37379f,meeting,no_response,Leader particularly agreement behavior piece level commercial sing service population thus investment off.,2026-01-07T10:51:07.479376
12c98844-a9e7-453b-85a7-b106c8743b33,eb9b5677-df07-4b1e-923f-b3971a8e4425,7f3ae53d-7a26-4c3f-b716-aaed6f37379f,meeting,neutral,Probably throughout threat human best work claim high old director everyone always she example south religious.,2026-03-20T23:06:42.419353
b16f1e30-8ee8-4d4c-be7a-64d633a4287f,eb9b5677-df07-4b1e-923f-b3971a8e4425,7f3ae53d-7a26-4c3f-b716-aaed6f37379f,meeting,positive,Until office water money decide evidence either property campaign management.,2025-05-20T02:39:42.757686
b4696f97-fb8b-49d4-b444-53d1087e6086,eb9b5677-df07-4b1e-923f-b3971a8e4425,7f3ae53d-7a26-4c3f-b716-aaed6f37379f,email,positive,Dog receive institution foot maybe trouble six peace election much structure talk production until officer.,2026-04-29T03:30:23.096905
739fb0d1-22d4-4ca1-a86a-7a1c9b4d0cb8,eb9b5677-df07-4b1e-923f-b3971a8e4425,7f3ae53d-7a26-4c3f-b716-aaed6f37379f,follow_up,positive,Exactly me scene now clearly pay each politics.,2025-07-21T06:28:27.223128
3c22e955-2fbb-4dd7-95fc-74cd9008a6df,eb9b5677-df07-4b1e-923f-b3971a8e4425,7f3ae53d-7a26-4c3f-b716-aaed6f37379f,call,positive,Against debate only whose institution answer whom them season serious need.,2026-02-04T07:27:58.966802
bbf460b0-ca42-434f-9908-b7c438ecfcea,eb9b5677-df07-4b1e-923f-b3971a8e4425,7f3ae53d-7a26-4c3f-b716-aaed6f37379f,demo,neutral,Any radio animal include city standard several brother table structure start admit.,2026-05-08T12:49:39.049430
bcfa66a5-9a6f-42e0-8211-4fda811f18aa,eb9b5677-df07-4b1e-923f-b3971a8e4425,7f3ae53d-7a26-4c3f-b716-aaed6f37379f,call,neutral,Too religious age doctor across later Congress.,2025-05-30T17:53:58.146124
ed91e820-5c28-4836-a860-8df07a002c3d,c7ab26f5-baab-48e3-a593-4053727d925b,70828046-099d-4fe1-a262-4b11ec73efde,demo,neutral,Want must home white sort management usually may side.,2026-01-31T11:28:34.023433
a7751681-d02c-44a3-8262-d83a6b94c920,c7ab26f5-baab-48e3-a593-4053727d925b,70828046-099d-4fe1-a262-4b11ec73efde,meeting,no_response,Try political culture force return billion police church have wrong strong likely.,2026-01-15T08:43:01.771033
89406e8a-40c9-4f03-90df-26be88c0714a,c7ab26f5-baab-48e3-a593-4053727d925b,70828046-099d-4fe1-a262-4b11ec73efde,call,positive,Already data figure subject will travel put hard again population Democrat.,2026-05-09T06:35:17.100305
26f1803f-7932-4d97-810a-6c04e53dea80,c7ab26f5-baab-48e3-a593-4053727d925b,70828046-099d-4fe1-a262-4b11ec73efde,meeting,negative,Process box service fear probably might impact choose lawyer us work speak yes.,2026-04-11T17:30:38.119581
43f5386f-0f40-4ffb-b6b8-b25c9c46b953,01954ad7-4e4e-4491-8ec8-7bd5dd6bd854,d2c384c1-e51b-4c7e-aede-5f23b2e471f8,email,negative,Green draw see low save change work along.,2026-03-21T00:11:59.483118
f64b0bd1-f5ec-4de4-8806-a9325c56e102,c3d2d23f-733c-425c-b53f-54fed1c17cbd,7f3ae53d-7a26-4c3f-b716-aaed6f37379f,email,positive,Condition town threat do boy fact trial include ability image.,2025-02-08T18:21:54.244227
5e16407d-7328-43de-9233-3baa14090df0,c3d2d23f-733c-425c-b53f-54fed1c17cbd,7f3ae53d-7a26-4c3f-b716-aaed6f37379f,email,no_response,Cup food choice since visit card perhaps.,2025-10-28T10:11:33.712806
dcaea60d-ceb3-47a7-a0fe-dda891a563f7,c3d2d23f-733c-425c-b53f-54fed1c17cbd,7f3ae53d-7a26-4c3f-b716-aaed6f37379f,demo,neutral,House plan bad least skill place model state along loss crime physical.,2025-05-28T09:04:24.765457
2f28c88f-cea6-4241-b478-555337b1c45c,c3d2d23f-733c-425c-b53f-54fed1c17cbd,7f3ae53d-7a26-4c3f-b716-aaed6f37379f,meeting,positive,While among charge different of admit single skin bar fast.,2025-10-04T14:04:49.942719
4a9fc68f-4c84-40ec-a8b3-24c588874073,c3d2d23f-733c-425c-b53f-54fed1c17cbd,7f3ae53d-7a26-4c3f-b716-aaed6f37379f,email,positive,Win already price thing land foreign development yet eye smile evening drug page main test.,2026-02-13T16:31:35.895299
81c9f5c0-5274-4fb4-aae0-3d21c03bc480,c3d2d23f-733c-425c-b53f-54fed1c17cbd,7f3ae53d-7a26-4c3f-b716-aaed6f37379f,demo,negative,Anyone fine early continue foot rich begin Mr room keep consider training.,2025-12-01T17:01:38.938560
2205f8c7-a163-4560-81c4-98e4f4065744,b9a51f9a-0821-48a5-a67a-e07edf8c0385,d2c384c1-e51b-4c7e-aede-5f23b2e471f8,call,neutral,Skill whatever catch consider away food hit choice remember five always player popular.,2026-01-03T05:26:24.165554
d947919b-0db2-4c84-86c2-6c00c903a71e,b9a51f9a-0821-48a5-a67a-e07edf8c0385,d2c384c1-e51b-4c7e-aede-5f23b2e471f8,email,positive,Financial describe many real significant region play ever.,2026-03-09T11:36:44.818561
246822b2-3dfe-48f8-bf81-6c7e4d8bf33a,b9a51f9a-0821-48a5-a67a-e07edf8c0385,d2c384c1-e51b-4c7e-aede-5f23b2e471f8,call,negative,Wait look step college can standard pressure special value eight marriage arm civil.,2025-12-15T23:55:35.612509
29f87b87-13eb-4288-8033-064cf4941778,b9a51f9a-0821-48a5-a67a-e07edf8c0385,d2c384c1-e51b-4c7e-aede-5f23b2e471f8,email,positive,Lot PM style hotel minute live list good pass serve site medical movie around card.,2026-04-03T16:00:56.871378
4f46fdee-9908-4026-b8d0-3dde7c6332f2,77e3d24e-a761-4591-951b-e4556d714163,70828046-099d-4fe1-a262-4b11ec73efde,meeting,negative,Beat reduce interesting along learn expert pay represent song argue in win.,2026-03-02T21:17:30.023603
3cf285af-5f58-4fa8-bfd3-9ff8f371381f,77e3d24e-a761-4591-951b-e4556d714163,70828046-099d-4fe1-a262-4b11ec73efde,call,neutral,Ability of after whether our section box inside new blood such network.,2026-02-01T17:04:36.695299
39a56ede-8dbd-4072-90c4-0801c8bf1189,77e3d24e-a761-4591-951b-e4556d714163,70828046-099d-4fe1-a262-4b11ec73efde,meeting,no_response,Treatment region fund daughter enough rest up left near.,2025-11-27T00:50:52.087600
842a2ec4-590e-4d5a-9798-b06b72908099,77e3d24e-a761-4591-951b-e4556d714163,70828046-099d-4fe1-a262-4b11ec73efde,call,positive,Until personal feel run garden evening argue law fire computer memory your important family.,2026-05-21T17:31:20.500072
b0cc28c6-ab25-443b-a31a-2bf1c683a98d,77e3d24e-a761-4591-951b-e4556d714163,70828046-099d-4fe1-a262-4b11ec73efde,call,positive,Trial mouth require already director account value really air successful break course best school risk.,2026-03-02T22:10:44.404552
1206ffb6-f980-4e70-912f-e73fa454fc9a,77e3d24e-a761-4591-951b-e4556d714163,70828046-099d-4fe1-a262-4b11ec73efde,demo,negative,Economy point either draw method less actually.,2026-02-04T07:58:31.620512
e46b343b-5a56-4abf-8bfb-352a32a6906f,77e3d24e-a761-4591-951b-e4556d714163,70828046-099d-4fe1-a262-4b11ec73efde,call,no_response,Remain add teach minute start especially impact product natural.,2025-09-01T09:36:20.128556
69141518-d40e-432e-b0e4-bc73a2b2410c,43a39045-b6cf-4184-9b8b-d24cf5cae483,7f3ae53d-7a26-4c3f-b716-aaed6f37379f,call,positive,Agreement authority make across participant family everything series.,2026-02-01T20:43:28.336149
62e7c2f5-0306-46ea-a1fa-fe60b959ed69,43a39045-b6cf-4184-9b8b-d24cf5cae483,7f3ae53d-7a26-4c3f-b716-aaed6f37379f,demo,positive,Husband young cold wind hit political thank include success.,2026-02-03T19:49:42.318634
d5f906f0-041d-45b1-95e8-eb85661bd76b,43a39045-b6cf-4184-9b8b-d24cf5cae483,7f3ae53d-7a26-4c3f-b716-aaed6f37379f,follow_up,neutral,Whatever professional message spend draw charge beautiful event who suffer day heart around health campaign local.,2025-08-15T03:04:12.118718
f54c6b52-0ee3-4099-80b1-e1b950b50537,43a39045-b6cf-4184-9b8b-d24cf5cae483,7f3ae53d-7a26-4c3f-b716-aaed6f37379f,demo,neutral,Usually ground hear network though clear million property mind to.,2026-01-17T09:48:08.240633
48f3cc8e-ae4f-4097-a879-f74a2141dcf3,43a39045-b6cf-4184-9b8b-d24cf5cae483,7f3ae53d-7a26-4c3f-b716-aaed6f37379f,demo,negative,Keep Mrs put still suddenly find law weight trouble building forget away.,2025-06-03T21:58:52.342248
99dde002-5413-44c4-8a92-e0cf2104d64f,43a39045-b6cf-4184-9b8b-d24cf5cae483,7f3ae53d-7a26-4c3f-b716-aaed6f37379f,email,neutral,Responsibility guess area consumer type draw today idea end series.,2025-09-30T07:45:01.527704
aabbbd42-d61d-4c96-a546-20d470c96372,1de528da-e21c-44cf-a12b-b3f0c4c13561,ed7d7474-e7ef-44b6-aab3-0ba018420e1c,meeting,positive,Who bank appear yet law tree do.,2026-04-02T10:30:29.197746
c6056ff2-143c-47f9-8ccb-68d364b9ae17,1de528da-e21c-44cf-a12b-b3f0c4c13561,ed7d7474-e7ef-44b6-aab3-0ba018420e1c,email,positive,Face much two war draw necessary gun health face education those.,2025-09-10T03:51:59.538910
4f02b1d1-e6c4-4db6-a272-b14996488fc4,1de528da-e21c-44cf-a12b-b3f0c4c13561,ed7d7474-e7ef-44b6-aab3-0ba018420e1c,follow_up,neutral,Me face relationship rule dream budget first purpose also message our attorney either cup watch between.,2025-10-02T04:13:39.952128
3457e6ca-3209-48f7-a31b-4ca2527af0a7,3d9b0d36-c6c5-4232-b687-34ffd460cec2,ed7d7474-e7ef-44b6-aab3-0ba018420e1c,demo,neutral,Program yet image performance fight surface stock stuff stand soldier every.,2026-04-17T06:55:20.848892
7251f657-9a30-4edc-bb01-1097614128f6,3d9b0d36-c6c5-4232-b687-34ffd460cec2,ed7d7474-e7ef-44b6-aab3-0ba018420e1c,follow_up,neutral,Day play could book design stay rest range series realize now.,2026-05-18T10:50:13.309273
956a7cf3-550d-483f-90a6-053cf25f59d6,3d9b0d36-c6c5-4232-b687-34ffd460cec2,ed7d7474-e7ef-44b6-aab3-0ba018420e1c,call,neutral,Generation big president anything into paper site.,2026-03-08T10:36:08.569205
90c2030d-0d09-40e4-885b-37f56928be21,3d9b0d36-c6c5-4232-b687-34ffd460cec2,ed7d7474-e7ef-44b6-aab3-0ba018420e1c,email,neutral,Consider still offer add add art drug most face.,2026-03-14T03:16:09.913761
746e3f1f-c71f-441d-b552-843c73c31ae0,3d9b0d36-c6c5-4232-b687-34ffd460cec2,ed7d7474-e7ef-44b6-aab3-0ba018420e1c,follow_up,positive,Light throughout remain hand answer enter own management feeling into authority quite although explain east.,2026-02-13T06:17:37.459673
5470f44a-579f-4e34-b516-1b36b35ad1e9,f49d442f-5ed2-4b39-bf5b-99e4bc5be9e0,70828046-099d-4fe1-a262-4b11ec73efde,demo,negative,New trial miss model learn minute network our painting director Mrs step best manage toward teach.,2026-03-11T05:50:20.202216
df21b3e1-ac62-4898-b0f2-a8115292ec25,e28a858e-57a0-4b55-924f-87ba1423b0c5,d2c384c1-e51b-4c7e-aede-5f23b2e471f8,demo,neutral,Stop attorney attack term difficult tough view.,2026-02-09T22:45:43.048711
e21173cf-c5c2-4d71-922f-8577f4c20d6b,e28a858e-57a0-4b55-924f-87ba1423b0c5,d2c384c1-e51b-4c7e-aede-5f23b2e471f8,demo,positive,Student pull year talk hope event do our scientist reveal often sea.,2026-03-25T04:08:24.252854
4da65651-a0fd-474d-9db1-3f43c4124445,e28a858e-57a0-4b55-924f-87ba1423b0c5,d2c384c1-e51b-4c7e-aede-5f23b2e471f8,follow_up,neutral,News positive have few relationship prove long find.,2026-05-05T17:17:20.187321
39d97933-3e2f-4fdc-aad0-8da3f6c0ce86,e28a858e-57a0-4b55-924f-87ba1423b0c5,d2c384c1-e51b-4c7e-aede-5f23b2e471f8,demo,positive,Central strategy west per race seven threat more ball company one seem.,2026-02-26T00:52:59.739872
630c46ca-e252-48a4-b2bb-fb7487b9c72a,e28a858e-57a0-4b55-924f-87ba1423b0c5,d2c384c1-e51b-4c7e-aede-5f23b2e471f8,call,positive,Ready hope value I they positive word by without measure material.,2025-11-22T22:12:06.106201
f587a9ae-c4d6-461a-9166-39eeb67df989,e28a858e-57a0-4b55-924f-87ba1423b0c5,d2c384c1-e51b-4c7e-aede-5f23b2e471f8,email,positive,Class pass wall suffer part remember between exactly still sport site front up else.,2026-04-06T06:04:35.708160
24169419-53e5-46ba-ab45-e9966ed96c30,7f128f92-d514-41c9-bad6-1cf6b1125e39,70828046-099d-4fe1-a262-4b11ec73efde,call,negative,Whose generation surface along end ago author next deal.,2026-03-07T17:41:32.315683
f57613c8-2725-4cf4-9f9c-dd16eb4feab3,7f128f92-d514-41c9-bad6-1cf6b1125e39,70828046-099d-4fe1-a262-4b11ec73efde,demo,neutral,Better could art public eight gas language ahead scene summer.,2026-04-05T01:33:34.053717
9a5a6495-ab88-4830-9249-6e0d71d029f0,7f128f92-d514-41c9-bad6-1cf6b1125e39,70828046-099d-4fe1-a262-4b11ec73efde,follow_up,no_response,Seek rock base recently dream professor religious writer certain stand.,2026-02-17T10:06:04.685683
9aa5d5b4-d8c1-4a01-b9fa-8897dfe6494a,7f128f92-d514-41c9-bad6-1cf6b1125e39,70828046-099d-4fe1-a262-4b11ec73efde,email,positive,Something reflect example attack language natural direction unit debate still boy consumer case.,2025-10-15T14:50:06.394690
7f140e0f-7149-454b-99a5-ec733d413b4d,7f128f92-d514-41c9-bad6-1cf6b1125e39,70828046-099d-4fe1-a262-4b11ec73efde,email,neutral,Scene thousand outside story find toward produce anyone.,2025-10-12T01:53:01.050426
12949d01-ca51-4181-86d4-c71151903652,7e4a0493-a058-44a6-b617-f1f29fc5ac1f,7526c649-bbdb-4001-a38d-9586cce08af3,email,neutral,Too popular who reality real science moment include hand themselves.,2026-05-07T04:05:28.305440
acec704e-69fd-43a1-b650-e69178207d17,0972b259-b63f-4bee-8249-cd65cc0f0b5a,2e0048a5-6ab0-4ac9-8e17-12c74e31ba4f,meeting,no_response,Administration last majority couple financial employee board too.,2025-11-20T07:05:48.491060
e4181b47-9b03-42b7-9543-fcdc90a67457,0972b259-b63f-4bee-8249-cd65cc0f0b5a,2e0048a5-6ab0-4ac9-8e17-12c74e31ba4f,email,positive,Feel thing school station he born knowledge effect close stuff key become morning.,2025-09-29T07:23:34.179883
97fb3700-e016-4c33-b75e-35e60deaa35c,0972b259-b63f-4bee-8249-cd65cc0f0b5a,2e0048a5-6ab0-4ac9-8e17-12c74e31ba4f,follow_up,neutral,Line never wife necessary color seek answer west car worry eight culture name step expert.,2025-06-17T21:06:18.902487
d7882c55-be80-44e8-9515-7f3f46a25f8e,0972b259-b63f-4bee-8249-cd65cc0f0b5a,2e0048a5-6ab0-4ac9-8e17-12c74e31ba4f,meeting,no_response,South social than treatment use bill soldier senior any.,2026-02-19T17:43:27.677527
a7332ebb-3549-4219-b84f-66322bdb69b2,0972b259-b63f-4bee-8249-cd65cc0f0b5a,2e0048a5-6ab0-4ac9-8e17-12c74e31ba4f,call,negative,Bill expect safe loss suggest also simply food sign indicate seat prevent trouble public smile.,2025-10-25T12:25:10.097431
ca7e5047-16f4-44fb-a935-b592c37af497,0972b259-b63f-4bee-8249-cd65cc0f0b5a,2e0048a5-6ab0-4ac9-8e17-12c74e31ba4f,meeting,no_response,Cost ask growth physical person save democratic usually just mission style city artist.,2025-06-03T00:14:03.645779
09526713-e184-42c8-9538-e882e6cc9588,0972b259-b63f-4bee-8249-cd65cc0f0b5a,2e0048a5-6ab0-4ac9-8e17-12c74e31ba4f,follow_up,positive,While social movement their police law continue another ten.,2025-06-26T15:35:41.148200
696860f6-a922-4184-8b47-46a58da370ce,5b8a52b9-a83f-4459-a438-d8aa85a3d802,bd4bb10e-e400-49c5-b578-c2be546c1562,demo,neutral,Rise western after class take might ok campaign receive front toward might yet.,2025-11-20T02:21:05.400198
c5c9f581-2cc2-466a-a914-acd8470d9edb,5b8a52b9-a83f-4459-a438-d8aa85a3d802,bd4bb10e-e400-49c5-b578-c2be546c1562,email,positive,Situation against hotel role despite it road resource provide name store prevent eye military affect.,2026-04-09T02:03:44.807045
ef6edae9-9487-4b80-a0ca-388fa745d68b,5b8a52b9-a83f-4459-a438-d8aa85a3d802,bd4bb10e-e400-49c5-b578-c2be546c1562,call,positive,Window of travel region require together when big.,2025-11-24T10:34:25.147914
b1a7cfcd-6567-48d2-a7a4-3efbe736e756,5b8a52b9-a83f-4459-a438-d8aa85a3d802,bd4bb10e-e400-49c5-b578-c2be546c1562,follow_up,positive,Rich answer raise will security almost society.,2025-10-24T00:55:35.255680
073a14c9-b179-4a7d-b738-0dfe017f5b89,b960a774-3e58-4c6e-a810-923fc70a1297,7f3ae53d-7a26-4c3f-b716-aaed6f37379f,call,neutral,Oil take response inside final social rock whose walk pass others among tough.,2026-04-25T17:37:59.798570
f331f893-bfa2-461d-a21c-7f468153653e,b960a774-3e58-4c6e-a810-923fc70a1297,7f3ae53d-7a26-4c3f-b716-aaed6f37379f,follow_up,positive,Pressure administration college imagine treatment contain training lose nothing remember care hot thus while ground international.,2026-03-03T04:28:49.797580
7b28fd2c-8bf9-4b25-bb03-50215af811a4,b960a774-3e58-4c6e-a810-923fc70a1297,7f3ae53d-7a26-4c3f-b716-aaed6f37379f,email,neutral,American star every whether pull likely system ability meet despite effect enough without method.,2026-02-06T04:00:46.179950
e9df83de-252f-460a-97a1-3bfe7f6c93e6,b960a774-3e58-4c6e-a810-923fc70a1297,7f3ae53d-7a26-4c3f-b716-aaed6f37379f,email,no_response,Choice wind debate ok control short go fire organization less.,2026-02-11T13:56:52.275478
af5d04b4-b884-437c-9247-41877208cac8,b960a774-3e58-4c6e-a810-923fc70a1297,7f3ae53d-7a26-4c3f-b716-aaed6f37379f,meeting,positive,Because trouble although firm assume necessary new present exactly task power hard tend.,2026-01-31T12:02:44.377864
865daa17-51a0-48df-b164-5c3c6cab923d,b960a774-3e58-4c6e-a810-923fc70a1297,7f3ae53d-7a26-4c3f-b716-aaed6f37379f,email,neutral,Down today consumer become successful quite moment walk help system audience television.,2025-12-28T01:59:49.147651
9a410047-3f41-4757-8a36-869a6c7d337b,b960a774-3e58-4c6e-a810-923fc70a1297,7f3ae53d-7a26-4c3f-b716-aaed6f37379f,email,negative,Start sense south impact pay ok ask could show.,2026-05-19T22:18:53.468749
7c9cbc8a-58d5-407a-a3cf-89f0ee458ca9,b960a774-3e58-4c6e-a810-923fc70a1297,7f3ae53d-7a26-4c3f-b716-aaed6f37379f,follow_up,no_response,Grow control soon fill notice attention enjoy number.,2025-12-21T17:58:17.309065
957d4a38-48c5-4e49-ad6d-7a5ed9625444,e09f5a77-07d5-479f-83b2-704a46444bc5,70828046-099d-4fe1-a262-4b11ec73efde,meeting,negative,Task lawyer baby attention investment four seem month image sea significant.,2026-01-28T01:08:35.137014
42aded71-7e97-4c9b-be81-908f14329442,e09f5a77-07d5-479f-83b2-704a46444bc5,70828046-099d-4fe1-a262-4b11ec73efde,demo,neutral,Deep reflect wear campaign behind woman consumer collection reason personal.,2026-04-03T15:42:22.076144
ff9b10b4-96f6-47a0-a0f7-2917a959cacb,e084f530-4079-49a6-af4f-1d78dc3a07b7,87471b18-bfc0-4214-98fc-51cac106e539,meeting,positive,Size remain draw employee everyone rule article recent time computer mouth that who mention standard particularly.,2026-04-25T00:49:10.941698
3521b6ed-c2c1-48ff-9519-768a7a7431ce,e084f530-4079-49a6-af4f-1d78dc3a07b7,87471b18-bfc0-4214-98fc-51cac106e539,email,neutral,Series artist bring drug Congress fly job media.,2025-07-22T17:22:27.516643
69fcbc11-a0c5-41e1-95a5-2cad0870a1b8,e084f530-4079-49a6-af4f-1d78dc3a07b7,87471b18-bfc0-4214-98fc-51cac106e539,demo,neutral,Write daughter fast relate each new her either energy it.,2025-11-13T07:22:41.316830
5f622ffa-495b-4490-bdd9-d802112fe1d9,e084f530-4079-49a6-af4f-1d78dc3a07b7,87471b18-bfc0-4214-98fc-51cac106e539,demo,neutral,Billion note political another actually whatever cultural be despite all.,2025-07-08T20:50:17.788542
b203df4c-dc2a-4fee-bdeb-f1167c628655,e084f530-4079-49a6-af4f-1d78dc3a07b7,87471b18-bfc0-4214-98fc-51cac106e539,email,neutral,Edge different him option approach conference for catch able commercial money.,2025-10-29T22:23:20.414113
35828a56-9a50-448d-bbf8-b565875e6950,e084f530-4079-49a6-af4f-1d78dc3a07b7,87471b18-bfc0-4214-98fc-51cac106e539,follow_up,neutral,Sister hotel name someone leg author near look sit who remember agreement decade.,2025-12-20T07:26:53.408656
